episode,step,reward,score,length,epsilon,loss
1,31,1.6861328125,0,31,0.9997055,nan
2,61,1.71484375,0,30,0.9994205,nan
3,95,2.1155273437499997,0,34,0.9990975,nan
4,126,1.67177734375,0,31,0.998803,nan
5,156,1.5825195312500004,0,30,0.998518,nan
6,186,1.71181640625,0,30,0.998233,nan
7,215,1.54541015625,0,29,0.9979575,nan
8,249,2.003906249999999,0,34,0.9976345,nan
9,280,1.8144531250000004,0,31,0.99734,nan
10,311,1.8277343750000004,0,31,0.9970455,nan
11,340,1.56396484375,0,29,0.99677,nan
12,371,1.7487304687499998,0,31,0.9964755,nan
13,404,2.0208984375,0,33,0.996162,nan
14,434,1.7273437500000002,0,30,0.995877,nan
15,465,1.67734375,0,31,0.9955825,nan
16,499,2.0921875,0,34,0.9952595,nan
17,528,1.6278320312500005,0,29,0.994984,nan
18,559,1.7721679687500007,0,31,0.9946895,nan
19,592,1.9879882812499994,0,33,0.994376,nan
20,623,1.7360351562500003,0,31,0.9940815,nan
21,653,1.5387695312500003,0,30,0.9937965,nan
22,684,1.827734374999999,0,31,0.993502,nan
23,715,1.6517578125000005,0,31,0.9932075,nan
24,748,1.9707031250000004,0,33,0.992894,nan
25,779,1.7640625000000005,0,31,0.9925995,nan
26,809,1.7154296875,0,30,0.9923145,nan
27,841,1.7102539062499997,0,32,0.9920105,nan
28,871,1.7252929687499998,0,30,0.9917255,nan
29,905,1.9974609374999992,0,34,0.9914025,nan
30,935,1.66689453125,0,30,0.9911175,nan
31,965,1.5634765625,0,30,0.9908325,nan
32,995,1.6725585937500003,0,30,0.9905475,nan
33,1028,1.7791992187499992,0,33,0.990234,nan
34,1062,2.00927734375,0,34,0.989911,nan
35,1093,1.6439453124999996,0,31,0.9896165,nan
36,1124,1.783203125,0,31,0.989322,nan
37,1153,1.6428710937500002,0,29,0.9890465,nan
38,1184,1.6322265625,0,31,0.988752,nan
39,1214,1.72802734375,0,30,0.988467,nan
40,1246,1.9137695312500003,0,32,0.988163,nan
41,1278,1.9257812500000004,0,32,0.987859,nan
42,1308,1.7238281249999994,0,30,0.987574,nan
43,1338,1.6422851562500003,0,30,0.987289,nan
44,1369,1.7576171875000002,0,31,0.9869945,nan
45,1399,1.72060546875,0,30,0.9867095,nan
46,1429,1.5721679687499996,0,30,0.9864245,nan
47,1460,1.7093749999999996,0,31,0.98613,nan
48,1490,1.6806640624999996,0,30,0.985845,nan
49,1522,1.7072265625000003,0,32,0.985541,nan
50,1552,1.7199218750000007,0,30,0.985256,nan
51,1582,1.7201171875,0,30,0.984971,nan
52,1615,1.84365234375,0,33,0.9846575,nan
53,1645,1.6973632812500004,0,30,0.9843725,nan
54,1676,1.5919921875000003,0,31,0.984078,nan
55,1707,1.6379882812499997,0,31,0.9837835,nan
56,1738,1.6648437500000002,0,31,0.9834890000000001,nan
57,1767,1.4455078124999998,0,29,0.9832135,nan
58,1796,1.59423828125,0,29,0.982938,nan
59,1828,1.9180664062500008,0,32,0.982634,nan
60,1859,1.6596679687500004,0,31,0.9823395,nan
61,1889,1.7271484375000004,0,30,0.9820545,nan
62,1921,1.9110351562499996,0,32,0.9817505,nan
63,1951,1.4970703124999996,0,30,0.9814655,nan
64,1982,1.8183593749999996,0,31,0.981171,nan
65,2013,1.8197265625,0,31,0.9808765,nan
66,2046,2.0033203125,0,33,0.980563,nan
67,2076,1.6363281250000004,0,30,0.980278,nan
68,2105,1.48525390625,0,29,0.9800025,nan
69,2135,1.611718750000001,0,30,0.9797175,nan
70,2165,1.6907226562500002,0,30,0.9794325,nan
71,2195,1.590234375,0,30,0.9791475,nan
72,2225,1.7308593750000005,0,30,0.9788625,nan
73,2255,1.6460937500000004,0,30,0.9785775,nan
74,2285,1.6858398437499997,0,30,0.9782925,nan
75,2314,1.6364257812500003,0,29,0.978017,nan
76,2344,1.7290039062500004,0,30,0.977732,nan
77,2374,1.612890625,0,30,0.977447,nan
78,2405,1.6779296875000003,0,31,0.9771525,nan
79,2435,1.67978515625,0,30,0.9768675,nan
80,2466,1.8197265625000005,0,31,0.976573,nan
81,2500,1.9523437500000003,0,34,0.97625,nan
82,2533,1.802734375,0,33,0.9759365,nan
83,2566,1.81005859375,0,33,0.975623,nan
84,2597,1.7013671874999998,0,31,0.9753285,nan
85,2627,1.6909179687500004,0,30,0.9750435,nan
86,2657,1.664453125,0,30,0.9747585,nan
87,2687,1.70224609375,0,30,0.9744735,nan
88,2721,2.0462890625,0,34,0.9741505,nan
89,2752,1.6911132812499998,0,31,0.973856,nan
90,2782,1.7072265624999998,0,30,0.973571,nan
91,2815,1.9050781250000002,0,33,0.9732575,nan
92,2844,1.6237304687499998,0,29,0.972982,nan
93,2873,1.4765624999999996,0,29,0.9727065,nan
94,2906,1.8623046875000004,0,33,0.972393,nan
95,2939,2.014550781249999,0,33,0.9720795,nan
96,2971,1.9236328125000006,0,32,0.9717755,nan
97,3001,1.560644531249999,0,30,0.9714905,nan
98,3031,1.64248046875,0,30,0.9712055,nan
99,3062,1.8237304687500004,0,31,0.970911,nan
100,3093,1.7415039062499997,0,31,0.9706165,nan
101,3124,1.82041015625,0,31,0.970322,nan
102,3154,1.7241210937500004,0,30,0.970037,nan
103,3184,1.6857421874999998,0,30,0.969752,nan
104,3213,1.5657226562500002,0,29,0.9694765,nan
105,3246,1.86708984375,0,33,0.969163,nan
106,3277,1.6537109375,0,31,0.9688685,nan
107,3310,1.8018554687499995,0,33,0.968555,nan
108,3340,1.5357421875000004,0,30,0.96827,nan
109,3371,1.74658203125,0,31,0.9679755,nan
110,3401,1.5264648437500004,0,30,0.9676905,nan
111,3432,1.6918945312500004,0,31,0.967396,nan
112,3464,1.9143554687499997,0,32,0.9670920000000001,nan
113,3494,1.5792968750000003,0,30,0.966807,nan
114,3525,1.5872070312500002,0,31,0.9665125,nan
115,3556,1.7287109374999994,0,31,0.966218,nan
116,3586,1.5500976562500006,0,30,0.965933,nan
117,3618,1.91455078125,0,32,0.965629,nan
118,3648,1.6828124999999998,0,30,0.965344,nan
119,3678,1.7230468750000005,0,30,0.965059,nan
120,3711,1.9355468749999996,0,33,0.9647455,nan
121,3741,1.5790039062500005,0,30,0.9644605,nan
122,3773,1.9019531250000004,0,32,0.9641565,nan
123,3805,1.8629882812500003,0,32,0.9638525,nan
124,3835,1.6310546875000003,0,30,0.9635675,nan
125,3870,2.20859375,0,35,0.963235,nan
126,3900,1.6126953125,0,30,0.96295,nan
127,3930,1.6982421875,0,30,0.962665,nan
128,3964,1.8883789062500007,0,34,0.962342,nan
129,3996,1.8426757812500005,0,32,0.962038,nan
130,4026,1.72177734375,0,30,0.961753,nan
131,4055,1.4625,0,29,0.9614775,nan
132,4087,1.89638671875,0,32,0.9611735,nan
133,4117,1.6531250000000002,0,30,0.9608885,nan
134,4149,1.89052734375,0,32,0.9605845,nan
135,4180,1.7384765625000003,0,31,0.96029,nan
136,4210,1.6842773437500003,0,30,0.960005,nan
137,4241,1.8178710937500004,0,31,0.9597105,nan
138,4274,1.8666015624999996,0,33,0.959397,nan
139,4304,1.53076171875,0,30,0.959112,nan
140,4335,1.8079101562500002,0,31,0.9588175,nan
141,4370,2.1925781250000003,0,35,0.958485,nan
142,4401,1.7040039062499996,0,31,0.9581905,nan
143,4432,1.82021484375,0,31,0.957896,nan
144,4464,1.720703125,0,32,0.957592,nan
145,4495,1.7624023437499994,0,31,0.9572975,nan
146,4526,1.6923828124999996,0,31,0.957003,nan
147,4558,1.7555664062500003,0,32,0.956699,nan
148,4589,1.8158203124999996,0,31,0.9564045,nan
149,4619,1.7276367187500004,0,30,0.9561195,nan
150,4650,1.7685546874999991,0,31,0.955825,nan
151,4682,1.8738281249999997,0,32,0.955521,nan
152,4715,2.009765625,0,33,0.9552075,nan
153,4746,1.72021484375,0,31,0.954913,nan
154,4776,1.7193359375000004,0,30,0.954628,nan
155,4810,2.0894531250000004,0,34,0.954305,nan
156,4840,1.7314453125,0,30,0.95402,nan
157,4870,1.6796874999999996,0,30,0.953735,nan
158,4901,1.8322265624999994,0,31,0.9534405,nan
159,4935,1.970703125,0,34,0.9531175000000001,nan
160,4965,1.72607421875,0,30,0.9528325,nan
161,4995,1.5681640625000002,0,30,0.9525475,nan
162,5025,1.7139648437500004,0,30,0.9522625,0.025191694498062134
163,5059,2.0214843750000004,0,34,0.9519395,0.037455394864082336
164,5091,1.7100585937500004,0,32,0.9516355,0.04133821278810501
165,5122,1.6936523437499997,0,31,0.951341,0.010891644284129143
166,5152,1.7232421875000004,0,30,0.951056,0.004658284597098827
167,5182,1.63916015625,0,30,0.950771,0.02095918543636799
168,5215,2.0038085937499996,0,33,0.9504575,0.007147646974772215
169,5245,1.5171875,0,30,0.9501725,0.010522803291678429
170,5281,2.2505859375,0,36,0.9498305,0.031073931604623795
171,5311,1.6203124999999998,0,30,0.9495455,0.02896800823509693
172,5343,1.7338867187500004,0,32,0.9492415,0.0017642598832026124
173,5374,1.6991210937500005,0,31,0.948947,0.016591332852840424
174,5404,1.6028320312499997,0,30,0.948662,0.011116503737866879
175,5436,1.8944335937500005,0,32,0.948358,0.003478486090898514
176,5466,1.6206054687499996,0,30,0.9480729999999999,0.019785629585385323
177,5495,1.6135742187499997,0,29,0.9477975,0.029773324728012085
178,5525,1.7322265625000002,0,30,0.9475125,0.02044215239584446
179,5554,1.6,0,29,0.947237,0.026398060843348503
180,5587,1.9592773437500002,0,33,0.9469235,0.02613915503025055
181,5620,1.7659179687500002,0,33,0.94661,0.018879439681768417
182,5650,1.73291015625,0,30,0.946325,0.014929894357919693
183,5682,1.8412109374999996,0,32,0.946021,0.015136554837226868
184,5713,1.7643554687499998,0,31,0.9457265,0.014223311096429825
185,5745,1.7873046874999998,0,32,0.9454225,0.010640192776918411
186,5779,2.0307617187500004,0,34,0.9450995,0.016809411346912384
187,5810,1.59853515625,0,31,0.944805,0.016387851908802986
188,5841,1.7350585937500003,0,31,0.9445105,0.022167006507515907
189,5871,1.6115234375000007,0,30,0.9442255,0.015484152361750603
190,5900,1.60107421875,0,29,0.94395,0.005152221769094467
191,5929,1.63046875,0,29,0.9436745,0.009383492171764374
192,5961,1.6943359375,0,32,0.9433705,0.012654753401875496
193,5992,1.8002929687500004,0,31,0.943076,0.025134148076176643
194,6022,1.7135742187500003,0,30,0.942791,0.01399095170199871
195,6052,1.6824218750000006,0,30,0.942506,0.007948510348796844
196,6082,1.6920898437500003,0,30,0.942221,0.00046726877917535603
197,6115,1.9948242187500003,0,33,0.9419075,0.002720588119700551
198,6145,1.6899414062499996,0,30,0.9416225,0.008838014677166939
199,6174,1.6263671875,0,29,0.941347,0.003505911212414503
200,6204,1.7083984375,0,30,0.941062,0.007975513115525246
201,6234,1.7067382812499998,0,30,0.940777,0.0065361615270376205
202,6267,2.0234374999999996,0,33,0.9404635,0.007999551482498646
203,6296,1.6137695312499996,0,29,0.940188,0.001299944706261158
204,6331,2.0488281249999996,0,35,0.9398555,0.0017737048910930753
205,6361,1.728515625,0,30,0.9395705,0.0035705268383026123
206,6390,1.4543945312499997,0,29,0.939295,0.010015545412898064
207,6420,1.6601562500000004,0,30,0.93901,0.0036631631664931774
208,6452,1.910546875,0,32,0.938706,0.007858207449316978
209,6485,1.988671875,0,33,0.9383925,0.0017703535268083215
210,6515,1.56455078125,0,30,0.9381075,0.0013420000905171037
211,6545,1.7310546875,0,30,0.9378225,0.005782557651400566
212,6575,1.6196289062499996,0,30,0.9375375,0.00023713783593848348
213,6604,1.63046875,0,29,0.937262,0.007297791540622711
214,6637,2.0060546875,0,33,0.9369485,0.008034039288759232
215,6667,1.7148437500000004,0,30,0.9366635,0.011870497837662697
216,6697,1.6061523437500003,0,30,0.9363785,0.004882485140115023
217,6727,1.7041015625,0,30,0.9360935,0.0037342384457588196
218,6757,1.6556640625,0,30,0.9358085,0.006938525475561619
219,6787,1.60556640625,0,30,0.9355235,0.005911842919886112
220,6817,1.58681640625,0,30,0.9352385,0.006103541702032089
221,6849,1.7555664062500003,0,32,0.9349345,0.005199950188398361
222,6879,1.6628906250000002,0,30,0.9346495,0.00035535608185455203
223,6909,1.72744140625,0,30,0.9343645,0.004382778890430927
224,6938,1.56796875,0,29,0.934089,0.009116975590586662
225,6967,1.4416015624999998,0,29,0.9338135,0.00897903647273779
226,6997,1.6624023437500002,0,30,0.9335285,0.0031931637786328793
227,7028,1.8259765624999993,0,31,0.933234,0.0023110192269086838
228,7057,1.617578125,0,29,0.9329585,0.00020758873142767698
229,7087,1.7239257812500006,0,30,0.9326735,0.0007983731338754296
230,7117,1.6774414062500003,0,30,0.9323885000000001,0.00015865889145061374
231,7150,1.9386718749999998,0,33,0.932075,0.0002520039852242917
232,7181,1.76015625,0,31,0.9317805,0.00018947728676721454
233,7212,1.7671875,0,31,0.931486,0.0009337309747934341
234,7248,2.0914062500000004,0,36,0.931144,0.00011788536357926205
235,7279,1.79208984375,0,31,0.9308495,0.0006769511383026838
236,7309,1.6750976562499997,0,30,0.9305645,0.0007940750219859183
237,7339,1.6681640625000003,0,30,0.9302795,0.00019885777146555483
238,7370,1.7338867187499996,0,31,0.9299850000000001,0.0014242010656744242
239,7400,1.7209960937499997,0,30,0.9297,0.00044521866948343813
240,7435,2.097753906250001,0,35,0.9293675,0.0003482538741081953
241,7465,1.6771484375000005,0,30,0.9290825,0.00028338812990114093
242,7495,1.6688476562500005,0,30,0.9287974999999999,0.0003205462417099625
243,7526,1.8202148437499996,0,31,0.928503,0.0003293463378213346
244,7558,1.8929687500000005,0,32,0.928199,0.0008147573098540306
245,7588,1.7243164062500007,0,30,0.927914,0.00019706253078766167
246,7620,1.8711914062499995,0,32,0.92761,0.002626328030601144
247,7650,1.7152343750000005,0,30,0.927325,8.571009675506502e-05
248,7682,1.9207031249999997,0,32,0.927021,0.0009120245231315494
249,7712,1.6808593750000003,0,30,0.926736,0.0007642310229130089
250,7743,1.8140624999999995,0,31,0.9264415,0.00046582805225625634
251,7772,1.5992187500000004,0,29,0.926166,0.0005919830873608589
252,7802,1.6748046875,0,30,0.925881,0.0008830809965729713
253,7833,1.8141601562499998,0,31,0.9255865,0.0006936599966138601
254,7865,1.8939453124999996,0,32,0.9252825,0.00015066475316416472
255,7899,2.0754882812500006,0,34,0.9249595,0.00034578502527438104
256,7931,1.8805664062499998,0,32,0.9246555,0.0007654672954231501
257,7961,1.6867187499999998,0,30,0.9243705,0.0006060466403141618
258,7993,1.9264648437500003,0,32,0.9240665,0.000670670298859477
259,8022,1.4657226562500005,0,29,0.923791,0.0017648445209488273
260,8058,2.2904296875,0,36,0.923449,0.0013428668025881052
261,8091,1.9150390625,0,33,0.9231355,0.0009928923100233078
262,8121,1.7037109375,0,30,0.9228505,0.0003105402283836156
263,8151,1.724609375,0,30,0.9225655,0.0004615458892658353
264,8180,1.6022460937499998,0,29,0.92229,0.00029628147603943944
265,8210,1.7247070312500004,0,30,0.922005,0.0004848922253586352
266,8245,2.0703125,0,35,0.9216725,0.0001266196632059291
267,8275,1.68857421875,0,30,0.9213875,0.001204834203235805
268,8308,1.8714843749999996,0,33,0.921074,0.00014813384041190147
269,8339,1.6386718749999991,0,31,0.9207795,0.0003243599785491824
270,8370,1.6969726562500003,0,31,0.920485,0.00030302166123874485
271,8400,1.64833984375,0,30,0.9202,0.0003460107836872339
272,8429,1.51953125,0,29,0.9199245,0.0005374011816456914
273,8473,2.9739257812500006,0,44,0.9195065,0.00018793328490573913
274,8506,1.7790039062499998,0,33,0.919193,0.0008457318181172013
275,8539,1.762597656250001,0,33,0.9188795000000001,0.0005768778501078486
276,8571,1.9124023437500006,0,32,0.9185755,0.0009491253294982016
277,8603,1.67529296875,0,32,0.9182715,0.0004171112668700516
278,8632,1.43369140625,0,29,0.917996,0.0002773278101813048
279,8662,1.6890625000000004,0,30,0.9177109999999999,0.0021559372544288635
280,8693,1.6360351562500006,0,31,0.9174165,0.00043717221706174314
281,8723,1.6807617187500004,0,30,0.9171315,0.0003545867803040892
282,8753,1.59130859375,0,30,0.9168465,0.0007680841372348368
283,8784,1.66220703125,0,31,0.916552,0.00011938654643017799
284,8818,2.0090820312499997,0,34,0.916229,0.00033694502781145275
285,8848,1.7111328124999998,0,30,0.915944,0.0002539193956181407
286,8878,1.56396484375,0,30,0.915659,0.0009205678361468017
287,8912,2.11279296875,0,34,0.915336,0.0002976807008963078
288,8942,1.71728515625,0,30,0.9150510000000001,0.0005016784416511655
289,8976,2.0225585937499995,0,34,0.914728,0.000261547917034477
290,9006,1.5329101562500003,0,30,0.914443,0.002667415887117386
291,9038,1.8152343750000006,0,32,0.914139,0.0007790052331984043
292,9069,1.6973632812499995,0,31,0.9138445,0.0010336993727833033
293,9100,1.8272460937500004,0,31,0.91355,0.00045711389975622296
294,9130,1.6298828125000004,0,30,0.913265,0.00041692322702147067
295,9160,1.7181640625,0,30,0.91298,0.0008183438912965357
296,9191,1.8209960937500003,0,31,0.9126855,0.0004809686215594411
297,9223,1.74404296875,0,32,0.9123815,0.0004424282815307379
298,9253,1.6430664062499996,0,30,0.9120965,0.0011214080732315779
299,9286,1.8821289062499997,0,33,0.911783,0.000328377092955634
300,9319,1.8190429687500007,0,33,0.9114695,0.00044161942787468433
301,9349,1.73134765625,0,30,0.9111845,0.00019928855181206018
302,9379,1.7179687500000003,0,30,0.9108995,0.0005586204351857305
303,9409,1.5015625000000004,0,30,0.9106145,0.000600723666138947
304,9442,1.956445312500001,0,33,0.910301,0.0007614224450662732
305,9475,2.01796875,0,33,0.9099875,0.0006985607906244695
306,9508,1.978906250000001,0,33,0.909674,0.0008288311655633152
307,9540,1.8781250000000003,0,32,0.90937,0.00017192904488183558
308,9570,1.7366210937499997,0,30,0.909085,0.0010802596807479858
309,9600,1.7261718750000004,0,30,0.9088,0.00019247854652348906
310,9629,1.6391601562500004,0,29,0.9085245,0.0002751106512732804
311,9658,1.6120117187500003,0,29,0.908249,0.00046721845865249634
312,9688,1.7244140624999997,0,30,0.907964,0.0005390871083363891
313,9720,1.91123046875,0,32,0.90766,8.048357994994149e-05
314,9752,1.6822265625000004,0,32,0.907356,0.000854967744089663
315,9782,1.7097656250000002,0,30,0.907071,0.0012122893240302801
316,9813,1.7758789062500004,0,31,0.9067765,0.00036802724935114384
317,9844,1.7732421875000006,0,31,0.906482,0.0004409306566230953
318,9874,1.7277343749999998,0,30,0.906197,0.0006539479363709688
319,9906,1.8998046875,0,32,0.9058930000000001,0.0002988061751239002
320,9940,2.0992187500000004,0,34,0.90557,0.0004688129702117294
321,9970,1.7238281249999998,0,30,0.905285,0.0001700714201433584
322,10001,1.7534179687499996,0,31,0.9049905,0.0036597284488379955
323,10030,1.5299804687499998,0,29,0.904715,0.000416387221775949
324,10062,1.8777343750000006,0,32,0.904411,0.0006146262749098241
325,10096,1.8951171875,0,34,0.904088,0.0010892970021814108
326,10127,1.7351562500000002,0,31,0.9037935,0.00016861145559232682
327,10162,2.1841796875000004,0,35,0.903461,6.089411908760667e-05
328,10193,1.8212890625,0,31,0.9031665,0.00010239035327685997
329,10223,1.7316406249999998,0,30,0.9028815,0.0003310281317681074
330,10253,1.609375,0,30,0.9025965,0.0001870984851848334
331,10284,1.65322265625,0,31,0.902302,0.0001710683573037386
332,10316,1.8573242187499996,0,32,0.901998,0.00031383230816572905
333,10348,1.9152343749999994,0,32,0.901694,0.00022717709362041205
334,10378,1.6660156249999996,0,30,0.901409,0.0002119446435244754
335,10412,2.0138671875,0,34,0.901086,0.00022492680000141263
336,10443,1.7316406250000003,0,31,0.9007915,0.0001304285106016323
337,10473,1.7252929687500003,0,30,0.9005065,0.0003158736799377948
338,10503,1.5520507812499997,0,30,0.9002215,0.0003510288952384144
339,10534,1.80126953125,0,31,0.899927,0.00020937237422913313
340,10566,1.8858398437499995,0,32,0.8996230000000001,0.00041049494757317007
341,10597,1.812109375,0,31,0.8993285,4.20224605477415e-05
342,10629,1.9119140625000002,0,32,0.8990245,0.0004023028304800391
343,10661,1.7293945312499996,0,32,0.8987205,0.0003094080020673573
344,10690,1.5167968750000003,0,29,0.898445,0.00026027049170807004
345,10720,1.7249999999999996,0,30,0.89816,0.0002454299828968942
346,10750,1.5330078125000002,0,30,0.897875,0.0003220346989110112
347,10782,1.8294921875,0,32,0.897571,6.936706631677225e-05
348,10819,2.3744140624999996,0,37,0.8972195000000001,0.00021451039356179535
349,10849,1.6977539062499996,0,30,0.8969345,0.0003767172456718981
350,10880,1.8130859375,0,31,0.89664,3.664723044494167e-05
351,10909,1.55869140625,0,29,0.8963645,0.0017965013394132257
352,10942,2.01376953125,0,33,0.896051,0.00019757484551519156
353,10980,2.46162109375,0,38,0.89569,0.00025243358686566353
354,11011,1.65517578125,0,31,0.8953955,0.0007692698854953051
355,11044,1.8990234375,0,33,0.895082,0.00037471757968887687
356,11078,1.8800781250000003,0,34,0.894759,0.0002005665737669915
357,11112,2.09873046875,0,34,0.894436,0.00020157586550340056
358,11141,1.4677734375,0,29,0.8941605,0.0009375012596137822
359,11171,1.7277343749999994,0,30,0.8938755,0.00022003496997058392
360,11204,1.9657226562499996,0,33,0.893562,4.705558967543766e-05
361,11236,1.8342773437499993,0,32,0.893258,0.00019458853057585657
362,11269,1.9884765625000003,0,33,0.8929445,0.00017223265604116023
363,11309,2.69912109375,0,40,0.8925645,0.00010318543354514986
364,11339,1.59951171875,0,30,0.8922795,0.0006579203763976693
365,11370,1.72509765625,0,31,0.891985,0.00025291243218816817
366,11404,1.9758789062500002,0,34,0.891662,0.00012389975017867982
367,11435,1.8193359375,0,31,0.8913675,0.0005393984029069543
368,11467,1.8063476562500003,0,32,0.8910635,6.668426067335531e-05
369,11501,1.9462890625000004,0,34,0.8907405,0.00022468548559118062
370,11535,2.1013671874999993,0,34,0.8904175,0.0005701227346435189
371,11566,1.6070312500000004,0,31,0.890123,0.00018417237151879817
372,11600,2.05244140625,0,34,0.8898,0.00010534636385273188
373,11633,1.8683593750000003,0,33,0.8894865,0.00015249737771227956
374,11667,1.9165039062500004,0,34,0.8891635,7.539014768553898e-05
375,11697,1.70009765625,0,30,0.8888785,0.00010958596976706758
376,11727,1.7216796875000004,0,30,0.8885935,0.00035036110784858465
377,11757,1.7259765625,0,30,0.8883085000000001,7.315004768315703e-05
378,11788,1.8011718749999996,0,31,0.888014,0.00018135830760002136
379,11822,2.10439453125,0,34,0.887691,4.8329937271773815e-05
380,11854,1.7928710937500005,0,32,0.887387,0.0002785333781503141
381,11885,1.7098632812500005,0,31,0.8870925000000001,8.332665311172605e-05
382,11916,1.6583984374999998,0,31,0.886798,0.00011307905515423045
383,11947,1.6818359375000007,0,31,0.8865035,0.0002325172972632572
384,11979,1.9169921874999996,0,32,0.8861995,0.00010523049422772601
385,12009,1.6635742187500004,0,30,0.8859145,0.0012229480780661106
386,12039,1.5493164062500004,0,30,0.8856295000000001,0.00013737163681071252
387,12071,1.6944335937499995,0,32,0.8853255,8.867340511642396e-05
388,12102,1.8288085937499998,0,31,0.885031,0.00029989000177010894
389,12133,1.8040039062499997,0,31,0.8847365,0.00010328581265639514
390,12164,1.8007812499999991,0,31,0.884442,7.26354555808939e-05
391,12194,1.64111328125,0,30,0.884157,0.0008070143521763384
392,12229,1.9608398437500005,0,35,0.8838245,0.00013474725710693747
393,12258,1.5994140625000006,0,29,0.883549,0.00015375218936242163
394,12291,1.954394531250001,0,33,0.8832355000000001,0.00010348778596380726
395,12325,1.9550781249999996,0,34,0.8829125,0.00020054655033163726
396,12358,1.9255859375000006,0,33,0.882599,6.586748349945992e-05
397,12390,1.876953125,0,32,0.882295,0.0001289524807361886
398,12421,1.78701171875,0,31,0.8820005,5.2997009333921596e-05
399,12451,1.5758789062500003,0,30,0.8817155,8.592447557020932e-05
400,12485,1.9489257812500003,0,34,0.8813925,4.164805795880966e-05
401,12514,1.4701171875,0,29,0.881117,0.0002229720412287861
402,12549,1.9490234374999997,0,35,0.8807845,0.00011554705997696146
403,12582,1.9544921875,0,33,0.880471,0.00010561865201452747
404,12614,1.8706054687499996,0,32,0.880167,4.274991079000756e-05
405,12648,1.8923828124999997,0,34,0.879844,6.20810387772508e-05
406,12678,1.6110351562500003,0,30,0.879559,0.00018718144565355033
407,12707,1.63046875,0,29,0.8792835,5.39530701644253e-05
408,12739,1.8192382812500005,0,32,0.8789795,0.00022059527691453695
409,12771,1.8587890624999996,0,32,0.8786755,0.00011609261855483055
410,12803,1.7937500000000002,0,32,0.8783715,3.6883917346131057e-05
411,12836,1.9703125,0,33,0.878058,4.6307766751851887e-05
412,12871,2.15263671875,0,35,0.8777255,7.701010326854885e-05
413,12901,1.7272460937500003,0,30,0.8774405,0.00011297500168439001
414,12937,2.119140625,0,36,0.8770985,0.00010069608106277883
415,12970,2.0046874999999993,0,33,0.876785,6.731437315465882e-05
416,13001,1.8277343750000004,0,31,0.8764905000000001,0.003329605795443058
417,13034,2.00927734375,0,33,0.876177,0.00015600386541336775
418,13067,1.7732421874999997,0,33,0.8758635,8.870536112226546e-05
419,13097,1.507421875,0,30,0.8755785,0.00019045788212679327
420,13128,1.616796875,0,31,0.875284,5.4728181567043066e-05
421,13158,1.7210937499999996,0,30,0.874999,9.146623051492497e-05
422,13193,2.02275390625,0,35,0.8746665,4.126774365431629e-05
423,13224,1.7285156250000004,0,31,0.874372,6.982839113334194e-05
424,13256,1.7593750000000004,0,32,0.874068,9.577775199431926e-05
425,13287,1.68662109375,0,31,0.8737735,8.126311877276748e-05
426,13318,1.8212890625,0,31,0.873479,6.989315443206578e-05
427,13350,1.9246093750000002,0,32,0.873175,6.949804810574278e-05
428,13380,1.6115234375000003,0,30,0.8728899999999999,0.0001210602349601686
429,13411,1.58486328125,0,31,0.8725955,0.00012726116983685642
430,13442,1.7072265625000003,0,31,0.872301,0.00011291833652649075
431,13477,2.1863281249999993,0,35,0.8719685,0.00015157528105191886
432,13512,2.0361328125,0,35,0.8716360000000001,6.831949576735497e-05
433,13542,1.6167968749999995,0,30,0.871351,8.040847023949027e-05
434,13574,1.75966796875,0,32,0.871047,5.9008089010603726e-05
435,13605,1.706640625,0,31,0.8707525,7.036332681309432e-05
436,13638,1.9401367187500003,0,33,0.870439,7.527574052801356e-05
437,13669,1.7394531250000003,0,31,0.8701445,0.0001958427019417286
438,13704,1.9982421874999998,0,35,0.869812,6.064861372578889e-05
439,13738,2.0929687500000003,0,34,0.869489,0.00012448168126866221
440,13768,1.6216796875,0,30,0.869204,3.602071956265718e-05
441,13800,1.9217773437499996,0,32,0.8689,4.170792817603797e-05
442,13830,1.7321289062499998,0,30,0.868615,7.314822869375348e-05
443,13861,1.8236328125000005,0,31,0.8683205,7.508680573664606e-05
444,13893,1.8912109375,0,32,0.8680165,7.424561772495508e-05
445,13927,2.0479492187500004,0,34,0.8676935,5.859115481143817e-05
446,13965,2.2591796875000005,0,38,0.8673325000000001,6.60966252326034e-05
447,13998,2.0075195312500003,0,33,0.867019,5.901150871068239e-05
448,14028,1.6705078125000008,0,30,0.866734,0.00026240432634949684
449,14062,2.10703125,0,34,0.866411,9.160430636256933e-05
450,14092,1.5688476562500004,0,30,0.866126,4.8139710997929797e-05
451,14124,1.9279296875000003,0,32,0.865822,3.0126060664770193e-05
452,14156,1.7087890625000006,0,32,0.865518,3.934020787710324e-05
453,14188,1.9083007812500004,0,32,0.865214,7.449010445270687e-05
454,14218,1.5472656249999996,0,30,0.8649290000000001,0.00016267664614133537
455,14249,1.81396484375,0,31,0.8646345,8.202739263651893e-05
456,14282,1.8702148437500004,0,33,0.864321,0.0005221465835347772
457,14313,1.64248046875,0,31,0.8640265,0.00011583735613385215
458,14348,1.9966796875000004,0,35,0.863694,5.529129703063518e-05
459,14381,1.7933593749999996,0,33,0.8633805,6.131674308562651e-05
460,14414,1.8249023437500007,0,33,0.863067,3.0538813007296994e-05
461,14447,1.9149414062499992,0,33,0.8627535,9.227451664628461e-05
462,14476,1.4982421874999998,0,29,0.862478,7.900893251644447e-05
463,14511,2.1521484374999997,0,35,0.8621455,0.00027478468837216496
464,14543,1.9115234375,0,32,0.8618415,9.97744282358326e-05
465,14575,1.9055664062500006,0,32,0.8615375000000001,0.00010126829147338867
466,14606,1.736328125,0,31,0.861243,0.00012946415517944843
467,14638,1.85927734375,0,32,0.860939,0.00010358716826885939
468,14672,2.0130859375,0,34,0.860616,0.00045455581857822835
469,14703,1.8093749999999997,0,31,0.8603215,0.00014845038822386414
470,14737,1.9970703125000004,0,34,0.8599985,0.0003895444970112294
471,14768,1.8284179687500002,0,31,0.859704,8.130044443532825e-05
472,14799,1.66640625,0,31,0.8594094999999999,6.894111720612273e-05
473,14831,1.8821289062499997,0,32,0.8591055000000001,0.0008768330444581807
474,14864,1.9868164062500004,0,33,0.858792,8.333656296599656e-05
475,14897,2.00263671875,0,33,0.8584785,8.742811041884124e-05
476,14927,1.7331054687500003,0,30,0.8581935,5.149786375113763e-05
477,14961,2.063183593750001,0,34,0.8578705,0.00010964598186546937
478,14991,1.59755859375,0,30,0.8575855,0.0009513752302154899
479,15023,1.8870117187500002,0,32,0.8572815,0.0006475089467130601
480,15054,1.6639648437499996,0,31,0.8569869999999999,0.00011089522740803659
481,15086,1.8487304687500004,0,32,0.856683,0.000245357834501192
482,15120,2.0354492187500006,0,34,0.85636,6.716556526953354e-05
483,15151,1.7702148437500003,0,31,0.8560655,0.00010195744107477367
484,15182,1.6461914062500003,0,31,0.8557710000000001,0.00017397110059391707
485,15212,1.7307617187499997,0,30,0.855486,0.00013016312732361257
486,15241,1.5401367187500004,0,29,0.8552105,0.0002576473052613437
487,15272,1.71201171875,0,31,0.854916,0.0001435157173546031
488,15303,1.6537109375,0,31,0.8546215,8.174195681931451e-05
489,15337,1.8609375000000004,0,34,0.8542985,9.37077566049993e-05
490,15368,1.7554687499999995,0,31,0.854004,5.2139304898446426e-05
491,15414,3.0687500000000005,0,46,0.853567,5.3367191867437214e-05
492,15443,1.5266601562499997,0,29,0.8532915,7.488731353078038e-05
493,15476,2.0043945312499996,0,33,0.852978,0.00011347209510859102
494,15508,1.86826171875,0,32,0.852674,4.871041892329231e-05
495,15550,2.846875,0,42,0.852275,0.00010358382132835686
496,15583,2.0053710937499996,0,33,0.8519615,0.0001088748176698573
497,15614,1.6419921874999996,0,31,0.851667,0.0006150866392999887
498,15645,1.6891601562500003,0,31,0.8513725,6.365055742207915e-05
499,15675,1.69931640625,0,30,0.8510875,7.602277037221938e-05
500,15707,1.81826171875,0,32,0.8507835,6.550990656251088e-05
501,15737,1.6560546874999997,0,30,0.8504985,0.0002938777906820178
502,15771,2.11884765625,0,34,0.8501755,3.342513446114026e-05
503,15803,1.6959960937499998,0,32,0.8498715,7.032041321508586e-05
504,15839,2.316015625,0,36,0.8495295,5.462578701553866e-05
505,15870,1.7690429687500004,0,31,0.849235,7.025156810414046e-05
506,15900,1.7244140625000006,0,30,0.84895,0.00013256995589472353
507,15929,1.5773437499999998,0,29,0.8486745,4.6110715629765764e-05
508,15961,1.8538085937499997,0,32,0.8483705,0.00024702545488253236
509,15994,1.947265625,0,33,0.8480570000000001,7.114335312508047e-05
510,16028,2.09931640625,0,34,0.847734,0.00026609827182255685
511,16058,1.7291992187500003,0,30,0.847449,0.00010791658132802695
512,16090,1.7952148437500006,0,32,0.847145,0.004035170655697584
513,16122,1.8786132812499998,0,32,0.846841,0.00017460825620219111
514,16155,1.999707031249999,0,33,0.8465275,3.180657222401351e-05
515,16189,2.07646484375,0,34,0.8462045,3.2730753446230665e-05
516,16220,1.6097656249999996,0,31,0.8459099999999999,0.0002150015061488375
517,16257,2.2716796875000003,0,37,0.8455585,0.00015314569463953376
518,16290,1.7879882812500005,0,33,0.845245,8.687465015100315e-05
519,16322,1.91123046875,0,32,0.8449409999999999,0.0003659904468804598
520,16352,1.52880859375,0,30,0.8446560000000001,0.0001007122264127247
521,16384,1.7099609375000004,0,32,0.844352,6.366363231791183e-05
522,16415,1.8138671875,0,31,0.8440575,8.459394302917644e-05
523,16447,1.86240234375,0,32,0.8437535,0.00034393364330753684
524,16478,1.8155273437500004,0,31,0.843459,0.00022243116109166294
525,16510,1.840234375,0,32,0.843155,5.6088400015141815e-05
526,16543,1.7476562500000004,0,33,0.8428415,9.403150761500001e-05
527,16578,2.1083984375000004,0,35,0.842509,5.2045274060219526e-05
528,16611,1.7982421875,0,33,0.8421955,3.4586613764986396e-05
529,16641,1.5335937499999996,0,30,0.8419105,0.00014198143617250025
530,16671,1.6730468750000003,0,30,0.8416255,6.527071673190221e-05
531,16701,1.5270507812500003,0,30,0.8413405,0.000223792769247666
532,16731,1.7025390625,0,30,0.8410555,0.0003008888743352145
533,16763,1.6754882812499994,0,32,0.8407515,7.324029138544574e-05
534,16793,1.72802734375,0,30,0.8404665,0.00010381010361015797
535,16824,1.6965820312499997,0,31,0.840172,4.7548186557833105e-05
536,16859,2.1006835937500004,0,35,0.8398395000000001,0.00013491453137248755
537,16894,1.9916992187500004,0,35,0.839507,4.235327287460677e-05
538,16927,1.9751953125000008,0,33,0.8391935,6.695215415675193e-05
539,16958,1.8195312500000003,0,31,0.8388990000000001,8.617883577244356e-05
540,16990,1.7572265625000005,0,32,0.838595,0.00013768539065495133
541,17019,1.5650390625,0,29,0.8383195,0.0008383397362194955
542,17054,2.053320312499999,0,35,0.837987,0.00013277019024826586
543,17087,1.9028320312499996,0,33,0.8376735,0.0002605050103738904
544,17117,1.59033203125,0,30,0.8373885,0.0006014194805175066
545,17149,1.8787109374999997,0,32,0.8370845,0.00023258084547705948
546,17181,1.8999023437499996,0,32,0.8367805,0.0003236086049582809
547,17212,1.8130859375,0,31,0.8364860000000001,0.00017270755779463798
548,17243,1.7916015625000004,0,31,0.8361915,0.00017788351397030056
549,17276,1.9342773437500003,0,33,0.835878,0.000277455837931484
550,17308,1.9128906249999997,0,32,0.835574,0.00011212279787287116
551,17339,1.7806640625,0,31,0.8352795,8.677618461661041e-05
552,17369,1.6051757812499998,0,30,0.8349945,9.735750791151077e-05
553,17399,1.7264648437500005,0,30,0.8347095,0.00010623806156218052
554,17437,2.46240234375,0,38,0.8343485,5.0155063945567235e-05
555,17468,1.7915039062500004,0,31,0.8340540000000001,9.680524817667902e-05
556,17500,1.73046875,0,32,0.83375,0.00016088184202089906
557,17530,1.6001953125,0,30,0.833465,6.051752279745415e-05
558,17561,1.7109375,0,31,0.8331705,0.00024541470338590443
559,17596,2.03115234375,0,35,0.832838,0.00011700433969963342
560,17628,1.8471679687499996,0,32,0.832534,0.0012202394427731633
561,17664,2.2208984375,0,36,0.832192,8.546524622943252e-05
562,17700,2.26328125,0,36,0.83185,8.623556641396135e-05
563,17731,1.6377929687499995,0,31,0.8315555,0.00010739827121142298
564,17762,1.81552734375,0,31,0.831261,0.00014682374603580683
565,17793,1.7600585937499997,0,31,0.8309664999999999,5.622561366180889e-05
566,17824,1.67080078125,0,31,0.830672,0.00022895302390679717
567,17860,2.2029296875,0,36,0.83033,7.982723764143884e-05
568,17891,1.8186523437500006,0,31,0.8300354999999999,0.00011051120236515999
569,17924,1.9920898437499996,0,33,0.829722,0.0010692626237869263
570,17954,1.7199218749999998,0,30,0.829437,3.358856338309124e-05
571,17984,1.67373046875,0,30,0.829152,0.0001376722939312458
572,18014,1.6924804687500004,0,30,0.828867,0.0006546995136886835
573,18049,2.041308593750001,0,35,0.8285345,0.0007064923411235213
574,18078,1.5969726562499997,0,29,0.8282590000000001,0.0003210854483768344
575,18110,1.9089843749999993,0,32,0.827955,8.852890459820628e-05
576,18144,1.9368164062499997,0,34,0.827632,9.674832108430564e-05
577,18176,1.8352539062500002,0,32,0.8273280000000001,0.00015676977636758238
578,18207,1.8145507812500004,0,31,0.8270335,0.0010376351419836283
579,18238,1.7294921875000004,0,31,0.826739,6.77028510835953e-05
580,18268,1.7158203125000004,0,30,0.826454,0.00013490799756255
581,18307,2.3827148437499996,0,39,0.8260835,0.00032617291435599327
582,18338,1.6701171875000003,0,31,0.825789,0.0001665643067099154
583,18374,2.280761718750001,0,36,0.825447,0.0002718392643146217
584,18410,2.2545898437500003,0,36,0.825105,0.00015694920148234814
585,18450,2.6586914062500004,0,40,0.824725,0.000121726407087408
586,18483,1.8032226562500004,0,33,0.8244115000000001,5.173957833903842e-05
587,18515,1.8592773437500005,0,32,0.8241075,0.004714753478765488
588,18549,1.9626953125000002,0,34,0.8237845,9.152558050118387e-05
589,18588,2.3454101562500007,0,39,0.823414,0.00025131460279226303
590,18619,1.82021484375,0,31,0.8231195,0.00015446325414814055
591,18651,1.7532226562500006,0,32,0.8228155,5.284717553877272e-05
592,18681,1.5134765625000002,0,30,0.8225305,0.00013312161900103092
593,18712,1.6560546875000002,0,31,0.822236,0.0001410084660165012
594,18743,1.7714843749999996,0,31,0.8219415,0.007764433044940233
595,18778,2.19423828125,0,35,0.821609,5.8410048950463533e-05
596,18807,1.6359375000000003,0,29,0.8213335,0.00013248233881313354
597,18840,1.8650390624999997,0,33,0.82102,0.00023875333135947585
598,18871,1.6012695312500003,0,31,0.8207255,5.791492367279716e-05
599,18903,1.7071289062500008,0,32,0.8204215,7.447176903951913e-05
600,18935,1.7202148437499996,0,32,0.8201175,7.935312896734104e-05
601,18966,1.6278320312499996,0,31,0.819823,3.580790144042112e-05
602,18998,1.8489257812499997,0,32,0.819519,0.00010023875074693933
603,19029,1.7829101562500003,0,31,0.8192245,0.0005615272675640881
604,19061,1.9146484375000004,0,32,0.8189204999999999,0.00715023884549737
605,19096,2.1542968749999996,0,35,0.818588,3.7805632018717006e-05
606,19129,1.9751953125,0,33,0.8182745,9.995719301514328e-05
607,19161,1.8915039062500005,0,32,0.8179705,0.00011411053128540516
608,19198,2.1956054687499993,0,37,0.817619,0.00013143368414603174
609,19231,2.0076171875,0,33,0.8173055,0.00019410188542678952
610,19265,1.9425781250000003,0,34,0.8169825000000001,0.0005374861648306251
611,19296,1.7649414062500002,0,31,0.8166880000000001,8.566695032641292e-05
612,19327,1.7241210937500004,0,31,0.8163935,0.00011249026283621788
613,19358,1.6626953125000008,0,31,0.816099,9.083939221454784e-05
614,19391,2.0116210937500005,0,33,0.8157855,0.00011169407662237063
615,19422,1.7841796875,0,31,0.815491,0.00016163408872671425
616,19456,2.10498046875,0,34,0.815168,9.399512782692909e-05
617,19490,1.8758789062500005,0,34,0.814845,0.000106113038782496
618,19527,2.35654296875,0,37,0.8144935,0.00011504699068609625
619,19558,1.6428710937500002,0,31,0.814199,0.00011942691344302148
620,19592,1.9215820312500007,0,34,0.813876,0.00014595777611248195
621,19623,1.8131835937499994,0,31,0.8135815,0.00012244321987964213
622,19655,1.8971679687499998,0,32,0.8132775,5.9471538406796753e-05
623,19685,1.5985351562499996,0,30,0.8129925,8.180255827028304e-05
624,19716,1.8251953125,0,31,0.812698,7.636864029336721e-05
625,19746,1.6887695312500006,0,30,0.812413,0.00034701108234003186
626,19779,1.8099609374999996,0,33,0.8120995,5.137574771651998e-05
627,19810,1.8245117187500002,0,31,0.811805,5.154973769094795e-05
628,19844,2.0311523437500005,0,34,0.811482,0.0009320476092398167
629,19877,1.9070312500000002,0,33,0.8111685,0.0008031822508201003
630,19909,1.8067382812500008,0,32,0.8108645,0.000847656512632966
631,19946,2.363671875,0,37,0.810513,6.317054794635624e-05
632,19977,1.632421875,0,31,0.8102185,0.0003649164573289454
633,20008,1.7932617187500006,0,31,0.809924,0.0012593709398061037
634,20039,1.7310546875000004,0,31,0.8096295,0.00011442795948823914
635,20071,1.9094726562500002,0,32,0.8093255,8.064991561695933e-05
636,20104,2.0123046875,0,33,0.8090120000000001,0.00012090803647879511
637,20136,1.8302734374999998,0,32,0.808708,7.27424630895257e-05
638,20170,2.0828124999999997,0,34,0.808385,0.00019522712682373822
639,20200,1.70302734375,0,30,0.8081,9.779122046893463e-05
640,20233,1.9714843750000002,0,33,0.8077865,8.648851508041844e-05
641,20263,1.5098632812499995,0,30,0.8075015,9.586327360011637e-05
642,20293,1.6244140625,0,30,0.8072165,0.00016152778698597103
643,20325,1.8006835937500005,0,32,0.8069125,6.038208812242374e-05
644,20356,1.71083984375,0,31,0.8066180000000001,0.00021051079966127872
645,20387,1.7983398437500004,0,31,0.8063235,0.00019195047207176685
646,20421,2.102636718749999,0,34,0.8060005,5.074114596936852e-05
647,20454,1.7763671874999996,0,33,0.805687,8.634979894850403e-05
648,20486,1.91650390625,0,32,0.805383,0.0001713245001155883
649,20518,1.8892578125000004,0,32,0.805079,0.00013613409828394651
650,20552,1.99072265625,0,34,0.804756,0.00015185304800979793
651,20585,2.0025390625,0,33,0.8044425,9.722755930852145e-05
652,20615,1.6149414062500003,0,30,0.8041575,7.478758925572038e-05
653,20646,1.81796875,0,31,0.803863,0.0001255306851817295
654,20676,1.7294921875000004,0,30,0.803578,0.00012498725845944136
655,20707,1.7034179687500002,0,31,0.8032835,0.0002139568969141692
656,20741,2.016796875,0,34,0.8029605,0.00020025187404826283
657,20774,1.8701171875,0,33,0.802647,0.0005157296545803547
658,20813,2.5386718749999995,0,39,0.8022765000000001,0.00024977693101391196
659,20845,1.8891601562500004,0,32,0.8019725,8.282739872811362e-05
660,20884,2.5673828125,0,39,0.801602,0.00010137607023352757
661,20915,1.8248046875,0,31,0.8013075000000001,0.00018738060316536576
662,20946,1.7424804687500002,0,31,0.801013,0.00011414308391977102
663,20976,1.6521484374999997,0,30,0.800728,0.00019213918130844831
664,21013,2.26484375,0,37,0.8003765,0.0013574532931670547
665,21045,1.8885742187499996,0,32,0.8000725,0.00018590525723993778
666,21075,1.6597656250000004,0,30,0.7997875,0.0002174098917748779
667,21109,2.1191406250000004,0,34,0.7994645,0.00018996821017935872
668,21143,2.09794921875,0,34,0.7991415,0.0001278968557016924
669,21178,2.1875976562500004,0,35,0.798809,0.0017824835376814008
670,21209,1.6944335937500004,0,31,0.7985145,0.00010264856973662972
671,21240,1.6496093749999998,0,31,0.79822,0.00019396009156480432
672,21272,1.74697265625,0,32,0.7979160000000001,0.00024094614491332322
673,21302,1.7151367187500006,0,30,0.797631,0.0001434540026821196
674,21333,1.6501953125000002,0,31,0.7973365,0.00012952618999406695
675,21366,2.0149414062500006,0,33,0.797023,9.19979065656662e-05
676,21396,1.7249023437499997,0,30,0.796738,0.00022612937027588487
677,21427,1.8018554687500004,0,31,0.7964435000000001,0.0002800521906465292
678,21462,2.1824218749999997,0,35,0.796111,0.0001113675461965613
679,21496,1.97890625,0,34,0.7957879999999999,0.0006563134957104921
680,21532,2.1905273437500004,0,36,0.795446,0.0006139992619864643
681,21564,1.9035156249999998,0,32,0.795142,8.275303844129667e-05
682,21596,1.83798828125,0,32,0.7948379999999999,0.0001594094792380929
683,21628,1.92294921875,0,32,0.7945340000000001,0.00011163920135004446
684,21662,1.962011718749999,0,34,0.794211,0.00022124068345874548
685,21694,1.88486328125,0,32,0.793907,5.292625428410247e-05
686,21725,1.7804687499999998,0,31,0.7936125,8.978992991615087e-05
687,21759,2.1064453125000004,0,34,0.7932895,7.383413321804255e-05
688,21791,1.7352539062500005,0,32,0.7929855,0.0002923542633652687
689,21826,1.945214843750001,0,35,0.792653,0.00735870748758316
690,21856,1.5384765624999996,0,30,0.792368,0.0033917927648872137
691,21887,1.6613281250000003,0,31,0.7920735,0.00042056533857248724
692,21919,1.7062499999999998,0,32,0.7917695,0.0005911737098358572
693,21953,2.0967773437499995,0,34,0.7914464999999999,0.00020610376668628305
694,21985,1.9231445312500002,0,32,0.7911425000000001,0.006855921819806099
695,22016,1.8099609374999992,0,31,0.790848,0.0006904591573402286
696,22047,1.7731445312500003,0,31,0.7905535,0.0001406281953677535
697,22081,1.8899414062499993,0,34,0.7902305000000001,0.00022928885300643742
698,22115,2.07109375,0,34,0.7899075,0.00038108183071017265
699,22146,1.76279296875,0,31,0.789613,9.056919225258753e-05
700,22180,2.103027343750001,0,34,0.78929,0.00022072896535973996
701,22218,2.3104492187500005,0,38,0.788929,0.00016178742225747555
702,22255,2.37109375,0,37,0.7885775,0.00022651329345535487
703,22287,1.7241210937500004,0,32,0.7882735,0.0001764782064128667
704,22316,1.515625,0,29,0.787998,0.00014034670311957598
705,22348,1.90341796875,0,32,0.787694,0.00018474711396265775
706,22379,1.7566406250000002,0,31,0.7873995,8.503625576850027e-05
707,22410,1.80966796875,0,31,0.787105,0.0002246680378448218
708,22443,1.9860351562500003,0,33,0.7867915000000001,0.00024458658299408853
709,22480,2.2915039062500004,0,37,0.78644,7.797659054631367e-05
710,22512,1.9191406250000003,0,32,0.7861360000000001,0.0001718165003694594
711,22547,1.9955078125000014,0,35,0.7858035,8.895007340470329e-05
712,22578,1.6833984375000006,0,31,0.785509,0.0001789022353477776
713,22614,2.1511718749999997,0,36,0.785167,0.00010442291386425495
714,22648,2.0614257812500005,0,34,0.784844,0.00017148663755506277
715,22679,1.7487304687499998,0,31,0.7845495,0.00039082285366021097
716,22710,1.63857421875,0,31,0.784255,0.00020180028514005244
717,22745,2.0997070312500012,0,35,0.7839225,0.0002607313799671829
718,22776,1.7454101562499997,0,31,0.783628,0.00020315706206019968
719,22807,1.7526367187500003,0,31,0.7833335,0.000122703131637536
720,22838,1.6459960937500004,0,31,0.783039,0.00038616935489699244
721,22877,2.5169921875,0,39,0.7826685,9.891375520965084e-05
722,22910,1.78896484375,0,33,0.782355,0.00023477827198803425
723,22941,1.7047851562499998,0,31,0.7820605,0.0002675242139957845
724,22974,1.8804687500000004,0,33,0.781747,9.712774772197008e-05
725,23006,1.7556640624999997,0,32,0.781443,0.002708190120756626
726,23047,2.8024414062499994,0,41,0.7810535000000001,0.00014546883176080883
727,23080,1.9529296874999997,0,33,0.78074,0.00037281925324350595
728,23112,1.72548828125,0,32,0.780436,0.0005130528006702662
729,23147,2.0716796874999996,0,35,0.7801035000000001,0.00016835950373206288
730,23179,1.8507812499999998,0,32,0.7797995,0.00015806930605322123
731,23216,2.3740234375,0,37,0.779448,0.00015810513286851346
732,23249,1.921875,0,33,0.7791345000000001,8.597328996984288e-05
733,23281,1.8989257812500009,0,32,0.7788305,7.95109081082046e-05
734,23313,1.7827148437500004,0,32,0.7785265,0.00020934807253070176
735,23345,1.89755859375,0,32,0.7782225,0.00035610655322670937
736,23378,1.94052734375,0,33,0.777909,0.00011966318561462685
737,23412,2.0879882812500004,0,34,0.777586,0.00028227531583979726
738,23445,1.9917968750000008,0,33,0.7772725,0.0008472244953736663
739,23480,2.2068359374999993,0,35,0.77694,0.0004409582761581987
740,23514,2.10302734375,0,34,0.776617,0.00010593458137009293
741,23555,2.5185546875,0,41,0.7762275000000001,9.11306487978436e-05
742,23587,1.9185546875,0,32,0.7759235,0.0002001858374569565
743,23617,1.7256835937500004,0,30,0.7756385,5.234077252680436e-05
744,23648,1.8241210937500005,0,31,0.775344,0.00010701012070057914
745,23680,1.72900390625,0,32,0.77504,0.00013730317004956305
746,23710,1.5068359375,0,30,0.774755,0.001082474016584456
747,23748,2.3712890624999994,0,38,0.774394,9.420249261893332e-05
748,23779,1.7600585937500002,0,31,0.7740994999999999,0.012316519394516945
749,23809,1.7322265624999997,0,30,0.7738145000000001,0.0001686149917077273
750,23840,1.77939453125,0,31,0.77352,0.00010212599590886384
751,23888,3.1317382812499996,0,48,0.773064,0.00012279467773623765
752,23923,2.0146484374999996,0,35,0.7727315,6.84057449689135e-05
753,23963,2.635839843750001,0,40,0.7723515,0.00015582668129354715
754,23997,1.9874999999999998,0,34,0.7720285,0.00014133506920188665
755,24029,1.9029296874999995,0,32,0.7717245,0.009177451021969318
756,24066,2.36435546875,0,37,0.771373,0.00019654414791148156
757,24102,2.261621093749999,0,36,0.771031,0.0005660236347466707
758,24134,1.9163085937500006,0,32,0.770727,0.00025728263426572084
759,24164,1.5936523437499996,0,30,0.7704420000000001,0.0003585619560908526
760,24198,2.0703124999999996,0,34,0.770119,0.0006394215160980821
761,24231,1.9574218749999996,0,33,0.7698055,0.0009311625035479665
762,24266,2.1888671875000005,0,35,0.7694730000000001,0.0002974686794914305
763,24297,1.7041015625,0,31,0.7691785,0.0001343267795164138
764,24330,1.8337890624999997,0,33,0.768865,0.0003135782899335027
765,24359,1.6033203125000002,0,29,0.7685895,0.00020668919023592025
766,24394,2.119335937499999,0,35,0.768257,0.00026954535860568285
767,24425,1.6259765625,0,31,0.7679625,0.00032793270656839013
768,24461,2.3027343750000004,0,36,0.7676205,0.00013331677473615855
769,24492,1.7517578125000002,0,31,0.767326,0.0004793437256012112
770,24522,1.5788085937499998,0,30,0.7670410000000001,0.0005442748661153018
771,24555,1.87216796875,0,33,0.7667275,0.0001871626009233296
772,24588,1.8640624999999997,0,33,0.766414,0.000125583479530178
773,24622,2.0716796875,0,34,0.7660910000000001,0.001330208033323288
774,24657,1.9517578125000008,0,35,0.7657585,0.0003090254031121731
775,24692,2.0825195312500004,0,35,0.765426,0.00021692787413485348
776,24725,1.8780273437499995,0,33,0.7651125,0.008049110881984234
777,24758,2.0041015625,0,33,0.764799,0.00043887001811526716
778,24791,1.8876953125000009,0,33,0.7644855,0.000221785026951693
779,24824,2.0129882812499997,0,33,0.7641720000000001,0.00031736845267005265
780,24854,1.70205078125,0,30,0.763887,0.00013951548316981643
781,24886,1.9158203125000002,0,32,0.763583,0.00021998235024511814
782,24918,1.89990234375,0,32,0.763279,0.00023550287005491555
783,24955,2.36904296875,0,37,0.7629275,0.00012182047066744417
784,24986,1.80810546875,0,31,0.762633,0.0006223625387065113
785,25018,1.9015625000000003,0,32,0.762329,0.0016660976689308882
786,25051,1.9310546875,0,33,0.7620155,0.0006920116720721126
787,25101,3.202734374999997,0,50,0.7615405,0.0007578166550956666
788,25134,1.8779296874999996,0,33,0.761227,0.00019357874407432973
789,25172,2.4693359374999995,0,38,0.760866,0.00020494154887273908
790,25203,1.8130859375,0,31,0.7605715000000001,0.00016381271416321397
791,25236,1.9963867187500006,0,33,0.7602580000000001,0.00010261575516778976
792,25266,1.64609375,0,30,0.759973,0.00025822981842793524
793,25298,1.88974609375,0,32,0.759669,9.527293150313199e-05
794,25329,1.7549804687499995,0,31,0.7593745000000001,0.00033719014027155936
795,25360,1.7278320312499993,0,31,0.75908,0.00032649957574903965
796,25391,1.68603515625,0,31,0.7587855,0.0002391671878285706
797,25424,1.8798828125000004,0,33,0.758472,0.00025323149748146534
798,25457,2.0100585937499997,0,33,0.7581585,0.00023512786719948053
799,25503,3.158398437499999,0,46,0.7577215,0.00024025824677664787
800,25537,1.8628906250000004,0,34,0.7573985000000001,0.0002975475217681378
801,25569,1.8935546875,0,32,0.7570945,0.006330903619527817
802,25600,1.5952148437500004,0,31,0.7568,0.0005055995425209403
803,25631,1.6875,0,31,0.7565055,0.00015611646813340485
804,25664,1.98095703125,0,33,0.756192,0.0008281284244731069
805,25702,2.4443359374999996,0,38,0.7558309999999999,0.0002325741806998849
806,25735,1.9962890625000003,0,33,0.7555175,0.00014729623217135668
807,25770,2.1804687499999997,0,35,0.755185,0.0001311695232288912
808,25800,1.6933593749999996,0,30,0.7549,9.197930194204673e-05
809,25835,2.1013671874999997,0,35,0.7545675000000001,0.0007564302068203688
810,25871,2.280175781249999,0,36,0.7542255,0.00029956354410387576
811,25906,2.1440429687500004,0,35,0.753893,0.00011187656491529197
812,25937,1.6172851562500008,0,31,0.7535985000000001,0.00011655275011435151
813,25970,1.83291015625,0,33,0.753285,0.00013121978554408997
814,26002,1.8109375000000005,0,32,0.752981,0.003587182145565748
815,26035,1.9969726562499992,0,33,0.7526675,0.0006723495898768306
816,26069,2.0964843750000006,0,34,0.7523445,0.00014083905261941254
817,26100,1.649804687500001,0,31,0.75205,0.000280929816653952
818,26135,2.1888671875,0,35,0.7517175,0.0003168637922499329
819,26167,1.75087890625,0,32,0.7514135,0.00012580136535689235
820,26199,1.83544921875,0,32,0.7511095,0.00046914067934267223
821,26231,1.79443359375,0,32,0.7508055,0.00028482091147452593
822,26263,1.9113281249999994,0,32,0.7505015,0.00016167611465789378
823,26298,2.085937500000001,0,35,0.7501690000000001,0.0002320932544535026
824,26328,1.7185546875000002,0,30,0.749884,0.00039865419967100024
825,26359,1.8224609375000003,0,31,0.7495895,0.00020944270363543183
826,26398,2.5465820312500003,0,39,0.7492190000000001,0.0004830930265597999
827,26434,2.3040039062499997,0,36,0.748877,0.0001754371915012598
828,26470,2.2817382812500004,0,36,0.748535,0.0007734842365607619
829,26503,2.0132812500000004,0,33,0.7482215000000001,0.00016824346676003188
830,26535,1.8628906250000008,0,32,0.7479175,0.0011712207924574614
831,26569,2.0095703125000006,0,34,0.7475945,0.00027541955932974815
832,26601,1.769140625,0,32,0.7472905,0.0001700997818261385
833,26638,2.3396484375,0,37,0.746939,0.00044742567115463316
834,26676,2.309082031249999,0,38,0.746578,0.00020269447122700512
835,26708,1.7461914062500004,0,32,0.7462740000000001,0.0001698562118690461
836,26748,2.6315429687500016,0,40,0.7458940000000001,0.00020665860211011022
837,26780,1.79111328125,0,32,0.74559,0.0013027094537392259
838,26816,2.2513671875,0,36,0.745248,0.00020631917868740857
839,26858,2.846679687500001,0,42,0.7448490000000001,0.0001924891403177753
840,26892,2.0447265624999993,0,34,0.744526,0.0002912628115154803
841,26925,1.839257812500001,0,33,0.7442124999999999,8.79401050042361e-05
842,26970,3.06591796875,0,45,0.743785,0.0001479881175328046
843,27003,1.9586914062500007,0,33,0.7434715000000001,0.0010402430780231953
844,27038,2.1598632812500003,0,35,0.743139,0.0021963235922157764
845,27069,1.8232421874999996,0,31,0.7428445,0.0014370265416800976
846,27101,1.9151367187500008,0,32,0.7425405,0.0003284493868704885
847,27133,1.71591796875,0,32,0.7422365,0.0005735506420023739
848,27164,1.8096679687500004,0,31,0.7419420000000001,0.0004275872779544443
849,27195,1.76220703125,0,31,0.7416475,0.0062234485521912575
850,27230,2.2054687499999996,0,35,0.741315,0.00027900529676117003
851,27262,1.77822265625,0,32,0.7410110000000001,0.00024856426171027124
852,27292,1.7291015625,0,30,0.740726,0.0003655634936876595
853,27329,2.41982421875,0,37,0.7403745,0.0008223933400586247
854,27359,1.56650390625,0,30,0.7400895000000001,0.0001489043643232435
855,27388,1.6328125,0,29,0.739814,0.0015432859072461724
856,27427,2.542578124999999,0,39,0.7394434999999999,0.009261389262974262
857,27459,1.7923828125000005,0,32,0.7391395000000001,0.0002501311246305704
858,27493,2.1045898437500004,0,34,0.7388165,0.0006091557443141937
859,27527,1.9036132812500002,0,34,0.7384935,0.0002987587358802557
860,27558,1.775,0,31,0.738199,8.232622349169105e-05
861,27592,1.8971679687500003,0,34,0.737876,0.00019257990061305463
862,27623,1.8203125,0,31,0.7375815000000001,0.0001818611635826528
863,27656,1.9956054687499996,0,33,0.737268,0.0002013428311329335
864,27691,2.21171875,0,35,0.7369355,0.00017427862621843815
865,27725,1.91171875,0,34,0.7366125,0.00021578087762463838
866,27756,1.8230468750000006,0,31,0.736318,0.0005302646313793957
867,27787,1.7426757812500004,0,31,0.7360234999999999,0.0006352390046231449
868,27821,1.9522460937500004,0,34,0.7357005,0.000502111273817718
869,27865,3.11767578125,0,44,0.7352825000000001,0.0002255187282571569
870,27895,1.5313476562500004,0,30,0.7349975,0.0001751442177919671
871,27926,1.7940429687500008,0,31,0.734703,8.37975021568127e-05
872,27956,1.6599609375000002,0,30,0.734418,9.663413220550865e-05
873,27989,2.0025390625000004,0,33,0.7341044999999999,0.00015119469026103616
874,28027,2.3614257812499995,0,38,0.7337435,0.0009124074131250381
875,28058,1.8002929687500004,0,31,0.733449,0.00024731617304496467
876,28089,1.83291015625,0,31,0.7331545,0.0007727653719484806
877,28122,1.9880859375000002,0,33,0.732841,0.00033130834344774485
878,28156,1.8463867187499994,0,34,0.732518,0.0014258843148127198
879,28189,1.7570312500000003,0,33,0.7322045,0.00038384407525882125
880,28226,2.279687500000001,0,37,0.731853,0.00032422615913674235
881,28257,1.8206054687500002,0,31,0.7315585,0.0009582451893948019
882,28290,1.828515625000001,0,33,0.731245,0.00022960729256737977
883,28327,2.21328125,0,37,0.7308935,0.00031395978294312954
884,28363,2.3027343750000004,0,36,0.7305515,0.0002761421201284975
885,28393,1.7092773437499997,0,30,0.7302664999999999,0.000605833949521184
886,28424,1.8146484374999998,0,31,0.7299720000000001,0.00027439577388577163
887,28459,2.0838867187499996,0,35,0.7296395,0.0003250267473049462
888,28492,1.9489257812499998,0,33,0.729326,0.00021424244914669544
889,28527,2.1376953124999996,0,35,0.7289935000000001,0.00042888123425655067
890,28564,2.137792968750001,0,37,0.728642,0.0003754430799745023
891,28593,1.5198242187499997,0,29,0.7283664999999999,0.0007204577559605241
892,28624,1.7060546875000004,0,31,0.728072,0.00015881742001511157
893,28661,2.201660156249999,0,37,0.7277205,0.00024638668401166797
894,28696,2.1833984375,0,35,0.727388,0.00028099631890654564
895,28738,2.8199218750000004,0,42,0.726989,0.0004436711606103927
896,28769,1.8195312500000003,0,31,0.7266945,0.0006563439965248108
897,28801,1.9137695312500003,0,32,0.7263905,0.0003669495927169919
898,28833,1.89541015625,0,32,0.7260865000000001,0.00020470342133194208
899,28866,2.0012695312500006,0,33,0.725773,0.0002275741717312485
900,28898,1.88125,0,32,0.7254689999999999,0.0011235359124839306
901,28928,1.6640625,0,30,0.725184,0.0002908548340201378
902,28961,1.9544921875000005,0,33,0.7248705,0.00021480191207956523
903,28992,1.7847656249999995,0,31,0.724576,0.01315433531999588
904,29023,1.7943359375,0,31,0.7242815,0.0012160157784819603
905,29060,2.2868164062500003,0,37,0.72393,0.0004301794106140733
906,29095,2.1941406250000006,0,35,0.7235975,0.0003309294115751982
907,29132,2.3793945312500004,0,37,0.723246,0.0008154866518452764
908,29165,1.9531249999999996,0,33,0.7229325,0.0003162240609526634
909,29197,1.8732421875000003,0,32,0.7226285,0.00029794732108712196
910,29250,3.8298828125,0,53,0.722125,0.0003082302282564342
911,29283,1.93701171875,0,33,0.7218115,0.0003437388804741204
912,29318,2.2021484375,0,35,0.721479,0.0002909050672315061
913,29351,1.9126953125,0,33,0.7211655,0.0009417049586772919
914,29382,1.7225585937499996,0,31,0.720871,0.00016403620247729123
915,29420,2.4234374999999995,0,38,0.72051,0.00015673573943786323
916,29451,1.8295898437500004,0,31,0.7202155,0.0002955985255539417
917,29492,2.51396484375,0,41,0.7198260000000001,0.00043174170423299074
918,29523,1.67861328125,0,31,0.7195315,0.0002918709069490433
919,29553,1.7022460937500004,0,30,0.7192465,0.0006803460419178009
920,29587,2.0789062499999993,0,34,0.7189235,0.0006232621381059289
921,29632,3.01240234375,0,45,0.718496,0.00029905198607593775
922,29665,1.9174804687500004,0,33,0.7181825,0.00029267853824421763
923,29697,1.8977539062500002,0,32,0.7178785,0.00018658573389984667
924,29729,1.9139648437500005,0,32,0.7175745,0.00047004211228340864
925,29762,1.9400390625000008,0,33,0.717261,0.00024901004508137703
926,29796,2.097167968749999,0,34,0.7169380000000001,0.00021592125995084643
927,29828,1.8725585937500004,0,32,0.716634,0.0001744527107803151
928,29864,2.1765624999999997,0,36,0.7162919999999999,0.00024053188099060208
929,29894,1.7183593750000004,0,30,0.7160070000000001,0.00037649800651706755
930,29924,1.5552734375,0,30,0.715722,0.000394138740375638
931,29956,1.9132812499999998,0,32,0.715418,0.0004423736536409706
932,29988,1.8075195312500005,0,32,0.715114,0.00018044224998448044
933,30021,1.9264648437500007,0,33,0.7148005000000001,0.0008308372925966978
934,30051,1.7255859375,0,30,0.7145155000000001,0.0003713972109835595
935,30085,2.0735351562499997,0,34,0.7141925,0.000351494993083179
936,30117,1.8685546875,0,32,0.7138885,0.0005105462623760104
937,30149,1.8535156249999991,0,32,0.7135845000000001,0.00030256580794230103
938,30179,1.5944335937500003,0,30,0.7132995,0.0007951199077069759
939,30214,2.2058593749999997,0,35,0.712967,0.0005875234492123127
940,30247,2.008984375,0,33,0.7126535,0.0003545292420312762
941,30279,1.8180664062499998,0,32,0.7123495,0.0005592085653916001
942,30308,1.509375,0,29,0.712074,0.00044621172128245234
943,30343,2.1530273437499994,0,35,0.7117415,0.0006253821193240583
944,30373,1.5767578125,0,30,0.7114564999999999,0.00020289220265112817
945,30404,1.7916992187500003,0,31,0.7111620000000001,0.00051401014206931
946,30436,1.9208984375,0,32,0.710858,0.0006620195927098393
947,30466,1.5864257812500004,0,30,0.710573,0.00015014063683338463
948,30497,1.7566406250000002,0,31,0.7102785,0.0005250630201771855
949,30527,1.51796875,0,30,0.7099934999999999,0.00033624013303779066
950,30559,1.7058593750000002,0,32,0.7096895000000001,0.00045693619176745415
951,30595,2.0908203125000004,0,36,0.7093475,0.0004547849821392447
952,30639,2.905273437499999,0,44,0.7089295,0.0003563123173080385
953,30671,1.9228515625,0,32,0.7086255,0.0003887872153427452
954,30709,2.4879882812499994,0,38,0.7082645000000001,0.00031751050846651196
955,30740,1.6208984375000002,0,31,0.70797,0.0005561280995607376
956,30771,1.78271484375,0,31,0.7076755,0.0004077410267200321
957,30801,1.72412109375,0,30,0.7073905,0.0003962707705795765
958,30834,1.9779296874999992,0,33,0.707077,0.00033211646950803697
959,30867,2.0226562500000003,0,33,0.7067635,0.00035006680991500616
960,30900,1.9842773437499992,0,33,0.70645,0.0012404290027916431
961,30936,2.1742187500000005,0,36,0.706108,0.000564489106182009
962,30966,1.7298828124999996,0,30,0.7058230000000001,0.0005000801756978035
963,30998,1.8694335937500006,0,32,0.705519,0.0003576881717890501
964,31029,1.7251953125,0,31,0.7052244999999999,0.0009204752277582884
965,31063,2.05,0,34,0.7049015000000001,0.004838495049625635
966,31093,1.701171875,0,30,0.7046165,0.00035613554064184427
967,31122,1.5513671875000004,0,29,0.704341,0.00030980687006376684
968,31153,1.6417968750000007,0,31,0.7040465,0.0008030669996514916
969,31184,1.6023437500000006,0,31,0.7037519999999999,0.0011763435322791338
970,31214,1.5537109375,0,30,0.7034670000000001,0.0006012712838128209
971,31247,1.9953124999999998,0,33,0.7031535,0.0005963047733530402
972,31277,1.6867187500000007,0,30,0.7028685,0.0004921741783618927
973,31306,1.4645507812499998,0,29,0.702593,0.0006179012707434595
974,31340,2.0653320312499996,0,34,0.70227,0.0004541206290014088
975,31372,1.72861328125,0,32,0.7019660000000001,0.0001855109294410795
976,31405,1.7869140624999997,0,33,0.7016525,0.0005346171092242002
977,31438,1.9601562500000007,0,33,0.701339,0.00027646427042782307
978,31468,1.6630859375000004,0,30,0.7010540000000001,0.00020837425836361945
979,31500,1.9177734375000002,0,32,0.70075,0.00028445737552829087
980,31530,1.7063476562500002,0,30,0.700465,0.0006922398461028934
981,31561,1.8224609374999998,0,31,0.7001705,0.0004927603295072913
982,31591,1.5295898437500006,0,30,0.6998854999999999,0.00021316805214155465
983,31622,1.7515625000000008,0,31,0.6995910000000001,0.0003228800487704575
984,31653,1.8250000000000002,0,31,0.6992965,0.0003175727906636894
985,31684,1.8199218750000004,0,31,0.699002,0.0009804863948374987
986,31714,1.7206054687500005,0,30,0.698717,0.0008977721445262432
987,31745,1.6954101562500004,0,31,0.6984225,0.0009560299222357571
988,31780,2.16142578125,0,35,0.69809,0.000970172812230885
989,31812,1.7147460937499996,0,32,0.697786,0.0002659840101841837
990,31847,2.152832031250001,0,35,0.6974535000000001,0.0009762558620423079
991,31879,1.91162109375,0,32,0.6971495,0.0004039878258481622
992,31913,2.08134765625,0,34,0.6968265,0.006978985853493214
993,31943,1.66064453125,0,30,0.6965415,0.0003039850853383541
994,31972,1.5124999999999997,0,29,0.696266,0.00018706925038713962
995,32004,1.9023437499999996,0,32,0.695962,0.001644059200771153
996,32042,2.19833984375,0,38,0.695601,0.00034420800511725247
997,32072,1.6451171875,0,30,0.695316,0.0006322609260678291
998,32106,1.9138671874999988,0,34,0.694993,0.00103955646045506
999,32136,1.7221679687500009,0,30,0.6947080000000001,0.0012120258761569858
1000,32171,2.192871093750001,0,35,0.6943755,0.0006958983140066266
1001,32204,1.8720703124999996,0,33,0.694062,0.0006840098649263382
1002,32237,1.8739257812499996,0,33,0.6937485000000001,0.0005395458429120481
1003,32268,1.8173828125,0,31,0.693454,0.00025628667208366096
1004,32299,1.749609375,0,31,0.6931595,0.0007337365532293916
1005,32330,1.7097656250000002,0,31,0.6928650000000001,0.0003378622932359576
1006,32362,1.8512695312499998,0,32,0.692561,0.0004978379001840949
1007,32392,1.6875976562500004,0,30,0.692276,0.0003705136477947235
1008,32422,1.6607421875000008,0,30,0.691991,0.00030164059717208147
1009,32457,2.2068359375,0,35,0.6916585,0.00044167920714244246
1010,32487,1.7304687500000004,0,30,0.6913735000000001,0.00021497966372407973
1011,32516,1.5525390625000002,0,29,0.691098,0.0003106366202700883
1012,32548,1.8425781250000002,0,32,0.690794,0.00028426048811525106
1013,32578,1.6637695312499998,0,30,0.690509,0.00016744743334129453
1014,32607,1.6124023437500004,0,29,0.6902334999999999,0.0006271963939070702
1015,32637,1.7052734374999998,0,30,0.6899485000000001,0.00019570587028283626
1016,32670,1.9440429687500003,0,33,0.689635,0.00041930575389415026
1017,32703,1.8649414062500003,0,33,0.6893215,0.001676571904681623
1018,32734,1.7814453125000003,0,31,0.6890270000000001,0.0010672874050214887
1019,32774,2.654589843750001,0,40,0.688647,0.00014611048391088843
1020,32805,1.6630859375,0,31,0.6883525,0.00018779709353111684
1021,32839,1.9355468749999991,0,34,0.6880295000000001,0.00022514640295412391
1022,32871,1.7448242187499994,0,32,0.6877255,0.00019827944925054908
1023,32903,1.767578125,0,32,0.6874215,0.0003138963656965643
1024,32933,1.6760742187500002,0,30,0.6871365,0.0009529900853522122
1025,32963,1.5261718750000002,0,30,0.6868515000000001,0.0009364095749333501
1026,32996,1.9581054687500004,0,33,0.6865380000000001,0.00031000503804534674
1027,33029,1.7799804687500003,0,33,0.6862245,0.0005532255745492876
1028,33059,1.6089843750000004,0,30,0.6859395,0.00059863569913432
1029,33088,1.6423828125000002,0,29,0.685664,0.0006490115774795413
1030,33119,1.79873046875,0,31,0.6853695,0.020501120015978813
1031,33149,1.6915039062500004,0,30,0.6850845,0.00027912145014852285
1032,33182,2.0162109374999995,0,33,0.684771,0.00046461314195767045
1033,33213,1.8013671874999995,0,31,0.6844765,0.0003392871585674584
1034,33242,1.4358398437500002,0,29,0.6842010000000001,0.0002893212076742202
1035,33273,1.7945312500000004,0,31,0.6839065,0.0004583821864798665
1036,33303,1.6663085937500002,0,30,0.6836215000000001,0.0005766283720731735
1037,33338,2.062109375,0,35,0.683289,0.0015367934247478843
1038,33369,1.6873046874999997,0,31,0.6829945,0.00040033095865510404
1039,33401,1.7646484375000004,0,32,0.6826905000000001,0.0002948084438685328
1040,33431,1.70908203125,0,30,0.6824055,0.0001789784582797438
1041,33461,1.64208984375,0,30,0.6821205,0.0008408068679273129
1042,33497,2.0219726562500004,0,36,0.6817785000000001,0.0005663037300109863
1043,33526,1.6009765624999996,0,29,0.681503,0.0005527370376512408
1044,33557,1.6178710937500007,0,31,0.6812085000000001,0.0007528282003477216
1045,33589,1.8325195312499996,0,32,0.6809045,0.001304152188822627
1046,33622,1.9770507812500004,0,33,0.680591,0.00033166026696562767
1047,33652,1.5224609374999996,0,30,0.6803060000000001,0.002942633582279086
1048,33684,1.69541015625,0,32,0.680002,0.0002389091532677412
1049,33718,2.028515625,0,34,0.679679,0.0005759098567068577
1050,33748,1.5690429687500007,0,30,0.679394,0.0004365415661595762
1051,33779,1.6902343750000002,0,31,0.6790995,0.0013124828692525625
1052,33810,1.7209960937500002,0,31,0.678805,0.00206327554769814
1053,33841,1.61826171875,0,31,0.6785105,0.0003302742261439562
1054,33873,1.9112304687499995,0,32,0.6782065,0.0012702033855021
1055,33909,2.2688476562500006,0,36,0.6778645000000001,0.0005454954225569963
1056,33941,1.8973632812499992,0,32,0.6775605,0.00014436588389799
1057,33975,2.1059570312500013,0,34,0.6772374999999999,0.0026407227851450443
1058,34005,1.6688476562499996,0,30,0.6769525000000001,0.003721310757100582
1059,34042,2.30166015625,0,37,0.676601,0.00042777517228387296
1060,34074,1.8942382812499998,0,32,0.676297,0.0004428740940056741
1061,34104,1.7322265625000002,0,30,0.6760120000000001,0.0012610417325049639
1062,34134,1.61123046875,0,30,0.675727,0.0007988473516888916
1063,34167,1.8479492187499997,0,33,0.6754135000000001,0.00024344217672478408
1064,34198,1.6875,0,31,0.675119,0.0003619073540903628
1065,34229,1.68515625,0,31,0.6748245,0.001037886249832809
1066,34270,2.74482421875,0,41,0.674435,0.0008495253277942538
1067,34301,1.636328125,0,31,0.6741405,0.0008136095711961389
1068,34331,1.669921875,0,30,0.6738554999999999,0.0010078338673338294
1069,34361,1.7207031250000004,0,30,0.6735705000000001,0.000824053306132555
1070,34392,1.644921875,0,31,0.673276,0.0005938020767644048
1071,34422,1.7194335937499998,0,30,0.672991,0.00031237085931934416
1072,34452,1.71787109375,0,30,0.672706,0.00029812505817972124
1073,34483,1.7845703124999996,0,31,0.6724114999999999,0.0005692408885806799
1074,34516,1.9755859375,0,33,0.672098,0.0004473392618820071
1075,34546,1.5621093750000004,0,30,0.671813,0.0007545981206931174
1076,34575,1.5732421875000004,0,29,0.6715375,0.0003650570288300514
1077,34605,1.6462890625000002,0,30,0.6712525,0.0003327376616653055
1078,34635,1.636132812500001,0,30,0.6709675,0.00045991744264028966
1079,34666,1.7880859375,0,31,0.6706730000000001,0.0008723939536139369
1080,34697,1.6028320312500002,0,31,0.6703785,0.0007151185418479145
1081,34728,1.7506835937499998,0,31,0.670084,0.00043216810445301235
1082,34759,1.8271484375,0,31,0.6697895,0.0005095841479487717
1083,34790,1.6824218750000002,0,31,0.669495,0.0003456934355199337
1084,34821,1.7288085937499993,0,31,0.6692005,0.0006303014233708382
1085,34852,1.7875976562499996,0,31,0.668906,0.00044272729428485036
1086,34882,1.7063476562500002,0,30,0.668621,0.00044077029451727867
1087,34914,1.7623046874999995,0,32,0.668317,0.0010928133269771934
1088,34944,1.5171875,0,30,0.668032,0.0006244098767638206
1089,34975,1.6742187499999996,0,31,0.6677375,0.0002965803723782301
1090,35017,2.5416992187500003,0,42,0.6673385000000001,0.0028201816603541374
1091,35059,2.6256835937500003,0,42,0.6669395,0.00040409082430414855
1092,35089,1.6759765624999998,0,30,0.6666545,0.00039817579090595245
1093,35122,1.7684570312499996,0,33,0.6663410000000001,0.000486370554426685
1094,35152,1.6064453125,0,30,0.666056,0.0005105533637106419
1095,35181,1.5251953124999997,0,29,0.6657805,0.0012629361590370536
1096,35212,1.7970703124999998,0,31,0.665486,0.00043441151501610875
1097,35244,1.90966796875,0,32,0.665182,0.0014402724336832762
1098,35275,1.6251953125000003,0,31,0.6648875000000001,0.0005466475849971175
1099,35308,1.9306640625000009,0,33,0.664574,0.0005148599157109857
1100,35343,2.1347656249999996,0,35,0.6642414999999999,0.0007064726669341326
1101,35374,1.6548828125,0,31,0.6639470000000001,0.0006781397387385368
1102,35404,1.6538085937499996,0,30,0.663662,0.0010248010512441397
1103,35437,1.9639648437500004,0,33,0.6633485,0.00026420282665640116
1104,35469,1.8862304687500009,0,32,0.6630445,0.0003206878318451345
1105,35499,1.6383789062499998,0,30,0.6627595,0.00027949249488301575
1106,35530,1.7999999999999998,0,31,0.6624650000000001,0.0008754764567129314
1107,35576,3.1839843750000005,0,46,0.6620280000000001,0.0007885725935921073
1108,35606,1.6718750000000004,0,30,0.661743,0.0006449405336752534
1109,35638,1.8974609375000004,0,32,0.6614390000000001,0.0005983973387628794
1110,35670,1.7873046874999998,0,32,0.661135,0.0008852186147123575
1111,35701,1.7942382812499997,0,31,0.6608404999999999,0.010349208489060402
1112,35734,1.9943359374999994,0,33,0.6605270000000001,0.0003521553589962423
1113,35768,1.8310546875000004,0,34,0.660204,0.0008063218556344509
1114,35798,1.6092773437500005,0,30,0.6599189999999999,0.0006954696145839989
1115,35828,1.65146484375,0,30,0.659634,0.0003354957443661988
1116,35859,1.7356445312500002,0,31,0.6593395,0.00023439485812559724
1117,35888,1.6351562500000005,0,29,0.6590640000000001,0.003734209109097719
1118,35921,2.00009765625,0,33,0.6587505,0.000977600459009409
1119,35952,1.7666015625000004,0,31,0.6584559999999999,0.00025610101874917746
1120,35983,1.80712890625,0,31,0.6581615000000001,0.00029648724012076855
1121,36017,2.0708984375,0,34,0.6578385,0.0005991544458083808
1122,36048,1.6864257812499996,0,31,0.657544,0.0004337017599027604
1123,36085,2.3734374999999988,0,37,0.6571925000000001,0.0008748072432354093
1124,36115,1.5043945312499996,0,30,0.6569075,0.0011656562564894557
1125,36144,1.5309570312500003,0,29,0.6566320000000001,0.001225908868946135
1126,36175,1.5951171874999996,0,31,0.6563375,0.0009804561268538237
1127,36207,1.9186523437500007,0,32,0.6560334999999999,0.0002668822417035699
1128,36237,1.7263671875000006,0,30,0.6557485000000001,0.00019288924522697926
1129,36278,2.5648437500000005,0,41,0.655359,0.00013247420429252088
1130,36307,1.570703125,0,29,0.6550834999999999,0.0004756274283863604
1131,36337,1.6047851562499997,0,30,0.6547985000000001,0.00039895070949569345
1132,36367,1.6769531250000003,0,30,0.6545135,0.0031896447762846947
1133,36397,1.55556640625,0,30,0.6542285,0.000985192833468318
1134,36428,1.7942382812500006,0,31,0.653934,0.0005542552098631859
1135,36458,1.7272460937500007,0,30,0.6536489999999999,0.0002597234270069748
1136,36489,1.5849609375000004,0,31,0.6533545000000001,0.0003251690650358796
1137,36520,1.73623046875,0,31,0.65306,0.000513227772898972
1138,36550,1.6995117187500002,0,30,0.6527750000000001,0.00022401803289540112
1139,36582,1.7544921874999995,0,32,0.652471,0.0005067285965196788
1140,36612,1.7292968749999997,0,30,0.6521859999999999,0.0002852447796612978
1141,36645,1.9637695312500005,0,33,0.6518725000000001,0.00046611609286628664
1142,36674,1.6378906250000003,0,29,0.651597,0.00042315470636822283
1143,36706,1.8940429687500004,0,32,0.651293,0.0005884171696379781
1144,36737,1.7849609375000002,0,31,0.6509985,0.00029224579338915646
1145,36776,2.2632812500000012,0,39,0.650628,0.00026731030084192753
1146,36806,1.7097656249999997,0,30,0.650343,0.0006219398928806186
1147,36837,1.6658203125000002,0,31,0.6500485,0.001642235554754734
1148,36868,1.6282226562499997,0,31,0.6497539999999999,0.00027199910255149007
1149,36898,1.5644531250000009,0,30,0.6494690000000001,0.001226075692102313
1150,36929,1.7310546875000004,0,31,0.6491745,0.000335035496391356
1151,36958,1.4697265625,0,29,0.648899,0.00019970489665865898
1152,36989,1.62978515625,0,31,0.6486045,0.0014185053296387196
1153,37018,1.6235351562500004,0,29,0.6483289999999999,0.002591285388916731
1154,37049,1.6889648437500004,0,31,0.6480345000000001,0.0005607912316918373
1155,37087,2.1537109375000005,0,38,0.6476735,0.007165425922721624
1156,37119,1.7117187500000006,0,32,0.6473694999999999,0.0006360063562169671
1157,37151,1.7760742187500003,0,32,0.6470655000000001,0.0004229774058330804
1158,37184,1.8570312500000004,0,33,0.646752,0.0019726029131561518
1159,37214,1.6791992187500004,0,30,0.646467,0.00205806246958673
1160,37245,1.6731445312500002,0,31,0.6461725,0.00127275544218719
1161,37278,1.7949218750000004,0,33,0.645859,0.00028207412105984986
1162,37310,1.7675781250000004,0,32,0.6455550000000001,0.00053442019270733
1163,37354,3.0264648437500004,0,44,0.6451370000000001,0.0007537399069406092
1164,37384,1.5897460937500005,0,30,0.644852,0.0002589478390291333
1165,37417,2.0108398437500012,0,33,0.6445385,0.000780608388595283
1166,37460,2.56318359375,0,43,0.6441300000000001,0.0006730400491505861
1167,37492,1.6623046874999998,0,32,0.643826,0.006717325188219547
1168,37523,1.7774414062500004,0,31,0.6435315,0.001233497867360711
1169,37554,1.7207031250000009,0,31,0.6432370000000001,0.019751034677028656
1170,37586,1.88134765625,0,32,0.642933,0.0005412465543486178
1171,37624,2.4592773437499997,0,38,0.6425719999999999,0.0013446619268506765
1172,37658,2.0987304687500004,0,34,0.6422490000000001,0.0020218684803694487
1173,37691,1.975292968749999,0,33,0.6419355,0.019919859245419502
1174,37723,1.9202148437500002,0,32,0.6416315,0.000711581320501864
1175,37755,1.7633789062500003,0,32,0.6413275,0.0007119899382814765
1176,37788,1.7901367187500004,0,33,0.641014,0.0005382258677855134
1177,37819,1.8099609374999996,0,31,0.6407195,0.000649880210403353
1178,37850,1.6879882812500004,0,31,0.640425,0.0009769173339009285
1179,37883,1.9516601562500004,0,33,0.6401114999999999,0.0004901905194856226
1180,37913,1.6770507812500006,0,30,0.6398265000000001,0.0008250439423136413
1181,37944,1.722265625,0,31,0.639532,0.0016349040670320392
1182,37979,2.09345703125,0,35,0.6391994999999999,0.0003249651344958693
1183,38010,1.7833984374999998,0,31,0.6389050000000001,0.001477567944675684
1184,38047,2.1106445312500006,0,37,0.6385535,0.0004084912361577153
1185,38077,1.52978515625,0,30,0.6382685,0.0004381491453386843
1186,38111,2.1009765625000005,0,34,0.6379455,0.0005735560553148389
1187,38140,1.5232421875000002,0,29,0.63767,0.0005441737594082952
1188,38172,1.9207031249999997,0,32,0.637366,0.0002992272493429482
1189,38215,2.951953125,0,43,0.6369575000000001,0.0005790999857708812
1190,38246,1.6670898437500004,0,31,0.636663,0.00016013615822885185
1191,38277,1.7833984374999998,0,31,0.6363685,0.0006565868388861418
1192,38308,1.8126953125000007,0,31,0.636074,0.0007910203421488404
1193,38345,2.3645507812499997,0,37,0.6357225,0.0008535854867659509
1194,38376,1.6876953125000003,0,31,0.6354280000000001,0.00040080095641314983
1195,38406,1.7008789062500003,0,30,0.635143,0.0010239561088383198
1196,38437,1.6399414062500002,0,31,0.6348485,0.001159544801339507
1197,38467,1.7126953125000002,0,30,0.6345635000000001,0.0015419343253597617
1198,38496,1.46494140625,0,29,0.634288,0.0003609160194173455
1199,38525,1.4517578125,0,29,0.6340125000000001,0.006485507823526859
1200,38557,1.8490234375000005,0,32,0.6337085,0.0013651750050485134
1201,38589,1.8874999999999997,0,32,0.6334044999999999,0.0009601995698176324
1202,38621,1.8176757812500002,0,32,0.6331005000000001,0.0004115464980714023
1203,38655,1.9473632812499995,0,34,0.6327775,0.0006907063070684671
1204,38685,1.7307617187499997,0,30,0.6324925,0.00032933836337178946
1205,38717,1.86123046875,0,32,0.6321885,0.0023687896318733692
1206,38751,2.0865234375000004,0,34,0.6318655,0.0004832814447581768
1207,38785,2.0564453125,0,34,0.6315425000000001,0.0017277186270803213
1208,38817,1.688867187500001,0,32,0.6312385,0.0007150000310502946
1209,38849,1.9182617187500002,0,32,0.6309345,0.0004074364551343024
1210,38885,2.0080078125,0,36,0.6305925000000001,0.0003997480380348861
1211,38915,1.7301757812499998,0,30,0.6303075,0.0004702058795373887
1212,38945,1.6145507812500002,0,30,0.6300224999999999,0.00025548465782776475
1213,38978,1.935742187499999,0,33,0.6297090000000001,0.0007712555234320462
1214,39009,1.7078125000000006,0,31,0.6294145,0.002690992783755064
1215,39039,1.6652343750000003,0,30,0.6291295,0.0013932341244071722
1216,39070,1.6004882812500005,0,31,0.628835,0.0009468613425269723
1217,39101,1.6728515624999996,0,31,0.6285405,0.0003101471811532974
1218,39131,1.6411132812500004,0,30,0.6282555000000001,0.0013117704074829817
1219,39162,1.8097656250000003,0,31,0.627961,0.0008503332501277328
1220,39192,1.5517578125000009,0,30,0.627676,0.044215016067028046
1221,39223,1.8312500000000003,0,31,0.6273815,0.0017102969577535987
1222,39256,1.9486328125,0,33,0.627068,0.0003543794446159154
1223,39287,1.7266601562500004,0,31,0.6267735000000001,0.0013631659094244242
1224,39317,1.6111328125000002,0,30,0.6264885,0.0013581281527876854
1225,39353,2.225292968750001,0,36,0.6261465,0.0008857299108058214
1226,39382,1.4290039062500002,0,29,0.6258710000000001,0.00040599197382107377
1227,39414,1.8773437500000005,0,32,0.625567,0.0004634367651306093
1228,39447,1.9136718750000004,0,33,0.6252535,0.0005852295435033739
1229,39481,2.1015624999999996,0,34,0.6249305,0.0005705952062271535
1230,39511,1.57216796875,0,30,0.6246455,0.000597569509409368
1231,39540,1.6300781249999998,0,29,0.6243700000000001,0.0008214980480261147
1232,39569,1.5050781250000003,0,29,0.6240945,0.0005804150132462382
1233,39598,1.6179687500000002,0,29,0.623819,0.0005550379864871502
1234,39630,1.86435546875,0,32,0.623515,0.0007945687393657863
1235,39660,1.6957031249999996,0,30,0.62323,0.0006305586430244148
1236,39690,1.6027343749999998,0,30,0.6229450000000001,0.0002767671539913863
1237,39720,1.5859374999999996,0,30,0.62266,0.000272929115453735
1238,39751,1.6086914062499993,0,31,0.6223655,0.003283336292952299
1239,39783,1.7400390625000006,0,32,0.6220615,0.0004876406746916473
1240,39813,1.69833984375,0,30,0.6217765,0.0004148961161263287
1241,39844,1.8250976562500005,0,31,0.621482,0.0006205717800185084
1242,39876,1.85556640625,0,32,0.621178,0.0004679556586779654
1243,39908,1.6744140625000004,0,32,0.620874,0.0004881851782556623
1244,39948,2.4345703125,0,40,0.620494,0.0007318267598748207
1245,39980,1.689453125,0,32,0.62019,0.0007725810864940286
1246,40011,1.8223632812499995,0,31,0.6198954999999999,0.00197633751668036
1247,40048,2.1966796875000005,0,37,0.6195440000000001,0.0011197186540812254
1248,40091,2.9260742187499997,0,43,0.6191355000000001,0.0008707764209248126
1249,40123,1.7528320312500005,0,32,0.6188315,0.0005877839284949005
1250,40156,1.8583007812499992,0,33,0.6185180000000001,0.0017386674880981445
1251,40191,2.11015625,0,35,0.6181855,0.0011273170821368694
1252,40222,1.8205078125000003,0,31,0.617891,0.0007677755202166736
1253,40251,1.5087890625,0,29,0.6176155000000001,0.0013552114833146334
1254,40293,2.6906250000000016,0,42,0.6172165000000001,0.0020326585508883
1255,40323,1.7275390625,0,30,0.6169315,0.0007021540659479797
1256,40356,1.9290039062500002,0,33,0.6166180000000001,0.0003624380624387413
1257,40388,1.7766601562499997,0,32,0.616314,0.0005695052677765489
1258,40420,1.6874023437499996,0,32,0.61601,0.0008237460860982537
1259,40451,1.72275390625,0,31,0.6157155000000001,0.006445528939366341
1260,40484,1.9768554687500002,0,33,0.615402,0.00035684771137312055
1261,40515,1.6139648437500003,0,31,0.6151075,0.0009681983501650393
1262,40547,1.9194335937499996,0,32,0.6148035000000001,0.0010744738392531872
1263,40579,1.85244140625,0,32,0.6144995,0.0016713530058041215
1264,40608,1.5917968749999996,0,29,0.6142240000000001,0.001251325593329966
1265,40649,2.534472656249999,0,41,0.6138345000000001,0.000496621010825038
1266,40681,1.683398437500001,0,32,0.6135305,0.0007741404115222394
1267,40711,1.7325195312499995,0,30,0.6132455,0.0005231037503108382
1268,40743,1.8632812500000004,0,32,0.6129415,0.001478933496400714
1269,40773,1.6443359374999997,0,30,0.6126565,0.0008402094827033579
1270,40805,1.66103515625,0,32,0.6123525000000001,0.0009347739396616817
1271,40842,2.3705078124999996,0,37,0.612001,0.0004676029784604907
1272,40873,1.8216796875000005,0,31,0.6117065,0.00044406112283468246
1273,40905,1.9025390624999998,0,32,0.6114025000000001,0.0009201349457725883
1274,40937,1.7916015625000004,0,32,0.6110985,0.0002750784042291343
1275,40968,1.726464843750001,0,31,0.610804,0.001050860621035099
1276,40999,1.5980468750000005,0,31,0.6105095,0.0008934134966693819
1277,41032,1.9290039062500002,0,33,0.610196,0.0007315963739529252
1278,41061,1.5783203125000007,0,29,0.6099205000000001,0.0011542132124304771
1279,41092,1.7987304687500005,0,31,0.609626,0.0009878999553620815
1280,41122,1.6147460937500004,0,30,0.609341,0.0004001707420684397
1281,41152,1.57578125,0,30,0.609056,0.0002213562256656587
1282,41182,1.5713867187499995,0,30,0.608771,0.0003945264033973217
1283,41214,1.87607421875,0,32,0.6084670000000001,0.00027345604030415416
1284,41243,1.60986328125,0,29,0.6081915,0.00039432989433407784
1285,41280,2.1131835937500005,0,37,0.6078399999999999,0.0007010397384874523
1286,41314,2.107421875,0,34,0.6075170000000001,0.000845104455947876
1287,41351,2.2988281250000004,0,37,0.6071655,0.0014765365049242973
1288,41381,1.5435546875000004,0,30,0.6068804999999999,0.0011251504765823483
1289,41413,1.8920898437500004,0,32,0.6065765000000001,0.0003208352136425674
1290,41444,1.7023437500000003,0,31,0.606282,0.0005725337541662157
1291,41478,1.8670898437499988,0,34,0.605959,0.00026025736588053405
1292,41507,1.6185546875,0,29,0.6056835,0.0003483474429231137
1293,41542,1.9791015625000004,0,35,0.605351,0.001088261604309082
1294,41574,1.9249999999999998,0,32,0.605047,0.0004448678810149431
1295,41608,1.9082031249999996,0,34,0.604724,0.000684862257912755
1296,41641,1.9949218750000006,0,33,0.6044105,0.00027291651349514723
1297,41673,1.8948242187500002,0,32,0.6041065000000001,0.00036956797703169286
1298,41704,1.8209960937499998,0,31,0.603812,0.00017587591719347984
1299,41734,1.6271484374999998,0,30,0.603527,0.00022467973758466542
1300,41767,2.0045898437500003,0,33,0.6032135000000001,0.0001296343543799594
1301,41798,1.5902343749999992,0,31,0.602919,0.012043749913573265
1302,41831,1.90615234375,0,33,0.6026055,0.0003692333120852709
1303,41861,1.6080078124999995,0,30,0.6023205,0.0001629354082979262
1304,41898,2.2666992187500004,0,37,0.601969,0.0005694229039363563
1305,41928,1.6557617187499996,0,30,0.6016840000000001,0.00019851134857162833
1306,41958,1.6129882812500003,0,30,0.601399,0.0003437975829001516
1307,41991,1.9403320312499988,0,33,0.6010854999999999,0.000246725685428828
1308,42021,1.69345703125,0,30,0.6008005000000001,0.0007547249551862478
1309,42053,1.7236328125,0,32,0.6004965,0.0008950889459811151
1310,42084,1.7766601562500002,0,31,0.600202,0.0005628243088722229
1311,42114,1.7036132812500004,0,30,0.599917,0.0005681407637894154
1312,42144,1.70751953125,0,30,0.599632,0.00036281999200582504
1313,42174,1.7257812500000007,0,30,0.5993470000000001,0.0006535493303090334
1314,42205,1.5763671874999998,0,31,0.5990525,0.0006287002470344305
1315,42235,1.6164062499999998,0,30,0.5987675,0.0008024778799153864
1316,42267,1.7229492187499997,0,32,0.5984635,0.000662388454657048
1317,42298,1.6104492187500004,0,31,0.598169,0.0002477211528457701
1318,42331,2.0117187500000004,0,33,0.5978555,0.00012958221486769617
1319,42364,1.8600585937500003,0,33,0.597542,0.0005253125564195216
1320,42401,2.3389648437500004,0,37,0.5971905,0.00037673398037441075
1321,42432,1.6726562499999997,0,31,0.5968960000000001,0.0008944232249632478
1322,42474,2.8462890625000017,0,42,0.596497,0.000934072129894048
1323,42507,2.009765625,0,33,0.5961835,0.0003122215857729316
1324,42540,1.9172851562499988,0,33,0.59587,0.00041975543717853725
1325,42573,1.9900390625000002,0,33,0.5955565,0.0002563964226283133
1326,42604,1.8265625,0,31,0.5952620000000001,0.0005378667265176773
1327,42642,2.3546875000000007,0,38,0.594901,0.00354049913585186
1328,42676,1.911035156250001,0,34,0.594578,0.00077559903729707
1329,42709,1.96875,0,33,0.5942645,0.0008782811928540468
1330,42740,1.8076171875000013,0,31,0.59397,0.00040454455302096903
1331,42769,1.553125,0,29,0.5936945,0.0002463209966663271
1332,42807,2.4129882812500005,0,38,0.5933335,0.00022025735233910382
1333,42837,1.63466796875,0,30,0.5930485000000001,0.0001902108924696222
1334,42866,1.4869140625,0,29,0.592773,0.0002585543552413583
1335,42899,1.7384765625000003,0,33,0.5924595,0.004784385208040476
1336,42929,1.6946289062500002,0,30,0.5921745,0.0006191705469973385
1337,42960,1.7793945312500008,0,31,0.59188,0.0005191466771066189
1338,43014,3.7193359375000012,0,54,0.591367,0.0004918135236948729
1339,43045,1.7966796875000002,0,31,0.5910725,0.01007060892879963
1340,43077,1.7729492187499996,0,32,0.5907685,0.0008207344217225909
1341,43109,1.9079101562499998,0,32,0.5904645000000001,0.0002327410620637238
1342,43140,1.7017578125,0,31,0.5901700000000001,0.000466915313154459
1343,43169,1.5357421875,0,29,0.5898945,0.0016283264849334955
1344,43199,1.7151367187500006,0,30,0.5896095,0.0003857476112898439
1345,43230,1.7106445312500007,0,31,0.589315,0.00033688638359308243
1346,43260,1.5849609375,0,30,0.58903,0.0004763978358823806
1347,43290,1.7236328125000009,0,30,0.5887450000000001,0.0004372662224341184
1348,43321,1.8087890624999998,0,31,0.5884505,0.0006487481878139079
1349,43361,2.420898437499999,0,40,0.5880704999999999,0.0004242871073074639
1350,43392,1.6702148437499993,0,31,0.5877760000000001,0.0009745851275511086
1351,43421,1.4629882812500004,0,29,0.5875005,0.0012491170782595873
1352,43454,1.8388671875,0,33,0.587187,0.00120544561650604
1353,43485,1.6103515625,0,31,0.5868925,0.0003673486935440451
1354,43515,1.691796875,0,30,0.5866075000000001,0.0004087842535227537
1355,43546,1.64072265625,0,31,0.5863130000000001,0.0004258862463757396
1356,43577,1.800390624999999,0,31,0.5860185,0.00038480301736854017
1357,43607,1.7277343749999998,0,30,0.5857335,0.001043475465849042
1358,43636,1.6333984374999995,0,29,0.585458,0.00046556262532249093
1359,43666,1.5462890624999996,0,30,0.5851729999999999,0.0008062307606451213
1360,43699,1.9887695312500004,0,33,0.5848595000000001,0.0009964104974642396
1361,43730,1.8193359375,0,31,0.584565,0.0005834713811054826
1362,43759,1.5267578125,0,29,0.5842895,0.0006383273284882307
1363,43788,1.5792968750000003,0,29,0.584014,0.000604824279434979
1364,43825,2.08271484375,0,37,0.5836625,0.00030387984588742256
1365,43857,1.92197265625,0,32,0.5833585,0.0008406477281823754
1366,43888,1.7533203124999996,0,31,0.583064,0.0015478801215067506
1367,43924,2.2552734375000005,0,36,0.582722,0.00023172196233645082
1368,43953,1.5681640624999997,0,29,0.5824465000000001,0.0009474495891481638
1369,43983,1.6115234374999998,0,30,0.5821615,0.0006181574426591396
1370,44015,1.91396484375,0,32,0.5818575,0.0006038291612640023
1371,44051,2.300585937500001,0,36,0.5815155000000001,0.0003087019722443074
1372,44081,1.6013671875000006,0,30,0.5812305,0.00042311387369409204
1373,44111,1.7224609375000002,0,30,0.5809455,0.000710159249138087
1374,44143,1.884374999999999,0,32,0.5806415,0.03301665931940079
1375,44176,1.9803710937500005,0,33,0.580328,0.0002070212794933468
1376,44207,1.5992187499999995,0,31,0.5800335,0.0005462946137413383
1377,44237,1.6311523437499997,0,30,0.5797485,0.0005816605407744646
1378,44268,1.822265625,0,31,0.579454,0.0007068521808832884
1379,44296,1.4810546875,0,28,0.579188,0.00035967552685178816
1380,44334,2.460742187500001,0,38,0.578827,0.0014224722981452942
1381,44366,1.6990234375000002,0,32,0.578523,0.0019206292927265167
1382,44397,1.7947265625000006,0,31,0.5782285,0.00032951036700978875
1383,44426,1.6322265624999996,0,29,0.577953,0.00022856025316286832
1384,44456,1.65478515625,0,30,0.5776680000000001,0.0005564534803852439
1385,44487,1.7784179687500004,0,31,0.5773735,0.0005995264509692788
1386,44522,2.1706054687500003,0,35,0.577041,0.00210498902015388
1387,44553,1.6732421874999996,0,31,0.5767465,0.00029314932180568576
1388,44586,2.0232421875,0,33,0.576433,0.0002804041432682425
1389,44616,1.7160156250000003,0,30,0.576148,0.0003841381403617561
1390,44648,1.6576171875,0,32,0.575844,0.0002904612338170409
1391,44680,1.8931640625000004,0,32,0.57554,0.0005646153585985303
1392,44710,1.7157226562499996,0,30,0.5752550000000001,0.0015334836207330227
1393,44742,1.9093750000000003,0,32,0.574951,0.0013067570980638266
1394,44774,1.9022460937499992,0,32,0.574647,0.0005467493901960552
1395,44821,3.026367187500001,0,47,0.5742005,0.0003198743797838688
1396,44857,2.2392578125,0,36,0.5738585,0.0010538820642977953
1397,44893,2.14267578125,0,36,0.5735165,0.0007937452755868435
1398,44925,1.8994140625,0,32,0.5732125,0.0016541837248951197
1399,44960,1.9285156249999997,0,35,0.5728800000000001,0.00015136114961933345
1400,44993,1.767871093750001,0,33,0.5725665,0.000332456489559263
1401,45023,1.6256835937499998,0,30,0.5722815,0.0008053577621467412
1402,45054,1.6572265625,0,31,0.571987,0.0009923081379383802
1403,45085,1.6179687500000006,0,31,0.5716925,0.0010371864773333073
1404,45122,2.123046875,0,37,0.571341,0.000379228382371366
1405,45155,1.9562500000000003,0,33,0.5710275,0.0005176308332011104
1406,45187,1.909082031250001,0,32,0.5707235,0.001410930184647441
1407,45217,1.6642578124999998,0,30,0.5704385000000001,0.0002720504126045853
1408,45251,1.9275390624999993,0,34,0.5701155,0.0007874363218434155
1409,45281,1.6537109374999992,0,30,0.5698305,0.00021860635024495423
1410,45312,1.7792968750000004,0,31,0.569536,0.0024251360446214676
1411,45343,1.6878906249999996,0,31,0.5692415,0.0004669932823162526
1412,45376,1.9862304687499996,0,33,0.5689280000000001,0.0003435418475419283
1413,45405,1.4935546874999996,0,29,0.5686525,0.0015190700069069862
1414,45438,2.0062500000000005,0,33,0.568339,0.00030565448105335236
1415,45471,2.01484375,0,33,0.5680255000000001,0.0005777800106443465
1416,45503,1.855371093750001,0,32,0.5677215,0.00026706853532232344
1417,45536,1.96884765625,0,33,0.567408,0.00045333284651860595
1418,45568,1.68603515625,0,32,0.567104,0.00036246783565729856
1419,45606,2.4816406250000003,0,38,0.566743,0.0005172389792278409
1420,45636,1.5901367187499997,0,30,0.566458,0.00035848896368406713
1421,45666,1.59326171875,0,30,0.566173,0.0003785998560488224
1422,45702,2.1000000000000005,0,36,0.565831,0.00020311908156145364
1423,45733,1.7812500000000004,0,31,0.5655365,0.00031545237288810313
1424,45763,1.6912109375000002,0,30,0.5652515,0.0013518881751224399
1425,45793,1.6355468750000002,0,30,0.5649665,0.0006755392532795668
1426,45826,2.0014648437499996,0,33,0.5646530000000001,0.0024469876661896706
1427,45857,1.8037109375,0,31,0.5643585,0.00035093360929749906
1428,45889,1.6862304687500003,0,32,0.5640545,0.0005146997282281518
1429,45920,1.6040039062500004,0,31,0.56376,0.0003131739213131368
1430,45953,1.9475585937499997,0,33,0.5634465,0.00040232547326013446
1431,45983,1.7058593749999997,0,30,0.5631615,0.0003059538430534303
1432,46025,2.7044921875,0,42,0.5627625,0.0009078505681827664
1433,46075,3.6177734375000004,0,50,0.5622875,0.0003466046182438731
1434,46105,1.72255859375,0,30,0.5620025,0.000749918632209301
1435,46135,1.5325195312500002,0,30,0.5617175000000001,0.0013789328513666987
1436,46170,1.9732421874999995,0,35,0.561385,0.0006740773096680641
1437,46201,1.7199218749999994,0,31,0.5610905,0.0008904995629563928
1438,46234,1.9729492187499988,0,33,0.5607770000000001,0.0004560866509564221
1439,46265,1.8144531250000004,0,31,0.5604825,0.0003788167086895555
1440,46298,1.7633789062500007,0,33,0.560169,0.0004261494323145598
1441,46330,1.6888671874999996,0,32,0.5598650000000001,0.0014261205215007067
1442,46376,3.0936523437500005,0,46,0.559428,0.0004961649538017809
1443,46407,1.6455078125000004,0,31,0.5591335000000001,0.00041326452628709376
1444,46438,1.75830078125,0,31,0.5588390000000001,0.00017018226208165288
1445,46482,2.8968749999999983,0,44,0.5584210000000001,0.0002762921212706715
1446,46516,2.11015625,0,34,0.558098,0.000307248265016824
1447,46547,1.7976562500000006,0,31,0.5578035,0.0006342902197502553
1448,46584,2.050878906250001,0,37,0.5574520000000001,0.0006995722651481628
1449,46615,1.8235351562500002,0,31,0.5571575,0.00040270001045428216
1450,46647,1.8401367187499997,0,32,0.5568535,0.0008766133105382323
1451,46684,2.1486328125000003,0,37,0.556502,0.0007852960843592882
1452,46723,2.45283203125,0,39,0.5561315,0.000871837604790926
1453,46773,3.5856445312500007,0,50,0.5556565,0.0003115063882432878
1454,46809,2.2353515624999996,0,36,0.5553144999999999,0.0013602570397779346
1455,46839,1.6952148437500005,0,30,0.5550295000000001,0.0008765638340264559
1456,46874,2.010937499999999,0,35,0.554697,0.0010353275574743748
1457,46912,2.3880859375000005,0,38,0.554336,0.0004156074719503522
1458,46944,1.6947265625,0,32,0.5540320000000001,0.0006600568885914981
1459,46994,3.1597656250000012,0,50,0.5535570000000001,0.00038421840872615576
1460,47033,2.3703125000000003,0,39,0.5531865,0.00023059264640323818
1461,47070,2.2938476562500005,0,37,0.552835,0.0020495313219726086
1462,47113,2.9375000000000004,0,43,0.5524265,0.00046589859994128346
1463,47163,3.5417968749999993,0,50,0.5519515,0.0006326808943413198
1464,47208,3.0828125,0,45,0.551524,0.00024711090372875333
1465,47238,1.5950195312500002,0,30,0.551239,0.0005731650744564831
1466,47268,1.6925781249999998,0,30,0.550954,0.00036763070966117084
1467,47301,1.8333007812499997,0,33,0.5506405000000001,0.0006562548805959523
1468,47334,1.9683593750000004,0,33,0.550327,0.00016724156739655882
1469,47365,1.82177734375,0,31,0.5500324999999999,0.0006118257879279554
1470,47396,1.8191406250000002,0,31,0.5497380000000001,0.0007259842241182923
1471,47429,1.7703125000000002,0,33,0.5494245,0.0016866064397618175
1472,47461,1.8851562499999996,0,32,0.5491205000000001,0.0007657773676328361
1473,47493,1.7537109375000002,0,32,0.5488165,0.0009929065126925707
1474,47522,1.583984375,0,29,0.5485410000000001,0.00031115859746932983
1475,47551,1.5703125,0,29,0.5482655000000001,0.0005100230919197202
1476,47583,1.79482421875,0,32,0.5479615,0.0004121272941119969
1477,47615,1.9258789062499995,0,32,0.5476575,0.001674409257248044
1478,47651,2.3072265625000004,0,36,0.5473155000000001,0.00041352128027938306
1479,47683,1.7696289062499995,0,32,0.5470115,0.0008742547943256795
1480,47733,3.231152343749999,0,50,0.5465365,0.0002724869700614363
1481,47768,2.1273437500000005,0,35,0.546204,0.00028544123051688075
1482,47802,1.9513671875000012,0,34,0.5458810000000001,0.00019784204778261483
1483,47835,1.9132812499999998,0,33,0.5455675,0.00010211541666649282
1484,47865,1.6221679687500004,0,30,0.5452825,0.00045456603402271867
1485,47910,3.0584960937500014,0,45,0.544855,0.009521282278001308
1486,47945,2.1191406250000004,0,35,0.5445225,0.00029134820215404034
1487,47977,1.6626953125,0,32,0.5442185,0.0014833657769486308
1488,48010,1.8342773437499997,0,33,0.543905,0.0007260565180331469
1489,48046,2.08759765625,0,36,0.543563,0.0007934545865282416
1490,48081,1.9765624999999996,0,35,0.5432305,0.0005200014566071332
1491,48151,5.414062500000003,0,70,0.5425655,0.00039528103661723435
1492,48185,1.8877929687500008,0,34,0.5422425,0.0012322511756792665
1493,48218,1.8333984375,0,33,0.5419290000000001,0.0004928918788209558
1494,48251,1.8078125000000003,0,33,0.5416155,0.0003641963703557849
1495,48283,1.909765625,0,32,0.5413115000000001,0.0012475941330194473
1496,48327,2.86552734375,0,44,0.5408935,0.0005184013862162828
1497,48364,2.377734375000001,0,37,0.5405420000000001,0.0003525579231791198
1498,48395,1.666015625,0,31,0.5402475,0.0005192401586100459
1499,48431,2.2248046875000003,0,36,0.5399054999999999,0.0007752341916784644
1500,48466,2.040039062500001,0,35,0.5395730000000001,0.00027081178268417716
1501,48499,1.8957031250000003,0,33,0.5392595,0.0011865755077451468
1502,48536,2.339355468750001,0,37,0.5389079999999999,0.0005021818797104061
1503,48569,2.0001953125,0,33,0.5385945000000001,0.0008778085466474295
1504,48604,2.17490234375,0,35,0.538262,0.0030309902504086494
1505,48643,2.43447265625,0,39,0.5378915,0.0008838413050398231
1506,48676,1.8697265625,0,33,0.537578,0.0006453429814428091
1507,48718,2.6602539062500004,0,42,0.5371790000000001,0.0015690543223172426
1508,48753,1.9592773437499988,0,35,0.5368465,0.000295976031338796
1509,48794,2.6846679687500012,0,41,0.536457,0.0005723078502342105
1510,48828,1.8988281249999996,0,34,0.5361340000000001,0.0011019648518413305
1511,48860,1.88583984375,0,32,0.53583,0.00041901663644239306
1512,48903,2.9330078124999996,0,43,0.5354215,0.00048822310054674745
1513,48936,1.9713867187500007,0,33,0.535108,0.0006637722835876048
1514,48970,2.073925781250001,0,34,0.5347850000000001,0.0005788839189335704
1515,49007,2.3564453124999996,0,37,0.5344335,0.0009107223013415933
1516,49039,1.84716796875,0,32,0.5341295,0.00076809071470052
1517,49076,2.3893554687500003,0,37,0.5337780000000001,0.0016986425034701824
1518,49113,2.396972656250001,0,37,0.5334265,0.0007879954064264894
1519,49144,1.6170898437500005,0,31,0.533132,0.0007745891343802214
1520,49179,2.1038085937499997,0,35,0.5327995000000001,0.0019570044241845608
1521,49211,1.86279296875,0,32,0.5324955,0.0005522234132513404
1522,49246,2.0276367187500006,0,35,0.5321629999999999,0.00042644637869670987
1523,49281,2.03837890625,0,35,0.5318305,0.0014058741508051753
1524,49312,1.7638671874999998,0,31,0.531536,0.0008205832564271986
1525,49346,1.9708007812500004,0,34,0.5312129999999999,0.0012288715224713087
1526,49381,2.1940429687499994,0,35,0.5308805,0.0005002912948839366
1527,49412,1.7874023437500002,0,31,0.530586,0.0007458074251189828
1528,49443,1.6383789062499998,0,31,0.5302915,0.0006144570652395487
1529,49478,2.1202148437500004,0,35,0.5299590000000001,0.00037101953057572246
1530,49514,2.041015625,0,36,0.529617,0.0005090996855869889
1531,49546,1.7943359375000005,0,32,0.529313,0.0015406825114041567
1532,49576,1.6230468750000004,0,30,0.529028,0.0005167658673599362
1533,49607,1.6899414062499996,0,31,0.5287335,0.0008227016078308225
1534,49641,1.9146484375000004,0,34,0.5284105,0.0007361030438914895
1535,49674,1.8851562499999988,0,33,0.528097,0.0005383726675063372
1536,49703,1.6339843750000003,0,29,0.5278214999999999,0.001119472086429596
1537,49736,1.9510742187499992,0,33,0.527508,0.00031477416632696986
1538,49770,2.1203125,0,34,0.527185,0.0004631777701433748
1539,49806,2.267480468749999,0,36,0.526843,0.00043023936450481415
1540,49836,1.6808593750000003,0,30,0.526558,0.0008662200416438282
1541,49871,2.1049804687499996,0,35,0.5262255,0.0005472084740176797
1542,49907,2.269335937499999,0,36,0.5258835,0.0012271103914827108
1543,49944,2.3588867187500004,0,37,0.525532,0.0007963175885379314
1544,49979,2.20400390625,0,35,0.5251995,0.0008700173930265009
1545,50032,3.9627929687500005,0,53,0.524696,0.0003405768075026572
1546,50068,2.23564453125,0,36,0.524354,0.00022601374075748026
1547,50099,1.7587890625,0,31,0.5240594999999999,0.0006757961236871779
1548,50142,2.8463867187500007,0,43,0.5236510000000001,0.0005914903013035655
1549,50195,3.8481445312500018,0,53,0.5231475000000001,0.0004819510504603386
1550,50228,1.96923828125,0,33,0.522834,0.0002453310298733413
1551,50267,2.4211914062499997,0,39,0.5224635000000001,0.0007108845165930688
1552,50300,2.01787109375,0,33,0.52215,0.00034980993950739503
1553,50334,1.8600585937500003,0,34,0.521827,0.00438371067866683
1554,50372,2.4109375,0,38,0.5214660000000001,0.0003039324947167188
1555,50409,2.3822265625,0,37,0.5211144999999999,0.0008929069736041129
1556,50441,1.7839843750000002,0,32,0.5208105000000001,0.0004794486449100077
1557,50475,1.9440429687500007,0,34,0.5204875,0.0003344096476212144
1558,50513,2.4172851562500015,0,38,0.5201265,0.0006328393938019872
1559,50548,2.082128906250001,0,35,0.519794,0.0004526662523858249
1560,50591,2.693554687500001,0,43,0.5193855,0.0004910993739031255
1561,50623,1.7068359375000006,0,32,0.5190815000000001,0.0004230922495480627
1562,50659,2.143359375,0,36,0.5187395,0.0005070188199169934
1563,50699,2.6041992187500003,0,40,0.5183595,0.00021955724514555186
1564,50733,1.97314453125,0,34,0.5180365,0.0002999579592142254
1565,50782,3.4710937500000014,0,49,0.517571,0.0003310788597445935
1566,50815,1.7763671875000004,0,33,0.5172575,0.0013115988112986088
1567,50851,2.300878906249999,0,36,0.5169155000000001,0.0004005995288025588
1568,50899,3.3771484375000007,0,48,0.5164595,0.0006583582144230604
1569,50931,1.8857421874999996,0,32,0.5161555,0.000154769528307952
1570,50969,2.4150390625,0,38,0.5157945,0.0003852924855891615
1571,51003,1.9835937500000003,0,34,0.5154715000000001,0.0012638842454180121
1572,51039,2.279589843750001,0,36,0.5151295,0.0002450635947752744
1573,51073,1.9318359374999994,0,34,0.5148065,0.00076442735735327
1574,51111,2.2916015624999995,0,38,0.5144455000000001,0.0007679102709516883
1575,51168,4.35537109375,0,57,0.513904,0.00037080864422023296
1576,51207,2.61923828125,0,39,0.5135335,0.00018375662330072373
1577,51240,2.00625,0,33,0.51322,0.002333426382392645
1578,51277,2.3865234374999997,0,37,0.5128685000000001,0.0003762992564588785
1579,51320,2.623242187500001,0,43,0.51246,0.0003198238555341959
1580,51351,1.7927734375000002,0,31,0.5121655,0.003862546756863594
1581,51399,3.0900390625,0,48,0.5117095,0.00042670569382607937
1582,51431,1.9196289062499998,0,32,0.5114055,0.00035958271473646164
1583,51462,1.5907226562499996,0,31,0.5111110000000001,0.0002461209078319371
1584,51509,3.291015625000001,0,47,0.5106645,0.0005941061535850167
1585,51544,2.1905273437500004,0,35,0.510332,0.0006511848187074065
1586,51575,1.7659179687500002,0,31,0.5100374999999999,0.0006242558592930436
1587,51614,2.53984375,0,39,0.509667,0.0032587414607405663
1588,51646,1.90185546875,0,32,0.509363,0.00038967502769082785
1589,51698,3.6826171875,0,52,0.508869,0.0002587332855910063
1590,51733,2.1740234375000007,0,35,0.5085365000000001,0.002835797844454646
1591,51763,1.6470703125,0,30,0.5082515,0.0004179275128990412
1592,51795,1.8266601562499996,0,32,0.5079475,0.0003789903421420604
1593,51832,2.2585937500000006,0,37,0.507596,0.0012201947392895818
1594,51865,1.9909179687500003,0,33,0.5072825,0.0004770403611473739
1595,51908,2.7493164062500006,0,43,0.506874,0.0005761690554209054
1596,51942,2.08203125,0,34,0.506551,0.0004633234057109803
1597,51989,3.2701171874999995,0,47,0.5061045000000001,0.00038625262095592916
1598,52021,1.9112304687499995,0,32,0.5058005000000001,0.0002471586049068719
1599,52054,1.9930664062500005,0,33,0.505487,0.00037005034391768277
1600,52087,1.9878906250000004,0,33,0.5051734999999999,0.000329131493344903
1601,52119,1.7724609375000004,0,32,0.5048695,0.0004998139920644462
1602,52152,1.7727539062499993,0,33,0.504556,0.0010182373225688934
1603,52186,2.104101562500001,0,34,0.504233,0.0008067943854257464
1604,52217,1.60986328125,0,31,0.5039385000000001,0.0003222762024961412
1605,52254,2.24306640625,0,37,0.503587,0.0004852350102737546
1606,52288,1.9725585937499996,0,34,0.5032639999999999,0.00047341358731500804
1607,52321,2.0071289062499993,0,33,0.5029505000000001,0.0004827868251595646
1608,52364,2.7164062500000004,0,43,0.502542,0.0008630721131339669
1609,52395,1.8295898437500004,0,31,0.5022475,0.00012493834947235882
1610,52426,1.6833984375000002,0,31,0.5019530000000001,0.0005509243346750736
1611,52457,1.816796875,0,31,0.5016585,0.0008440789533779025
1612,52492,1.9474609375000003,0,35,0.5013259999999999,0.0002947025350295007
1613,52529,2.273437500000001,0,37,0.5009745,0.0007743518799543381
1614,52566,2.256054687500001,0,37,0.500623,0.0007167602889239788
1615,52603,2.3437499999999996,0,37,0.5002715,0.001086647156625986
1616,52638,1.9142578125000007,0,35,0.499939,0.0010757549898698926
1617,52670,1.7360351562500003,0,32,0.49963500000000005,0.0004829486715607345
1618,52701,1.7570312500000007,0,31,0.4993405000000001,0.00029006213298998773
1619,52738,2.3830078125000003,0,37,0.498989,0.00041926378617063165
1620,52771,1.7705078124999991,0,33,0.49867550000000005,0.00037845701444894075
1621,52810,2.5943359375,0,39,0.498305,0.0003241191152483225
1622,52856,3.3096679687500004,0,46,0.497868,0.0004486270481720567
1623,52891,1.9443359375000004,0,35,0.4975355,0.0008295286679640412
1624,52924,1.9184570312499996,0,33,0.49722199999999994,0.0003979534958489239
1625,52956,1.7913085937499997,0,32,0.49691799999999997,0.00024662428768351674
1626,52991,2.1923828125,0,35,0.4965855,0.0003971460391767323
1627,53021,1.5170898437500004,0,30,0.49630050000000003,0.0007437126478180289
1628,53059,2.1821289062500004,0,38,0.4959395,0.0006369559559971094
1629,53094,2.0972656249999995,0,35,0.495607,0.0009055145201273263
1630,53129,2.14013671875,0,35,0.49527449999999995,0.0012836154783144593
1631,53172,2.7951171875000016,0,43,0.49486600000000003,0.0016900957562029362
1632,53205,1.9606445312499998,0,33,0.49455249999999995,0.0009132326813414693
1633,53246,2.6521484375,0,41,0.494163,0.00047838070895522833
1634,53281,2.1869140625,0,35,0.49383050000000006,0.0005441243993118405
1635,53322,2.74990234375,0,41,0.493441,0.0005327325779944658
1636,53358,2.272167968749999,0,36,0.49309899999999995,0.00038560101529583335
1637,53396,2.483789062500001,0,38,0.492738,0.000790554448030889
1638,53435,2.5401367187499995,0,39,0.49236750000000007,0.0004077223129570484
1639,53480,2.9753906250000006,0,45,0.49193999999999993,0.00037282524863258004
1640,53523,2.844140625000001,0,43,0.4915315,0.00041229266207665205
1641,53558,2.1805664062500005,0,35,0.49119900000000005,0.0013704649172723293
1642,53595,2.369628906250001,0,37,0.4908475,0.0017484206473454833
1643,53628,2.0055664062500007,0,33,0.490534,0.020691076293587685
1644,53670,2.7736328125,0,42,0.4901350000000001,0.0005053483182564378
1645,53702,1.9135742187500004,0,32,0.489831,0.016152817755937576
1646,53737,2.09873046875,0,35,0.48949850000000006,0.0002816682099364698
1647,53775,2.45400390625,0,38,0.4891375000000001,0.0008971282513812184
1648,53812,2.2546875000000006,0,37,0.48878599999999994,0.0002760763163678348
1649,53845,2.0028320312500005,0,33,0.4884725000000001,0.0006001126021146774
1650,53879,2.12744140625,0,34,0.4881495,0.0009166180389001966
1651,53915,2.05419921875,0,36,0.48780750000000006,0.0006290609599091113
1652,53947,1.902734375,0,32,0.4875035,0.000716322218067944
1653,53977,1.5364257812499997,0,30,0.4872185,0.0004353415861260146
1654,54014,2.37138671875,0,37,0.48686700000000005,0.0010653103236109018
1655,54058,2.689160156250001,0,44,0.486449,0.0012666750699281693
1656,54089,1.8130859374999995,0,31,0.48615450000000004,0.0006309730815701187
1657,54136,2.9544921874999996,0,47,0.48570800000000003,0.000379538512788713
1658,54169,1.9074218749999998,0,33,0.48539450000000006,0.00025447842199355364
1659,54207,2.4391601562500003,0,38,0.4850335,0.0004922749940305948
1660,54243,2.0794921875,0,36,0.48469150000000005,0.0008912332123145461
1661,54280,2.3780273437500004,0,37,0.4843400000000001,0.0004368983500171453
1662,54313,1.9877929687500004,0,33,0.4840265,0.0003759682585950941
1663,54353,2.5615234375000013,0,40,0.4836465000000001,0.0004142489633522928
1664,54388,2.2124023437500004,0,35,0.483314,0.0008477497613057494
1665,54426,2.5006835937500007,0,38,0.4829530000000001,0.00032322146580554545
1666,54462,2.2290039062499996,0,36,0.482611,0.0006286952411755919
1667,54516,3.7733398437499996,0,54,0.482098,0.000736273534130305
1668,54555,2.571484375,0,39,0.4817275000000001,0.0003893933317158371
1669,54595,2.6530273437500003,0,40,0.48134749999999993,0.004534129984676838
1670,54629,1.9699218750000007,0,34,0.48102449999999997,0.0016995575278997421
1671,54665,2.1619140625,0,36,0.4806825,0.001414735452271998
1672,54711,3.11962890625,0,46,0.4802455,0.0004069336282555014
1673,54744,1.9636718750000002,0,33,0.479932,0.000939645804464817
1674,54784,2.6123046875000004,0,40,0.479552,0.017030224204063416
1675,54823,2.2639648437500006,0,39,0.47918150000000004,0.00780353182926774
1676,54858,1.9773437500000002,0,35,0.4788490000000001,0.0013003014028072357
1677,54901,2.9728515625000003,0,43,0.47844050000000005,0.00036944792373105884
1678,54941,2.369238281250001,0,40,0.4780605000000001,0.0004306705668568611
1679,54973,1.7408203125000004,0,32,0.47775650000000003,0.048133280128240585
1680,55012,2.3358398437500005,0,39,0.477386,0.0018708326388150454
1681,55048,2.2711914062500003,0,36,0.477044,0.0007976072374731302
1682,55088,2.4477539062499996,0,40,0.476664,0.00029019941575825214
1683,55124,2.216015624999999,0,36,0.476322,0.0008484238060191274
1684,55155,1.82705078125,0,31,0.47602750000000005,0.0007044567028060555
1685,55194,2.4330078125000005,0,39,0.475657,0.00072487723082304
1686,55228,1.9626953125000006,0,34,0.47533400000000003,0.0004938703496009111
1687,55279,3.3758789062500005,0,51,0.47484950000000004,0.00046023083268664777
1688,55308,1.55166015625,0,29,0.47457400000000005,0.0006939230370335281
1689,55343,2.2019531249999997,0,35,0.4742415000000001,0.0011340868659317493
1690,55375,1.9093749999999998,0,32,0.4739375,0.0010959008941426873
1691,55427,3.778515624999999,0,52,0.4734435,0.00036075012758374214
1692,55463,2.0882812500000005,0,36,0.47310150000000006,0.0016874665161594748
1693,55499,2.16318359375,0,36,0.4727595,0.0004455236776266247
1694,55538,2.527343749999999,0,39,0.47238900000000006,0.0006029210635460913
1695,55597,4.279785156249999,0,59,0.4718285000000001,0.0006303174304775894
1696,55636,2.530078124999999,0,39,0.47145800000000004,0.0006460970034822822
1697,55671,2.1977539062500004,0,35,0.4711255,0.0013715852983295918
1698,55707,2.22294921875,0,36,0.4707835,0.0003313034540042281
1699,55741,2.06875,0,34,0.47046050000000006,0.0009530605748295784
1700,55777,2.2090820312499995,0,36,0.4701185,0.0008125291205942631
1701,55810,1.92763671875,0,33,0.46980500000000003,0.00039330520667135715
1702,55850,2.5248046874999988,0,40,0.469425,0.0007174996426329017
1703,55886,2.1494140624999996,0,36,0.469083,0.0004248222103342414
1704,55952,5.03154296875,0,66,0.468456,0.0007132976897992194
1705,55993,2.5506835937500005,0,41,0.46806649999999994,0.0017600698629394174
1706,56040,2.9511718749999996,0,47,0.46762000000000004,0.0004695605020970106
1707,56072,1.9224609375,0,32,0.46731600000000006,0.0007494606543332338
1708,56119,3.2668945312499993,0,47,0.46686950000000005,0.00018591145635582507
1709,56171,3.6609374999999993,0,52,0.46637549999999994,0.0007615473004989326
1710,56215,2.95205078125,0,44,0.4659575,0.001299123978242278
1711,56259,2.7675781249999987,0,44,0.4655395,0.0020783275831490755
1712,56293,2.094042968750001,0,34,0.46521650000000003,0.0012395858066156507
1713,56325,1.8982421875000002,0,32,0.46491249999999995,0.000753450789488852
1714,56374,3.5238281249999996,0,49,0.46444700000000005,0.00042063702130690217
1715,56406,1.7797851562500004,0,32,0.464143,0.00048727571265771985
1716,56444,2.461425781250001,0,38,0.463782,0.0009274511830881238
1717,56483,2.574707031249999,0,39,0.4634115,0.0006277351640164852
1718,56533,3.512207031250001,0,50,0.4629365,0.0005002503748983145
1719,56578,3.1122070312500014,0,45,0.46250900000000006,0.000833628699183464
1720,56616,2.488671875,0,38,0.462148,0.0006163243670016527
1721,56658,2.752636718750001,0,42,0.4617490000000001,0.00021989422384649515
1722,56690,1.89365234375,0,32,0.4614450000000001,0.0008432114263996482
1723,56732,2.6665039062499982,0,42,0.46104599999999996,0.0003815933596342802
1724,56769,2.23408203125,0,37,0.4606945,0.00014595763059332967
1725,56811,2.685644531250001,0,42,0.46029549999999997,0.0012583027128130198
1726,56861,3.292968750000001,0,50,0.4598205000000001,0.0002983811718877405
1727,56899,2.43359375,0,38,0.4594595,0.0005841039819642901
1728,56955,3.751562500000002,0,56,0.45892750000000004,0.0004712335648946464
1729,56992,2.1287109375,0,37,0.4585760000000001,0.0007503573433496058
1730,57027,2.11923828125,0,35,0.4582435,0.0008977015968412161
1731,57075,3.4053710937499995,0,48,0.4577875,0.0009479433647356927
1732,57113,2.4810546875000004,0,38,0.45742649999999996,0.0014750511618331075
1733,57148,2.1581054687499988,0,35,0.457094,0.0006058512954041362
1734,57186,2.4845703125000003,0,38,0.45673299999999994,0.0008012839825823903
1735,57227,2.695605468750001,0,41,0.4563435000000001,0.0003123902133665979
1736,57264,2.264257812500001,0,37,0.45599199999999995,0.0004677990509662777
1737,57316,3.49775390625,0,52,0.45549800000000007,0.0008473542984575033
1738,57362,3.1845703125,0,46,0.45506100000000005,0.001134556601755321
1739,57421,4.110253906249999,0,59,0.4545005,0.0005355258472263813
1740,57455,1.93955078125,0,34,0.4541775,0.0006506677018478513
1741,57486,1.6719726562499995,0,31,0.45388300000000004,0.0005356157198548317
1742,57519,2.0070312500000003,0,33,0.45356950000000007,0.0015866979956626892
1743,57562,2.870800781250002,0,43,0.45316100000000004,0.0005221933824941516
1744,57603,2.5005859375000004,0,41,0.4527715,0.0009080067393369973
1745,57639,2.2935546875000004,0,36,0.45242950000000004,0.0013439669273793697
1746,57694,3.8797851562499988,0,55,0.45190700000000006,0.0005518230027519166
1747,57750,4.16669921875,0,56,0.45137499999999997,0.0005161280860193074
1748,57785,2.06123046875,0,35,0.4510425,0.00043686284334398806
1749,57818,1.9811523437500003,0,33,0.45072900000000005,0.0004626295412890613
1750,57861,2.84970703125,0,43,0.4503205,0.0022342191077768803
1751,57897,2.159765624999999,0,36,0.44997850000000006,0.0002183389151468873
1752,57941,2.84619140625,0,44,0.44956050000000003,0.00028369168285280466
1753,57980,2.37509765625,0,39,0.4491900000000001,0.000640803191345185
1754,58014,1.9577148437500003,0,34,0.448867,0.00201106327585876
1755,58045,1.8125000000000009,0,31,0.44857250000000004,0.0007600532844662666
1756,58094,3.4958984375,0,49,0.44810700000000003,0.0004177735827397555
1757,58138,2.9199218750000004,0,44,0.447689,0.0024125762283802032
1758,58183,3.1236328125000004,0,45,0.4472615000000001,0.012671452015638351
1759,58219,2.0339843749999993,0,36,0.4469195,0.0003299355157651007
1760,58257,2.2375976562499993,0,38,0.44655849999999997,0.041675858199596405
1761,58290,1.9415039062500004,0,33,0.446245,0.00047899127821438015
1762,58337,2.9582031250000007,0,47,0.4457985,0.0013550128787755966
1763,58378,2.6999999999999984,0,41,0.44540900000000005,0.0005791491130366921
1764,58417,2.315332031250001,0,39,0.4450385,0.0005837627686560154
1765,58457,2.5958007812500004,0,40,0.44465849999999996,0.0005683823255822062
1766,58489,1.7591796875000005,0,32,0.4443545,0.0007345240446738899
1767,58525,2.20517578125,0,36,0.44401250000000003,0.00035716115962713957
1768,58564,2.3584960937500004,0,39,0.443642,0.0007211030460894108
1769,58602,2.2941406249999994,0,38,0.44328100000000004,0.00044643913861364126
1770,58659,4.331933593750001,0,57,0.44273950000000006,0.0006116194417700171
1771,58718,4.487792968750001,0,59,0.442179,0.0007270509959198534
1772,58772,4.040136718750001,0,54,0.441666,0.000562453584279865
1773,58818,3.2058593749999993,0,46,0.441229,0.00027430575573816895
1774,58850,1.8596679687500002,0,32,0.440925,0.000870298536028713
1775,58884,1.9686523437499996,0,34,0.44060200000000005,0.002176377922296524
1776,58917,1.9799804687500004,0,33,0.4402885000000001,0.0005313543369993567
1777,58952,2.076171874999999,0,35,0.439956,0.000245310744503513
1778,58986,2.1168945312500003,0,34,0.43963299999999994,0.0007429628167301416
1779,59031,3.05244140625,0,45,0.4392055,0.002540694549679756
1780,59066,2.0355468749999996,0,35,0.43887300000000007,0.0022276537492871284
1781,59103,2.32294921875,0,37,0.4385215,0.0017789058620110154
1782,59136,1.9529296875000002,0,33,0.43820800000000004,0.0015436654211953282
1783,59195,4.42216796875,0,59,0.4376475000000001,0.0002964123268611729
1784,59240,3.0078125,0,45,0.43721999999999994,0.0007353395922109485
1785,59276,2.2828125,0,36,0.4368780000000001,0.0005885662976652384
1786,59327,3.4776367187499995,0,51,0.4363935000000001,0.0005276292795315385
1787,59375,3.3912109375000004,0,48,0.4359375,0.0008900284883566201
1788,59424,3.481445312500001,0,49,0.4354720000000001,0.0005110660567879677
1789,59463,2.5537109375,0,39,0.43510150000000003,0.000690567190758884
1790,59527,4.908203124999999,0,64,0.4344935000000001,0.00039671387639828026
1791,59568,2.6165039062499997,0,41,0.43410400000000005,0.000989165622740984
1792,59609,2.7333984375000004,0,41,0.4337145,0.00047316946438513696
1793,59644,2.1892578125,0,35,0.43338200000000004,0.0010382307227700949
1794,59692,3.38408203125,0,48,0.43292600000000003,0.000962188234552741
1795,59734,2.78759765625,0,42,0.432527,0.00031783198937773705
1796,59780,3.103515625000001,0,46,0.43209,0.00039064930751919746
1797,59827,3.314941406249999,0,47,0.43164350000000007,0.00519473385065794
1798,59876,3.43876953125,0,49,0.43117800000000006,0.0007603387348353863
1799,59910,2.08291015625,0,34,0.4308550000000001,0.00045618467265740037
1800,59950,2.6275390625000004,0,40,0.43047499999999994,0.0007343917386606336
1801,59983,1.9111328125000004,0,33,0.4301615000000001,0.0006362577551044524
1802,60028,3.0218750000000014,0,45,0.42973399999999995,0.002665332518517971
1803,60067,2.5872070312499997,0,39,0.4293635,0.0014707059599459171
1804,60111,2.7303710937499996,0,44,0.4289455,0.00032024452229961753
1805,60157,2.987207031250002,0,46,0.42850849999999996,0.0008008676813915372
1806,60193,2.197558593750001,0,36,0.4281665,0.0005179606378078461
1807,60232,2.5846679687500003,0,39,0.42779600000000007,0.0005324842059053481
1808,60270,2.3881835937500004,0,38,0.427435,0.00036820751847699285
1809,60314,2.904589843749999,0,44,0.427017,0.00021627992100548
1810,60366,3.854003906249999,0,52,0.4265230000000001,0.0007492270087823272
1811,60448,6.321093749999998,0,82,0.425744,0.00086222990648821
1812,60503,3.8353515624999996,0,55,0.42522150000000003,0.001383769791573286
1813,60543,2.6616210937500004,0,40,0.4248415,0.0005863283877260983
1814,60587,2.7328125,0,44,0.42442349999999995,0.0006860733265057206
1815,60645,4.216210937500001,0,58,0.4238725,0.002020976971834898
1816,60680,1.9993164062500002,0,35,0.42354,0.0004425786901265383
1817,60732,3.748828125,0,52,0.42304600000000003,0.0027067200280725956
1818,60791,4.2103515625000005,0,59,0.42248550000000007,0.0005542128346860409
1819,60838,3.3526367187500012,0,47,0.42203899999999994,0.0008616632549092174
1820,60880,2.6084960937500004,0,42,0.42164,0.0006163222715258598
1821,60942,4.579101562499999,0,62,0.42105100000000006,0.0006915351841598749
1822,60981,2.4823242187500005,0,39,0.4206805,0.00043177709449082613
1823,61028,3.2486328125000004,0,47,0.420234,0.002046567387878895
1824,61073,2.91240234375,0,45,0.4198065000000001,0.0005409870063886046
1825,61108,2.1678710937500005,0,35,0.419474,0.0013553776079788804
1826,61150,2.5779296874999997,0,42,0.419075,0.0026845575775951147
1827,61189,2.412597656250001,0,39,0.41870450000000003,0.0020359063055366278
1828,61229,2.6074218750000013,0,40,0.4183245,0.0007101630326360464
1829,61271,2.6225585937500004,0,42,0.41792550000000006,0.0005351983127184212
1830,61338,4.5668945312500036,0,67,0.417289,0.002427884377539158
1831,61382,2.7603515625000004,0,44,0.416871,0.0004270821809768677
1832,61421,2.5658203124999988,0,39,0.41650049999999994,0.060832444578409195
1833,61458,2.1615234375,0,37,0.416149,0.0007412912673316896
1834,61488,1.6786132812500005,0,30,0.415864,0.0003134050639346242
1835,61540,3.880371093750001,0,52,0.41537000000000013,0.0016689859330654144
1836,61588,3.388183593750001,0,48,0.414914,0.0005966247408650815
1837,61637,3.448925781249999,0,49,0.4144485,0.0005774920573458076
1838,61678,2.755273437499999,0,41,0.41405900000000007,0.0005966185126453638
1839,61732,3.7997070312499996,0,54,0.4135460000000001,0.0009112644474953413
1840,61778,2.9110351562500005,0,46,0.41310900000000006,0.0008697473094798625
1841,61822,3.0353515625,0,44,0.41269100000000003,0.0004865755036007613
1842,61859,2.25927734375,0,37,0.4123395000000001,0.0006586998933926225
1843,61917,4.389160156249999,0,58,0.4117885,0.0004808110243175179
1844,61954,2.1908203125,0,37,0.41143700000000005,0.0013735557440668344
1845,62009,3.677734375000001,0,55,0.41091449999999996,0.000851327320560813
1846,62046,2.35185546875,0,37,0.410563,0.004100427031517029
1847,62147,8.21943359375,0,101,0.4096035,0.0018625902011990547
1848,62185,2.43935546875,0,38,0.40924250000000006,0.013704304583370686
1849,62219,2.0041015625000003,0,34,0.4089195,0.025444334372878075
1850,62260,2.586718749999999,0,41,0.40852999999999995,0.0006398494588211179
1851,62304,3.0759765625,0,44,0.40811200000000003,0.001192190800793469
1852,62353,3.4513671875,0,49,0.4076465,0.0008682622574269772
1853,62391,2.40654296875,0,38,0.4072855000000001,0.0004947345587424934
1854,62432,2.6544921874999994,0,41,0.40689600000000004,0.0024529111105948687
1855,62466,1.8687499999999995,0,34,0.4065730000000001,0.0006310474127531052
1856,62510,2.96044921875,0,44,0.40615500000000004,0.0006764980498701334
1857,62547,2.34326171875,0,37,0.4058035000000001,0.001163298380561173
1858,62591,2.9291992187499987,0,44,0.40538550000000007,0.001590015017427504
1859,62635,2.7771484374999993,0,44,0.40496750000000004,0.0009319589589722455
1860,62676,2.7642578125000004,0,41,0.404578,0.0006600632332265377
1861,62722,2.96162109375,0,46,0.4041410000000001,0.00039483432192355394
1862,62758,2.25126953125,0,36,0.403799,0.0004096017510164529
1863,62795,2.1568359375,0,37,0.40344750000000007,0.000273735320661217
1864,62868,5.612499999999997,0,73,0.40275400000000006,0.0006139184115454555
1865,62917,3.55517578125,0,49,0.40228850000000005,0.0002743951336015016
1866,62974,3.8836914062499996,0,57,0.4017470000000001,0.0006290049641393125
1867,63018,2.9760742187500013,0,44,0.40132900000000005,0.0028901295736432076
1868,63050,1.8488281250000003,0,32,0.4010250000000001,0.006354044657200575
1869,63108,4.254589843749998,0,58,0.4004740000000001,0.0009007034241221845
1870,63151,2.575,0,43,0.40006549999999996,0.0005556924734264612
1871,63187,2.2492187499999994,0,36,0.3997235,0.0003061555325984955
1872,63219,1.9112304687500004,0,32,0.39941950000000004,0.0012393896467983723
1873,63254,2.2099609375000004,0,35,0.3990870000000001,0.0012574105057865381
1874,63287,2.010546875,0,33,0.3987735,0.000735556532163173
1875,63347,4.409179687500001,0,60,0.39820350000000004,0.0006507716025225818
1876,63392,3.084277343750001,0,45,0.397776,0.0006554098217748106
1877,63449,4.25302734375,0,57,0.39723450000000005,0.0010939417406916618
1878,63493,3.0013671874999996,0,44,0.3968165,0.00033205823274329305
1879,63531,2.3764648437500004,0,38,0.39645549999999996,0.0006078624282963574
1880,63565,2.11240234375,0,34,0.3961325,0.0004880935011897236
1881,63611,3.2716796875000007,0,46,0.3956955000000001,0.0009279568330384791
1882,63665,3.9314453124999984,0,54,0.3951825,0.003898065537214279
1883,63711,3.1498046875000014,0,46,0.3947455000000001,0.0007255338132381439
1884,63765,3.877734375,0,54,0.3942325,0.0010785125195980072
1885,63813,3.161621093750001,0,48,0.3937765000000001,0.0018442331347614527
1886,63860,3.1349609375,0,47,0.39333000000000007,0.0015264744870364666
1887,63907,3.2202148437499982,0,47,0.39288350000000005,0.000494961510412395
1888,63947,2.456738281250001,0,40,0.3925035,0.000640887301415205
1889,63999,3.8675781249999996,0,52,0.3920095000000001,0.0012560528703033924
1890,64049,3.18681640625,0,50,0.3915345,0.0014165292959660292
1891,64098,3.158593749999998,0,49,0.391069,0.0004600356623996049
1892,64139,2.6474609374999996,0,41,0.39067950000000007,0.004422317259013653
1893,64170,1.78408203125,0,31,0.390385,0.0013655254151672125
1894,64205,1.9666992187500005,0,35,0.3900525,0.0006003216840326786
1895,64246,2.5141601562499996,0,41,0.389663,0.0015268268762156367
1896,64284,2.4651367187500006,0,38,0.38930200000000004,0.0006953009869903326
1897,64324,2.5496093750000006,0,40,0.388922,0.0007845000363886356
1898,64363,2.4139648437500005,0,39,0.38855150000000005,0.0007289046188816428
1899,64405,2.69345703125,0,42,0.3881525,0.0006855207029730082
1900,64453,3.2206054687500005,0,48,0.3876965,0.0007340429583564401
1901,64507,3.7207031249999973,0,54,0.3871835,0.0027984664775431156
1902,64574,4.554687500000002,0,67,0.3865470000000001,0.001603919081389904
1903,64611,2.223632812500001,0,37,0.3861955,0.002123019192367792
1904,64652,2.7124023437500013,0,41,0.3858060000000001,0.04008600488305092
1905,64692,2.6452148437499994,0,40,0.38542599999999994,0.0008567845216020942
1906,64747,3.9556640625000004,0,55,0.38490350000000007,0.0014174209209159017
1907,64785,2.354882812499999,0,38,0.3845425,0.005084414500743151
1908,64829,3.017480468749998,0,44,0.3841245,0.0011524205328896642
1909,64869,2.5216796874999994,0,40,0.38374450000000004,0.0005038249655626714
1910,64908,2.58603515625,0,39,0.383374,0.0008012221660465002
1911,64957,3.39892578125,0,49,0.3829085000000001,0.0013780184090137482
1912,64995,2.2239257812500006,0,38,0.38254750000000004,0.0006137111922726035
1913,65029,1.978515625,0,34,0.38222449999999997,0.00037923609488643706
1914,65079,3.6730468750000007,0,50,0.3817495000000001,0.0017328707035630941
1915,65121,2.827734374999999,0,42,0.38135050000000004,0.0007581226527690887
1916,65163,2.82900390625,0,42,0.3809515,0.0007431532139889896
1917,65204,2.4903320312500004,0,41,0.38056200000000007,0.0013795759296044707
1918,65241,2.3371093750000003,0,37,0.3802105,0.0020213706884533167
1919,65284,2.5894531250000004,0,43,0.3798020000000001,0.0019881457556039095
1920,65334,3.62373046875,0,50,0.37932699999999997,0.0005745881353504956
1921,65379,3.0827148437500016,0,45,0.37889950000000006,0.01889197528362274
1922,65427,3.04072265625,0,48,0.37844350000000004,0.0006490248488262296
1923,65484,4.146289062499999,0,57,0.37790200000000007,0.0012298279907554388
1924,65535,3.5971679687499982,0,51,0.3774175000000001,0.046659596264362335
1925,65569,2.07265625,0,34,0.3770945,0.0008557632099837065
1926,65608,2.53330078125,0,39,0.37672400000000006,0.0010123677784577012
1927,65638,1.7278320312499997,0,30,0.3764390000000001,0.0009567451197654009
1928,65696,4.422656250000001,0,58,0.375888,0.0009764891001395881
1929,65736,2.35859375,0,40,0.37550799999999995,0.0009578939061611891
1930,65779,2.7065429687500004,0,43,0.37509950000000003,0.0011300117475911975
1931,65816,2.2864257812500006,0,37,0.3747480000000001,0.0008178268326446414
1932,65859,2.955468750000001,0,43,0.37433950000000005,0.0017934369388967752
1933,65894,2.17060546875,0,35,0.3740070000000001,0.0005067337770015001
1934,65964,4.99150390625,0,70,0.37334200000000006,0.0007696567918173969
1935,65999,2.0819335937499996,0,35,0.3730095000000001,0.0016145394183695316
1936,66030,1.76083984375,0,31,0.372715,0.002097834600135684
1937,66071,2.6093749999999996,0,41,0.3723255,0.002237925538793206
1938,66116,3.0358398437500007,0,45,0.37189800000000006,0.0008115341188386083
1939,66148,1.8356445312500007,0,32,0.3715940000000001,0.0013504978269338608
1940,66185,2.1421875,0,37,0.37124250000000003,0.0015062459278851748
1941,66233,3.3046875,0,48,0.3707865,0.0006622524233534932
1942,66279,3.049804687499999,0,46,0.3703495,0.0005747939576394856
1943,66313,2.09892578125,0,34,0.37002650000000004,0.00036236175219528377
1944,66352,2.340917968750001,0,39,0.369656,0.0004414910508785397
1945,66385,2.01572265625,0,33,0.3693425,0.03066016547381878
1946,66420,2.1310546875,0,35,0.36901000000000006,0.0006855888059362769
1947,66468,3.1236328124999986,0,48,0.36855399999999994,0.0010887563694268465
1948,66514,2.99072265625,0,46,0.368117,0.0013217451050877571
1949,66556,2.752050781250001,0,42,0.367718,0.0005713550490327179
1950,66588,1.7554687499999995,0,32,0.367414,0.0008835315820761025
1951,66627,2.3445312499999993,0,39,0.36704349999999997,0.0013881438644602895
1952,66665,2.1791015624999988,0,38,0.3666825,0.0007473949226550758
1953,66700,2.1959960937500003,0,35,0.36634999999999995,0.0005844728439114988
1954,66745,3.19677734375,0,45,0.36592250000000004,0.0005631062667816877
1955,66798,3.809179687500002,0,53,0.36541900000000005,0.0009502100292593241
1956,66832,2.1000000000000005,0,34,0.365096,0.008224301971495152
1957,66877,3.09033203125,0,45,0.36466850000000006,0.0009620827622711658
1958,66920,2.9966796875000012,0,43,0.36426000000000003,0.0016157404752448201
1959,66980,4.197558593750001,0,60,0.36369000000000007,0.0005667966324836016
1960,67017,2.1804687500000006,0,37,0.3633385,0.0014658631989732385
1961,67061,2.7447265624999995,0,44,0.3629205,0.0007739084539934993
1962,67101,2.69111328125,0,40,0.36254050000000004,0.001564936712384224
1963,67139,2.4181640625,0,38,0.3621795,0.0009333261987194419
1964,67175,2.12236328125,0,36,0.36183750000000003,0.0012619472108781338
1965,67233,4.321972656250001,0,58,0.36128650000000007,0.001585668884217739
1966,67265,1.9105468749999996,0,32,0.3609825000000001,0.0014422554522752762
1967,67313,3.365917968749999,0,48,0.36052649999999997,0.0008417643839493394
1968,67355,2.813574218750001,0,42,0.36012750000000004,0.002687373198568821
1969,67401,3.2247070312499995,0,46,0.3596905,0.011570398695766926
1970,67453,3.5352539062499977,0,52,0.35919650000000003,0.0007073166780173779
1971,67497,2.9307617187500004,0,44,0.3587785000000001,0.0017086941516026855
1972,67532,2.2247070312499995,0,35,0.35844600000000004,0.0025977944023907185
1973,67572,2.5180664062499996,0,40,0.358066,0.0005780113860964775
1974,67621,3.3639648437500016,0,49,0.3576005000000001,0.0007589610759168863
1975,67658,2.2126953125,0,37,0.35724900000000004,0.0034097619354724884
1976,67718,3.8999023437500027,0,60,0.3566790000000001,0.001057261019013822
1977,67763,2.9008789062500004,0,45,0.35625150000000005,0.0014808245468884706
1978,67838,5.251660156249999,0,75,0.35553900000000005,0.0009577071177773178
1979,67888,3.6427734375000016,0,50,0.35506400000000005,0.0020653356332331896
1980,67934,3.15625,0,46,0.354627,0.0020110425539314747
1981,67977,2.8849609374999994,0,43,0.3542185,0.0005817333585582674
1982,68025,3.1708007812499996,0,48,0.3537625,0.00194100895896554
1983,68062,2.11923828125,0,37,0.35341100000000003,0.001230002730153501
1984,68101,2.3199218750000012,0,39,0.3530405,0.006387079134583473
1985,68138,2.2689453125,0,37,0.35268900000000003,0.0028726840391755104
1986,68195,3.8478515625000007,0,57,0.35214750000000006,0.003040142124518752
1987,68230,2.1618164062500003,0,35,0.351815,0.004240704700350761
1988,68265,2.160546875,0,35,0.35148250000000003,0.0030633066780865192
1989,68298,1.8076171875000009,0,33,0.35116899999999995,0.0015461547300219536
1990,68339,2.7470703125,0,41,0.3507795,0.001130543416365981
1991,68375,2.0427734375,0,36,0.35043750000000007,0.0019719128031283617
1992,68443,4.85380859375,0,68,0.34979150000000003,0.0014734930591657758
1993,68514,5.3843749999999995,0,71,0.349117,0.001170039759017527
1994,68550,2.098828124999999,0,36,0.34877500000000006,0.0010422006016597152
1995,68588,2.321679687500001,0,38,0.348414,0.0019988855347037315
1996,68636,3.4742187500000004,0,48,0.3479580000000001,0.0012889762874692678
1997,68674,2.1744140625,0,38,0.34759700000000004,0.002676148898899555
1998,68715,2.6419921875,0,41,0.3472075,0.001707456074655056
1999,68764,3.5733398437500004,0,49,0.346742,0.003376002423465252
2000,68805,2.4747070312499995,0,41,0.34635249999999995,0.002065571490675211
2001,68840,2.203710937500001,0,35,0.34602,0.0030230586417019367
2002,68884,2.8539062500000005,0,44,0.3456020000000001,0.0031434018164873123
2003,68922,2.4402343749999993,0,38,0.345241,0.0007396352011710405
2004,68963,2.4679687500000007,0,41,0.3448515000000001,0.0011637969873845577
2005,69003,2.7014648437499997,0,40,0.34447150000000004,0.0016816030256450176
2006,69038,2.17119140625,0,35,0.3441390000000001,0.0018693171441555023
2007,69080,2.8290039062500005,0,42,0.34374000000000005,0.0005082717398181558
2008,69112,1.7822265625,0,32,0.3434360000000001,0.0014428227441385388
2009,69150,2.286523437499999,0,38,0.343075,0.001118136802688241
2010,69187,2.4041015625000006,0,37,0.34272350000000007,0.002177095040678978
2011,69221,2.07626953125,0,34,0.3424005,0.0009716344065964222
2012,69271,3.3661132812500005,0,50,0.3419255,0.0005167770432308316
2013,69312,2.6562500000000004,0,41,0.34153600000000006,0.0007569410372525454
2014,69356,2.7366210937499993,0,44,0.34111800000000003,0.0010145792039111257
2015,69427,5.132031250000001,0,71,0.3404435,0.0009066025959327817
2016,69483,4.002636718749999,0,56,0.33991150000000003,0.0011833903845399618
2017,69516,1.9995117187500004,0,33,0.33959800000000007,0.0004413063870742917
2018,69554,2.4896484375000005,0,38,0.339237,0.0017770264530554414
2019,69591,2.30615234375,0,37,0.33888549999999995,0.0016681116539984941
2020,69627,2.074707031249999,0,36,0.3385435000000001,0.0005146318580955267
2021,69683,4.21640625,0,56,0.33801150000000013,0.0016039061592891812
2022,69717,2.1161132812500005,0,34,0.33768850000000006,0.000873564975336194
2023,69757,2.624902343749999,0,40,0.3373085,0.000629782909527421
2024,69792,2.07177734375,0,35,0.33697600000000005,0.0006293127662502229
2025,69832,2.65810546875,0,40,0.336596,0.0011088966857641935
2026,69877,2.9239257812500004,0,45,0.3361685,0.000541924440767616
2027,69910,2.0037109375,0,33,0.335855,0.000546430004760623
2028,69955,3.05322265625,0,45,0.3354275,0.0012445928296074271
2029,70000,3.093749999999999,0,45,0.3350000000000001,0.0005689465906471014
2030,70061,4.52509765625,0,61,0.3344205000000001,0.0016293777152895927
2031,70094,1.89736328125,0,33,0.33410700000000004,0.0006671158480457962
2032,70128,1.9198242187500005,0,34,0.33378399999999997,0.0018799121025949717
2033,70165,2.394824218750001,0,37,0.3334325,0.00042845422285608947
2034,70202,2.3846679687499996,0,37,0.33308100000000007,0.0007292138761840761
2035,70247,2.8877929687500004,0,45,0.33265350000000005,0.0003734428028110415
2036,70283,2.23818359375,0,36,0.3323115000000001,0.0011317487806081772
2037,70329,3.128417968750001,0,46,0.33187450000000007,0.0012438241392374039
2038,70376,3.240234375,0,47,0.33142799999999994,0.0007013250142335892
2039,70412,2.295312500000001,0,36,0.3310860000000001,0.0029162641149014235
2040,70445,1.9713867187500003,0,33,0.3307725,0.0004532448365353048
2041,70485,2.7004882812500006,0,40,0.3303925000000001,0.0013484555529430509
2042,70527,2.8761718750000003,0,42,0.32999350000000005,0.0025970754213631153
2043,70622,7.033691406249995,0,95,0.329091,0.0014388089766725898
2044,70666,2.74990234375,0,44,0.3286730000000001,0.001111759920604527
2045,70708,2.7637695312499995,0,42,0.32827399999999995,0.000994709087535739
2046,70754,3.1819335937499993,0,46,0.32783700000000005,0.0018057700945064425
2047,70814,4.5181640625,0,60,0.3272670000000001,0.0012006353354081511
2048,70889,5.3729492187500005,0,75,0.32655449999999997,0.0009137323941104114
2049,70931,2.56611328125,0,42,0.32615550000000004,0.0035738334991037846
2050,70977,3.173046875,0,46,0.3257185,0.0013148600701242685
2051,71045,5.38720703125,0,68,0.3250725,0.001088624936528504
2052,71085,2.5802734374999985,0,40,0.32469250000000005,0.0008318818872794509
2053,71128,2.8824218750000012,0,43,0.324284,0.0005850393790751696
2054,71173,3.1207031249999995,0,45,0.3238565000000001,0.000525905576068908
2055,71230,4.056249999999998,0,57,0.323315,0.000448677281383425
2056,71274,2.7555664062500003,0,44,0.322897,0.005467037204653025
2057,71313,2.3220703125,0,39,0.32252649999999994,0.0009305457351729274
2058,71351,2.4998046875,0,38,0.3221655000000001,0.0006370157934725285
2059,71391,2.580859375,0,40,0.32178549999999995,0.0006051968666724861
2060,71440,3.488769531249999,0,49,0.32132000000000005,0.0017267534276470542
2061,71485,2.7145507812500003,0,45,0.3208925,0.0038954243063926697
2062,71528,2.9056640624999996,0,43,0.320484,0.0013699405826628208
2063,71567,2.5765625000000005,0,39,0.32011350000000005,0.0007443306967616081
2064,71601,2.0988281249999994,0,34,0.3197905,0.0014504538848996162
2065,71649,3.253710937500001,0,48,0.3193345000000001,0.00034708803286775947
2066,71711,4.627343749999999,0,62,0.3187455,0.0002600404841359705
2067,71748,2.3988281250000005,0,37,0.31839400000000007,0.0016282586148008704
2068,71797,3.3829101562499995,0,49,0.31792850000000006,0.0010304077295586467
2069,71830,2.0206054687500004,0,33,0.317615,0.0019241427071392536
2070,71875,2.96865234375,0,45,0.31718750000000007,0.0014301827177405357
2071,71915,2.3909179687499997,0,40,0.3168075,0.0005575347458943725
2072,71976,4.72880859375,0,61,0.31622800000000006,0.0006881525041535497
2073,72022,3.1543945312500012,0,46,0.31579100000000004,0.0013712693471461535
2074,72071,3.4061523437500005,0,49,0.31532550000000004,0.001117060543037951
2075,72113,2.612597656250001,0,42,0.3149265,0.002613619901239872
2076,72156,2.88935546875,0,43,0.3145180000000001,0.0005915145156905055
2077,72214,4.2265625,0,58,0.313967,0.002331929048523307
2078,72246,1.8402343749999996,0,32,0.313663,0.0008395705372095108
2079,72286,2.6728515625000004,0,40,0.3132830000000001,0.0019279657863080502
2080,72320,2.0307617187499996,0,34,0.3129600000000001,0.000725513615179807
2081,72365,3.0418945312500014,0,45,0.3125325,0.0030042529106140137
2082,72411,3.0263671875,0,46,0.31209549999999997,0.0007955007022246718
2083,72472,4.725878906250001,0,61,0.311516,0.002412609988823533
2084,72510,2.3578124999999988,0,38,0.31115500000000007,0.0064787715673446655
2085,72547,2.3905273437500005,0,37,0.3108035000000001,0.000713466783054173
2086,72593,3.27509765625,0,46,0.3103665000000001,0.0010578043293207884
2087,72629,2.2690429687500004,0,36,0.31002450000000004,0.0009027053602039814
2088,72677,3.3931640625000012,0,48,0.3095685,0.05230189487338066
2089,72720,2.9795898437500004,0,43,0.3091600000000001,0.0020308149978518486
2090,72770,3.5479492187499995,0,50,0.308685,0.0023476912174373865
2091,72824,3.7883789062499984,0,54,0.308172,0.003205830231308937
2092,72880,4.155468750000001,0,56,0.30764,0.0012233778834342957
2093,72946,4.91806640625,0,66,0.307013,0.0005670452956110239
2094,73012,4.780371093750001,0,66,0.30638600000000005,0.04683805629611015
2095,73091,6.326464843749995,0,79,0.30563550000000006,0.0006607351824641228
2096,73134,2.7058593749999997,0,43,0.305227,0.0031898668967187405
2097,73198,4.791699218750002,0,64,0.3046190000000001,0.0007151725003495812
2098,73260,4.168554687500002,0,62,0.30403,0.039824970066547394
2099,73306,3.2106445312500007,0,46,0.303593,0.001838184893131256
2100,73362,3.78203125,0,56,0.303061,0.0014158191625028849
2101,73404,2.7166015625000006,0,42,0.302662,0.005479170009493828
2102,73453,3.372558593749999,0,49,0.3021965,0.0007748302887193859
2103,73487,2.10205078125,0,34,0.3018735,0.0009121436160057783
2104,73538,3.7389648437500007,0,51,0.301389,0.0009806002490222454
2105,73589,3.7235351562499996,0,51,0.3009045,0.03467819467186928
2106,73690,7.498730468749999,0,101,0.299945,0.0005061692208983004
2107,73750,4.428515624999999,0,60,0.29937499999999995,0.0010602370603010058
2108,73788,2.4659179687500004,0,38,0.299014,0.0008829663274809718
2109,73844,4.178125000000002,0,56,0.298482,0.0008657117141410708
2110,73886,2.716503906249999,0,42,0.2980830000000001,0.0016478952020406723
2111,73926,2.5468750000000004,0,40,0.29770300000000005,0.0013446612283587456
2112,73978,3.413964843749998,0,52,0.29720900000000006,0.0004472340224310756
2113,74034,3.9063476562500004,0,56,0.2966770000000001,0.0009678993956185877
2114,74069,2.14912109375,0,35,0.2963445000000001,0.003047450678423047
2115,74149,6.559277343749997,0,80,0.29558450000000003,0.0009542565676383674
2116,74223,5.260644531250002,0,74,0.29488150000000013,0.0017781108617782593
2117,74262,2.5959960937500006,0,39,0.2945110000000001,0.001355986576527357
2118,74331,5.103417968749999,0,69,0.29385550000000005,0.002051066607236862
2119,74389,4.298339843750001,0,58,0.29330449999999997,0.004502236843109131
2120,74426,2.1299804687500004,0,37,0.292953,0.0002303736691828817
2121,74464,2.5080078125000007,0,38,0.2925920000000001,0.0009881305741146207
2122,74536,5.696874999999998,0,72,0.29190800000000006,0.0010993035975843668
2123,74573,2.2750000000000004,0,37,0.2915565,0.043061401695013046
2124,74647,5.7818359374999995,0,74,0.2908535000000001,0.0016289728228002787
2125,74705,4.287890625000002,0,58,0.2903025,0.001221046200953424
2126,74752,3.1073242187499996,0,47,0.2898560000000001,0.0009238419588655233
2127,74826,5.530859375000001,0,74,0.289153,0.002120307646691799
2128,74874,3.395800781250001,0,48,0.2886970000000001,0.0021620499901473522
2129,74912,2.3990234375000004,0,38,0.28833600000000004,0.0023510027676820755
2130,74967,3.8941406249999986,0,55,0.28781350000000006,0.00042480669799260795
2131,75050,5.850390624999998,0,83,0.2870250000000001,0.0015716050984337926
2132,75094,3.0003906249999996,0,44,0.28660699999999995,0.0047369603998959064
2133,75133,2.4518554687500007,0,39,0.2862365,0.001624549855478108
2134,75178,2.707421875,0,45,0.285809,0.07170159369707108
2135,75236,4.32177734375,0,58,0.285258,0.00259961886331439
2136,75271,2.1785156249999993,0,35,0.28492550000000005,0.001012312714010477
2137,75321,3.5879882812499986,0,50,0.28445049999999994,0.003315794048830867
2138,75367,3.0958007812499986,0,46,0.28401350000000003,0.002152008004486561
2139,75424,3.764941406250001,0,57,0.28347200000000006,0.03761929273605347
2140,75465,2.72763671875,0,41,0.2830825,0.000575742800720036
2141,75527,4.7978515625,0,62,0.28249350000000006,0.0006636858452111483
2142,75582,4.102441406249999,0,55,0.28197099999999997,0.003177776699885726
2143,75618,2.3142578125000006,0,36,0.281629,0.0012914380058646202
2144,75665,3.21416015625,0,47,0.2811825,0.0010349031072109938
2145,75709,2.9068359375000004,0,44,0.2807645,0.001395592698827386
2146,75761,3.8617187500000014,0,52,0.2802705,0.004187708254903555
2147,75847,6.982617187499997,0,86,0.2794535,0.0008489906322211027
2148,75902,3.9642578125000023,0,55,0.27893100000000004,0.0006518629961647093
2149,75944,2.8412109375000014,0,42,0.278532,0.0012113975826650858
2150,75981,2.2775390625000007,0,37,0.27818050000000005,0.043565794825553894
2151,76020,2.3239257812500003,0,39,0.27781,0.022425832226872444
2152,76055,2.0584960937500005,0,35,0.27747750000000004,0.00040381739381700754
2153,76100,2.9294921875,0,45,0.27705,0.0022130589932203293
2154,76134,2.1055664062500004,0,34,0.27672700000000006,0.017110571265220642
2155,76199,4.87841796875,0,65,0.2761095000000001,0.002538744593039155
2156,76273,5.784960937499999,0,74,0.2754065,0.0014620162546634674
2157,76328,3.75029296875,0,55,0.27488400000000013,0.0017967373132705688
2158,76386,4.420214843750002,0,58,0.27433300000000005,0.0005660279421135783
2159,76459,5.7453125000000025,0,73,0.27363950000000004,0.000670510926283896
2160,76501,2.84990234375,0,42,0.2732405000000001,0.0007285670144483447
2161,76569,5.217578125000003,0,68,0.2725945000000001,0.0020460831001400948
2162,76630,4.6890624999999995,0,61,0.272015,0.0010139885125681758
2163,76715,6.31044921875,0,85,0.27120750000000005,0.0011713884305208921
2164,76748,2.0106445312499996,0,33,0.27089399999999997,0.0020879535004496574
2165,76793,3.0607421875,0,45,0.27046650000000005,0.0009515247656963766
2166,76886,7.008496093750001,0,93,0.269583,0.0008266108343377709
2167,76939,3.84443359375,0,53,0.2690795,0.0037828534841537476
2168,76973,2.0971679687500004,0,34,0.26875650000000006,0.0011345299426466227
2169,77028,3.9328125,0,55,0.2682340000000001,0.0024683568626642227
2170,77064,2.1803710937500003,0,36,0.267892,0.0032194158993661404
2171,77119,3.9211914062499993,0,55,0.26736950000000004,0.0011951052583754063
2172,77155,2.18037109375,0,36,0.2670275000000001,0.0005364379612728953
2173,77201,3.2484374999999996,0,46,0.26659050000000006,0.0010051820427179337
2174,77242,2.528222656249999,0,41,0.266201,0.003400745801627636
2175,77291,3.329589843750001,0,49,0.2657355,0.0014497570227831602
2176,77385,7.257617187500003,0,94,0.2648425,0.0018020067363977432
2177,77427,2.6739257812499995,0,42,0.26444350000000005,0.0005818394711241126
2178,77462,2.1120117187500016,0,35,0.2641110000000001,0.0031800768338143826
2179,77514,3.3389648437500012,0,52,0.263617,0.0017494275234639645
2180,77568,4.023144531250002,0,54,0.263104,0.0004985700361430645
2181,77669,8.385546874999998,0,101,0.2621445,0.0012686236295849085
2182,77728,4.476660156250001,0,59,0.26158400000000004,0.0025385289918631315
2183,77768,2.408984375,0,40,0.261204,0.0004999683005735278
2184,77826,4.4234375,0,58,0.26065300000000013,0.0011549224145710468
2185,77879,3.6142578125,0,53,0.26014950000000003,0.0015932994429022074
2186,77924,3.0562500000000004,0,45,0.259722,0.0011903150007128716
2187,77984,4.41865234375,0,60,0.25915200000000005,0.001458757440559566
2188,78020,2.2882812500000007,0,36,0.25881,0.0032055177725851536
2189,78071,3.62724609375,0,51,0.2583255,0.001304596196860075
2190,78109,2.4340820312500004,0,38,0.25796450000000004,0.001186643959954381
2191,78144,2.2069335937500005,0,35,0.25763199999999997,0.0021164189092814922
2192,78241,7.236816406250002,0,97,0.25671049999999995,0.0033736201003193855
2193,78300,4.3426757812500005,0,59,0.25615,0.002881537191569805
2194,78347,3.05322265625,0,47,0.2557035000000001,0.0005060822004452348
2195,78398,3.7492187500000016,0,51,0.255219,0.0022414172999560833
2196,78445,3.08447265625,0,47,0.25477250000000007,0.0006912086391821504
2197,78508,4.616406249999999,0,63,0.254174,0.0019083301303908229
2198,78566,4.35322265625,0,58,0.25362300000000004,0.0016055179294198751
2199,78629,4.857519531250002,0,63,0.2530245,0.0052941665053367615
2200,78671,2.691015625,0,42,0.25262550000000006,0.0010965276742354035
2201,78745,5.7632812499999995,0,74,0.25192250000000005,0.0030433188658207655
2202,78806,4.658984374999999,0,61,0.2513430000000001,0.0006556381122209132
2203,78846,2.6649414062500005,0,40,0.25096299999999994,0.001820550300180912
2204,78929,6.455078125000002,0,83,0.25017449999999997,0.0026589727494865656
2205,78975,3.08330078125,0,46,0.24973750000000006,0.0010313470847904682
2206,79012,2.36064453125,0,37,0.249386,0.002048271941021085
2207,79081,5.3314453125,0,69,0.24873050000000008,0.002121519297361374
2208,79121,2.4515625,0,40,0.24835050000000003,0.0016780698206275702
2209,79197,5.8449218750000025,0,76,0.24762850000000003,0.05345458537340164
2210,79236,2.427832031249999,0,39,0.2472580000000001,0.0007795668207108974
2211,79297,4.702148437500001,0,61,0.24667850000000013,0.014910364523530006
2212,79335,2.489257812500001,0,38,0.24631750000000008,0.0011912917252629995
2213,79374,2.412109375,0,39,0.24594700000000003,0.007275041192770004
2214,79458,6.352343749999995,0,84,0.24514900000000006,0.0014529216568917036
2215,79517,4.532617187500001,0,59,0.2445885,0.0022650794126093388
2216,79586,5.411816406249998,0,69,0.24393300000000007,0.0014656302519142628
2217,79673,7.082714843750001,0,87,0.2431065,0.007603522390127182
2218,79749,6.090917968750002,0,76,0.2423845,0.0008024099515751004
2219,79812,4.543359375,0,63,0.24178599999999995,0.0005064917495474219
2220,79858,3.16767578125,0,46,0.24134900000000004,0.0013493450824171305
2221,79904,3.0923828125000004,0,46,0.24091200000000002,0.0006635983008891344
2222,79970,5.1521484375,0,66,0.24028500000000008,0.001380233676172793
2223,80012,2.8855468750000006,0,42,0.23988599999999993,0.0015599664766341448
2224,80053,2.6005859375,0,41,0.2394965000000001,0.004749052692204714
2225,80096,2.8059570312499997,0,43,0.23908800000000008,0.0015106413047760725
2226,80139,2.8307617187500003,0,43,0.23867950000000004,0.0008263810304924846
2227,80202,4.846191406250001,0,63,0.2380810000000001,0.007561011705547571
2228,80245,2.695507812499999,0,43,0.23767250000000006,0.0019166849087923765
2229,80326,6.5586914062499995,0,81,0.23690300000000009,0.0017163363518193364
2230,80367,2.5984374999999997,0,41,0.23651350000000004,0.0008608181378804147
2231,80457,7.040234375000001,0,90,0.2356585,0.002113656373694539
2232,80512,3.9377929687499993,0,55,0.23513600000000012,0.0009707630961202085
2233,80552,2.4687499999999996,0,40,0.23475600000000008,0.0004722502490039915
2234,80603,3.7191406250000005,0,51,0.23427149999999997,0.0008390864823013544
2235,80647,3.0831054687500004,0,44,0.23385350000000005,0.0032166470773518085
2236,80695,3.1333984374999995,0,48,0.23339750000000004,0.0012863813899457455
2237,80757,4.2763671875,0,62,0.23280849999999997,0.0009097165311686695
2238,80814,4.219531250000002,0,57,0.2322670000000001,0.0007008207030594349
2239,80873,4.223339843750002,0,59,0.23170650000000004,0.0007945101824589074
2240,80915,2.568066406249999,0,42,0.2313075,0.0008474269416183233
2241,80974,4.326074218749999,0,59,0.23074700000000004,0.0009505565394647419
2242,81019,3.1363281250000004,0,45,0.23031950000000012,0.001036840956658125
2243,81070,3.58671875,0,51,0.229835,0.0004602954722940922
2244,81113,2.955273437499999,0,43,0.22942649999999998,0.0019888817332684994
2245,81159,3.256835937500001,0,46,0.22898949999999996,0.07358799874782562
2246,81230,5.517871093750001,0,71,0.22831500000000005,0.0013414869317784905
2247,81286,4.1986328125000005,0,56,0.22778299999999996,0.0009397387620992959
2248,81347,4.575683593750002,0,61,0.2272035,0.0005838996730744839
2249,81409,4.708691406250001,0,62,0.22661450000000005,0.0009472997626289725
2250,81480,5.68857421875,0,71,0.22594000000000003,0.000837878615129739
2251,81543,4.7103515625000005,0,63,0.22534150000000008,0.0005489070899784565
2252,81595,3.6739257812500004,0,52,0.2248475000000001,0.03334181755781174
2253,81651,4.202050781249999,0,56,0.2243155000000001,0.0010013091377913952
2254,81732,6.590039062500002,0,81,0.22354600000000002,0.001718916930258274
2255,81833,8.224023437499996,0,101,0.22258650000000002,0.002300960011780262
2256,81885,3.620117187500001,0,52,0.22209250000000003,0.0010655825026333332
2257,81932,3.158300781250002,0,47,0.221646,0.0019427258521318436
2258,82008,6.028613281250003,0,76,0.220924,0.0032258001156151295
2259,82077,5.19755859375,0,69,0.2202685000000001,0.0015331929316744208
2260,82144,5.092089843750002,0,67,0.21963200000000005,0.0004194351495243609
2261,82193,3.51484375,0,49,0.21916650000000004,0.0013003239873796701
2262,82230,2.3874999999999997,0,37,0.21881499999999998,0.0012185382656753063
2263,82305,6.0480468750000025,0,75,0.2181025000000001,0.0005283540231175721
2264,82406,8.457128906250006,0,101,0.21714299999999997,0.0008089144248515368
2265,82478,5.584960937500001,0,72,0.21645900000000007,0.0012993464479222894
2266,82543,5.043750000000001,0,65,0.21584150000000002,0.003785262117162347
2267,82606,4.802929687499999,0,63,0.21524300000000007,0.0010129297152161598
2268,82678,5.6257812499999975,0,72,0.21455900000000006,0.0010844508651643991
2269,82779,8.456738281249997,0,101,0.21359950000000005,0.0008783427183516324
2270,82844,4.9287109375,0,65,0.21298200000000012,0.0010823303600773215
2271,82910,5.130371093749999,0,66,0.21235500000000007,0.0007603063131682575
2272,82974,4.871972656249998,0,64,0.21174700000000002,0.0036869619507342577
2273,83041,5.239648437500002,0,67,0.2111105000000001,0.0012963900808244944
2274,83115,5.3907226562499995,0,74,0.21040749999999997,0.0011201398447155952
2275,83158,2.68515625,0,43,0.20999900000000005,0.0006904287729412317
2276,83214,3.9435546875000007,0,56,0.20946700000000007,0.0007923122611828148
2277,83283,5.367480468750001,0,69,0.20881150000000004,0.00237804907374084
2278,83368,6.266503906250002,0,85,0.20800400000000008,0.0003530003014020622
2279,83437,5.450195312499999,0,69,0.20734850000000005,0.000729902763850987
2280,83504,5.270410156250001,0,67,0.206712,0.008703113533556461
2281,83547,2.986328125,0,43,0.20630349999999997,0.0008160534198395908
2282,83590,2.855664062500001,0,43,0.20589500000000005,0.0016041849739849567
2283,83673,6.358593749999996,0,83,0.20510650000000008,0.0013688544277101755
2284,83744,5.596289062500003,0,71,0.20443200000000006,0.0004204036376904696
2285,83802,4.304882812500001,0,58,0.2038810000000001,0.001743898494169116
2286,83869,5.1587890624999995,0,67,0.20324449999999994,0.0008657833095639944
2287,83938,5.382617187500002,0,69,0.20258900000000002,0.007733652368187904
2288,84005,5.0998046875,0,67,0.2019525000000001,0.0021953757386654615
2289,84076,5.6580078124999975,0,71,0.20127800000000007,0.002101127989590168
2290,84125,3.5411132812500004,0,49,0.20081249999999995,0.0007115645566955209
2291,84193,5.186328125000003,0,68,0.20016650000000002,0.0011850959854200482
2292,84294,8.385351562499999,0,101,0.19920700000000002,0.0010802727192640305
2293,84395,8.313085937499995,0,101,0.19824750000000002,0.0022941448260098696
2294,84452,4.159765625000002,0,57,0.19770599999999994,0.0016608680598437786
2295,84530,5.905468750000001,0,78,0.19696499999999995,0.0025155642069876194
2296,84591,4.48701171875,0,61,0.1963855,0.009126498363912106
2297,84676,6.677734375000004,0,85,0.19557800000000003,0.0017640236765146255
2298,84761,6.874707031250002,0,85,0.19477050000000007,0.004970078356564045
2299,84833,5.232128906249999,0,72,0.19408650000000005,0.0013096225447952747
2300,84932,7.826757812499999,0,99,0.19314600000000004,0.0024297849740833044
2301,84981,3.5305664062499984,0,49,0.19268050000000003,0.0007585084531456232
2302,85043,4.818359375000002,0,62,0.19209149999999997,0.09988055378198624
2303,85107,4.881835937499999,0,64,0.19148350000000003,0.002425756771117449
2304,85198,6.979296874999999,0,91,0.1906190000000001,0.002032079268246889
2305,85274,5.3916992187499995,0,76,0.18989699999999998,0.04218564182519913
2306,85319,3.11572265625,0,45,0.18946950000000007,0.0016950651770457625
2307,85381,4.7268554687499975,0,62,0.18888050000000012,0.0016929993871599436
2308,85418,2.35869140625,0,37,0.18852899999999995,0.0008743955986574292
2309,85487,5.15517578125,0,69,0.18787350000000003,0.0009022147860378027
2310,85553,5.017675781250003,0,66,0.18724649999999998,0.0007823969935998321
2311,85654,8.043749999999992,0,101,0.1862870000000001,0.0014435374177992344
2312,85727,5.553710937500001,0,73,0.18559350000000008,0.001450738636776805
2313,85797,5.36591796875,0,70,0.18492850000000005,0.01669708453118801
2314,85861,4.606542968749999,0,64,0.1843205,0.005049136001616716
2315,85901,2.41162109375,0,40,0.18394049999999995,0.0035084052942693233
2316,85968,5.2070312500000036,0,67,0.18330400000000002,0.0005930888000875711
2317,86043,6.1172851562499995,0,75,0.18259150000000002,0.0023968666791915894
2318,86123,6.161621093749999,0,80,0.18183150000000003,0.001269250875338912
2319,86169,3.13642578125,0,46,0.18139450000000013,0.0011882057879120111
2320,86251,6.315332031249998,0,82,0.18061550000000004,0.008291228674352169
2321,86318,5.274023437500001,0,67,0.1799790000000001,0.0014472794719040394
2322,86384,5.125878906249997,0,66,0.17935199999999996,0.002244493691250682
2323,86435,3.4149414062500005,0,51,0.17886750000000007,0.0010703144362196326
2324,86536,7.7078124999999975,0,101,0.17790800000000007,0.00217347196303308
2325,86575,2.4270507812500006,0,39,0.17753750000000001,0.001161176711320877
2326,86611,2.2287109375,0,36,0.17719549999999995,0.0010551679879426956
2327,86700,7.23193359375,0,89,0.17635,0.0022723788861185312
2328,86788,6.86220703125,0,88,0.17551400000000006,0.0033955946564674377
2329,86859,5.694531250000001,0,71,0.17483950000000004,0.0015567897353321314
2330,86924,5.11572265625,0,65,0.174222,0.0023272521793842316
2331,86994,5.4173828125000005,0,70,0.17355699999999996,0.003408784745261073
2332,87059,4.7199218750000025,0,65,0.17293950000000002,0.0008060421678237617
2333,87165,8.939550781249993,0,106,0.17193250000000004,0.0012674342142418027
2334,87253,6.60068359375,0,88,0.17109649999999998,0.0008141776779666543
2335,87354,8.26025390625,0,101,0.1701370000000001,0.0007803387707099319
2336,87455,7.517968750000005,0,101,0.16917749999999998,0.001494723022915423
2337,87540,6.862597656250001,0,85,0.16837000000000013,0.0014945919392630458
2338,87640,8.5466796875,0,100,0.16742000000000012,0.0007263420266099274
2339,87741,8.2794921875,0,101,0.1664605,0.00403246097266674
2340,87821,6.0615234374999964,0,80,0.16570050000000003,0.0016075499588623643
2341,87922,8.345703124999998,0,101,0.16474100000000003,0.003307754173874855
2342,88023,8.566503906250002,0,101,0.16378150000000014,0.0018869380000978708
2343,88122,7.945605468749999,0,99,0.162841,0.004801063798367977
2344,88168,3.252734375,0,46,0.162404,0.001856343005783856
2345,88240,5.250390625000001,0,72,0.16172000000000009,0.0007098473724909127
2346,88341,8.061328125000003,0,101,0.16076049999999997,0.0012259487994015217
2347,88443,8.587597656249995,0,102,0.15979149999999998,0.005441805347800255
2348,88484,2.5866210937500003,0,41,0.15940200000000004,0.0007665011798962951
2349,88565,6.630957031249998,0,81,0.15863249999999995,0.05229140818119049
2350,88666,8.488085937499994,0,101,0.15767300000000006,0.008601349778473377
2351,88781,10.794628906250008,1,115,0.1565805,0.002498453017324209
2352,88831,3.630859375000001,0,50,0.1561055,0.0011645853519439697
2353,88932,8.023046875000002,0,101,0.155146,0.0006605110829696059
2354,89033,8.19921875,0,101,0.15418650000000012,0.00473947124555707
2355,89091,4.055859374999996,0,58,0.15363550000000004,0.003504970110952854
2356,89195,8.075585937500007,0,104,0.15264750000000005,0.0016008212696760893
2357,89271,6.1889648437499964,0,76,0.15192550000000005,0.001374390791170299
2358,89356,6.8798828125,0,85,0.15111799999999997,0.003630909137427807
2359,89459,8.639160156250005,0,103,0.1501395000000001,0.005214632488787174
2360,89560,8.373535156250005,0,101,0.1491800000000001,0.0013489187695086002
2361,89616,3.8527343750000007,0,56,0.1486480000000001,0.0026795263402163982
2362,89710,7.501757812500005,0,94,0.14775500000000008,0.00078251538798213
2363,89763,3.4894531250000007,0,53,0.14725149999999998,0.002301471773535013
2364,89832,5.302734374999999,0,69,0.14659600000000006,0.0013465924421325326
2365,89924,7.427492187917224,0,92,0.14572200000000002,0.0026588672772049904
2366,90025,8.222460937500003,0,101,0.14476250000000002,0.005367693491280079
2367,90096,5.197460937500001,0,71,0.1440880000000001,0.007174465339630842
2368,90169,5.859570312499998,0,73,0.1433945000000001,0.0016262680292129517
2369,90211,2.6532226562500014,0,42,0.14299550000000005,0.0010091197909787297
2370,90308,7.713769531250005,0,97,0.14207400000000003,0.0010853986022993922
2371,90409,8.553417968749992,0,101,0.14111450000000014,0.0027896356768906116
2372,90515,8.58583984375,0,106,0.14010750000000005,0.0010636871447786689
2373,90616,8.027050781249999,0,101,0.13914800000000005,0.0010404419153928757
2374,90717,8.5109375,0,101,0.13818850000000005,0.0012100385501980782
2375,90751,2.0272460937500005,0,34,0.13786549999999997,0.0006257708300836384
2376,90852,7.884960937499999,0,101,0.13690600000000008,0.001966030802577734
2377,90940,6.458593749999996,0,88,0.13607000000000002,0.0015842600259929895
2378,91034,7.043945312500005,0,94,0.135177,0.005435206927359104
2379,91135,8.09111328125,0,101,0.1342175000000001,0.0019103202503174543
2380,91236,8.332324218749994,0,101,0.1332580000000001,0.0010178363882005215
2381,91337,8.315624999999999,0,101,0.13229849999999999,0.0017300315666943789
2382,91438,8.042187500000002,0,101,0.1313390000000001,0.005918079521507025
2383,91523,6.706054687499999,0,85,0.13053150000000002,0.0010984234977513552
2384,91586,4.65625,0,63,0.12993300000000008,0.0008774971938692033
2385,91632,3.2527343749999993,0,46,0.12949600000000006,0.0018653604201972485
2386,91704,5.585644531249998,0,72,0.12881200000000004,0.0023062950931489468
2387,91773,5.201953125000005,0,69,0.1281565,0.001787469838745892
2388,91874,8.240136718749989,0,101,0.127197,0.0023320105392485857
2389,91955,6.034863281249999,0,81,0.12642750000000003,0.0018474448006600142
2390,92056,8.042382812499998,0,101,0.12546800000000002,0.0009276370401494205
2391,92121,4.7100585937499995,0,65,0.12485050000000009,0.006398681551218033
2392,92223,8.027050781250006,0,102,0.12388150000000009,0.035988301038742065
2393,92332,8.7013671875,0,109,0.12284600000000001,0.0007367468206211925
2394,92395,4.775585937499997,0,63,0.12224749999999995,0.001169614726677537
2395,92480,6.919628906250005,0,85,0.1214400000000001,0.10242433845996857
2396,92567,6.79521484375,0,87,0.12061350000000004,0.0004958120407536626
2397,92632,4.726367187500004,0,65,0.11999599999999999,0.0011399311479181051
2398,92678,3.2425781249999996,0,46,0.11955899999999997,0.017102908343076706
2399,92720,2.8727539062499994,0,42,0.11916000000000004,0.0016718400875106454
2400,92786,4.897949218749999,0,66,0.118533,0.002218932379037142
2401,92887,8.551269531249996,0,101,0.11757350000000011,0.0016868826933205128
2402,92940,3.9425781250000007,0,53,0.11707000000000001,0.002618274884298444
2403,93041,8.427832031249999,0,101,0.11611050000000012,0.006286287214607
2404,93142,8.143261718750006,0,101,0.115151,0.002872472396120429
2405,93243,8.047753906250001,0,101,0.11419150000000011,0.0018918276764452457
2406,93348,8.03955078124999,0,105,0.11319400000000002,0.0020249616354703903
2407,93449,8.377929687500005,0,101,0.11223450000000001,0.0056681339628994465
2408,93488,2.3804687499999995,0,39,0.11186399999999996,0.07119423151016235
2409,93550,4.374999999999999,0,62,0.11127500000000001,0.0009675129549577832
2410,93651,8.374804687500001,0,101,0.11031550000000012,0.002981269732117653
2411,93706,3.680468750000002,0,55,0.10979300000000003,0.06531762331724167
2412,93807,7.808203124999999,0,101,0.10883350000000003,0.0018823244608938694
2413,93883,5.9843749999999964,0,76,0.10811150000000003,0.002216057386249304
2414,93933,3.431640625000001,0,50,0.10763650000000002,0.0017195014515891671
2415,94041,8.530664062499987,0,108,0.10661050000000005,0.0022235712967813015
2416,94120,6.030468749999999,0,79,0.10585999999999995,0.002286613453179598
2417,94171,3.469238281249999,0,51,0.10537549999999996,0.009874837473034859
2418,94209,2.3986328124999994,0,38,0.10501450000000001,0.0022732617799192667
2419,94260,3.5447265625,0,51,0.10453000000000001,0.0009012469672597945
2420,94303,2.9117187500000004,0,43,0.10412149999999998,0.0017583277076482773
2421,94377,5.3508789062499975,0,74,0.10341850000000008,0.003418112639337778
2422,94415,2.2429687499999997,0,38,0.10305750000000002,0.002226420911028981
2423,94516,7.975976562499998,0,101,0.10209800000000002,0.003532099537551403
2424,94565,3.0852539062499993,0,49,0.10163250000000001,0.0034578919876366854
2425,94613,3.02607421875,0,48,0.1011765,0.002346624620258808
2426,94652,2.531347656249999,0,39,0.10080600000000006,0.07425547391176224
2427,94690,2.3201171875000006,0,38,0.10044500000000012,0.0023977530654519796
2428,94791,7.852148437500004,0,101,0.0994855,0.0018217498436570168
2429,94853,4.183105468749999,0,62,0.09889650000000005,0.0010754050454124808
2430,94974,11.086523437500002,1,121,0.09774700000000003,0.001431508339010179
2431,95075,7.447753906250007,0,101,0.09678750000000003,0.003398680593818426
2432,95112,2.251171875,0,37,0.09643600000000008,0.08761616051197052
2433,95180,4.9627929687500005,0,68,0.09579000000000004,0.0014517591334879398
2434,95216,2.27890625,0,36,0.09544800000000009,0.003406401490792632
2435,95317,7.931054687500001,0,101,0.09448850000000009,0.0029895161278545856
2436,95368,3.1957031250000023,0,51,0.09400400000000009,0.00047162710689008236
2437,95399,1.80283203125,0,31,0.0937095,0.0013654592912644148
2438,95441,2.671972656249998,0,42,0.09331050000000007,0.002903437241911888
2439,95479,2.1982421874999996,0,38,0.09294950000000002,0.0011311769485473633
2440,95583,8.36982421875,0,104,0.09196150000000003,0.0013434761203825474
2441,95633,3.545898437500001,0,50,0.09148650000000003,0.0064053600654006
2442,95697,4.784375,0,64,0.09087850000000008,0.0035610522609204054
2443,95773,5.572363281249998,0,76,0.09015650000000008,0.07470621168613434
2444,95806,1.8970703125000008,0,33,0.089843,0.0025326483882963657
2445,95906,7.32421875,0,100,0.088893,0.001338699832558632
2446,96007,7.803027343750005,0,101,0.08793350000000011,0.0020657519344240427
2447,96038,1.797265625,0,31,0.08763900000000002,0.0012685182737186551
2448,96075,2.3279296875,0,37,0.08728750000000007,0.0031426269561052322
2449,96122,2.9721679687499996,0,47,0.08684100000000006,0.002657294273376465
2450,96157,2.082714843750001,0,35,0.08650849999999999,0.001064681331627071
2451,96208,3.2369140624999995,0,51,0.08602399999999999,0.0027953817043453455
2452,96264,3.603027343749999,0,56,0.08549200000000001,0.002347592730075121
2453,96357,6.485449218749999,0,93,0.08460849999999998,0.0007049645646475255
2454,96396,2.2163085937499987,0,39,0.08423800000000004,0.0015279275830835104
2455,96434,2.247753906250001,0,38,0.08387700000000009,0.07920520007610321
2456,96484,3.4594726562499982,0,50,0.08340199999999998,0.00202571670524776
2457,96517,1.9027343750000005,0,33,0.08308850000000012,0.005378905683755875
2458,96562,2.958398437499999,0,45,0.08266099999999998,0.001258011907339096
2459,96601,2.478124999999999,0,39,0.08229050000000004,0.0027371596079319715
2460,96651,3.4982421875000007,0,50,0.08181550000000004,0.008094270713627338
2461,96686,2.1654296875000005,0,35,0.08148299999999997,0.0015956445131450891
2462,96769,5.95615234375,0,83,0.0806945,0.0014900191454216838
2463,96804,2.0259765625,0,35,0.08036200000000004,0.0009095763089135289
2464,96854,3.140136718750001,0,50,0.07988700000000004,0.004036797676235437
2465,96891,2.2659179687499997,0,37,0.07953549999999998,0.004489782731980085
2466,96973,6.297460937499993,0,82,0.07875650000000001,0.0049471864476799965
2467,97011,2.14599609375,0,38,0.07839550000000006,0.002077296143397689
2468,97112,7.8492187500000075,0,101,0.07743600000000006,0.006482576951384544
2469,97167,3.8444335937500016,0,55,0.07691349999999997,0.00623985705897212
2470,97243,5.668359374999999,0,76,0.07619150000000008,0.001063664210960269
2471,97277,2.0842773437499997,0,34,0.0758685,0.0017344638472422957
2472,97451,16.795117187500022,2,174,0.0742155000000001,0.016156073659658432
2473,97480,1.4591796874999998,0,29,0.07394,0.0026663471944630146
2474,97545,4.765332031250001,0,65,0.07332249999999996,0.0014493698254227638
2475,97587,2.60048828125,0,42,0.07292350000000003,0.007030417211353779
2476,97622,2.093359375000001,0,35,0.07259100000000007,0.0022224080748856068
2477,97708,6.318457031250002,0,86,0.07177400000000012,0.003933245781809092
2478,97809,7.681347656250001,0,101,0.0708145,0.0013632697518914938
2479,97915,8.347558593749998,0,106,0.06980750000000002,0.0024437957908958197
2480,97953,2.1846679687500012,0,38,0.06944650000000008,0.07925353944301605
2481,97986,1.7472656250000003,0,33,0.06913300000000011,0.0030970415100455284
2482,98015,1.5456054687500007,0,29,0.06885750000000013,0.00212189182639122
2483,98051,2.09765625,0,36,0.06851550000000006,0.0019953520968556404
2484,98118,4.963183593750003,0,67,0.06787900000000002,0.07792036235332489
2485,98150,1.8931640624999995,0,32,0.06757500000000005,0.08637291938066483
2486,98183,1.9958007812499994,0,33,0.06726150000000009,0.0016288148472085595
2487,98220,2.3251953125000004,0,37,0.06691000000000003,0.0027976525016129017
2488,98253,2.0033203125000005,0,33,0.06659650000000006,0.0026558861136436462
2489,98283,1.6939453125,0,30,0.06631150000000008,0.06797134876251221
2490,98336,3.5339843749999975,0,53,0.06580799999999998,0.0014819051139056683
2491,98375,2.45771484375,0,39,0.06543750000000004,0.001813995884731412
2492,98429,3.535449218750001,0,54,0.06492450000000005,0.007317923009395599
2493,98461,1.8652343750000004,0,32,0.06462050000000008,0.0015892854426056147
2494,98562,7.42490234374999,0,101,0.06366099999999997,0.0024393023923039436
2495,98675,10.392480468750001,1,113,0.06258750000000002,0.003684564493596554
2496,98732,3.961425781249999,0,57,0.062046000000000046,0.0011733579449355602
2497,98838,8.723046875,0,106,0.061038999999999954,0.0022460734471678734
2498,98872,2.069238281249999,0,34,0.06071599999999999,0.0016287928447127342
2499,98923,3.566699218750001,0,51,0.06023149999999999,0.05600883811712265
2500,98986,4.307128906249999,0,63,0.05963300000000005,0.0036457055248320103
2501,99068,6.2025390625000005,0,82,0.05885400000000007,0.0022683143615722656
2502,99121,3.6006835937500004,0,53,0.05835049999999997,0.002884482266381383
2503,99151,1.7200195312499997,0,30,0.05806549999999999,0.00272662122733891
2504,99204,3.5915039062500016,0,53,0.057562,0.003282556775957346
2505,99311,8.4033203125,0,107,0.056545500000000026,0.009135741740465164
2506,99352,2.5226562500000003,0,41,0.056156000000000095,0.006706595420837402
2507,99436,6.4271484375,0,84,0.05535800000000002,0.0011752237332984805
2508,99475,2.4897460937500013,0,39,0.05498749999999997,0.0013986605918034911
2509,99516,2.43740234375,0,41,0.054598000000000035,0.0023033132310956717
2510,99617,8.025585937499999,0,101,0.05363850000000003,0.00626181997358799
2511,99718,7.3368164062499925,0,101,0.05267900000000003,0.006198573391884565
2512,99819,7.901074218750001,0,101,0.05171950000000003,0.003676724387332797
2513,99887,4.9724609375,0,68,0.051073499999999994,0.0028869614470750093
2514,99988,7.419335937500005,0,101,0.0501140000000001,0.0039957198314368725
2515,100023,1.9474609374999998,0,35,0.050000000000000044,0.0028482256457209587
2516,100079,3.5507812500000018,0,56,0.050000000000000044,0.0011100192787125707
2517,100172,7.176464843749997,0,93,0.050000000000000044,0.03304173797369003
2518,100273,7.7298828125,0,101,0.050000000000000044,0.00163261906709522
2519,100324,3.2313476562500005,0,51,0.050000000000000044,0.00196527736261487
2520,100383,4.295996093750003,0,59,0.050000000000000044,0.0020781971979886293
2521,100484,8.151464843750007,0,101,0.050000000000000044,0.0019263087306171656
2522,100600,10.521679687500002,1,116,0.050000000000000044,0.0013776083942502737
2523,100632,1.9197265625000002,0,32,0.050000000000000044,0.0021618250757455826
2524,100662,1.7240234375,0,30,0.050000000000000044,0.0018360507674515247
2525,100763,7.7535156250000075,0,101,0.050000000000000044,0.0012952465331181884
2526,100814,3.592773437499999,0,51,0.050000000000000044,0.00324268639087677
2527,100902,6.651269531250003,0,88,0.050000000000000044,0.002024794928729534
2528,100935,1.9004882812500008,0,33,0.050000000000000044,0.0017799896886572242
2529,100986,3.4644531250000004,0,51,0.050000000000000044,0.0008584420429542661
2530,101050,4.813183593750002,0,64,0.050000000000000044,0.0010164679260924459
2531,101159,9.01064453125,0,109,0.050000000000000044,0.0685957595705986
2532,101260,8.085742187499994,0,101,0.050000000000000044,0.005768988747149706
2533,101342,6.3130859374999995,0,82,0.050000000000000044,0.002156986389309168
2534,101376,2.087988281250001,0,34,0.050000000000000044,0.0022727535106241703
2535,101413,2.2835937500000005,0,37,0.050000000000000044,0.002444747369736433
2536,101497,5.89970703125,0,84,0.050000000000000044,0.047484464943408966
2537,101598,8.206640624999999,0,101,0.050000000000000044,0.0017939928220584989
2538,101699,8.145800781250001,0,101,0.050000000000000044,0.0015952738467603922
2539,101817,10.790039062500009,1,118,0.050000000000000044,0.0012014235835522413
2540,101854,2.2697265625000007,0,37,0.050000000000000044,0.0015364298596978188
2541,101961,8.12617187500001,0,107,0.050000000000000044,0.0037985160015523434
2542,102062,8.056542968749993,0,101,0.050000000000000044,0.0025266027078032494
2543,102163,8.240917968749995,0,101,0.050000000000000044,0.011490737088024616
2544,102196,2.0030273437500012,0,33,0.050000000000000044,0.00149941211566329
2545,102297,7.578124999999991,0,101,0.050000000000000044,0.0010268582263961434
2546,102380,6.49677734375,0,83,0.050000000000000044,0.0024045249447226524
2547,102412,1.7942382812500002,0,32,0.050000000000000044,0.0027306820265948772
2548,102513,8.350585937499993,0,101,0.050000000000000044,0.001479452126659453
2549,102553,2.6133789062500004,0,40,0.050000000000000044,0.0027117833960801363
2550,102654,7.374609375000002,0,101,0.050000000000000044,0.00271008163690567
2551,102715,4.608984375000002,0,61,0.050000000000000044,0.002328601200133562
2552,102762,3.268847656250001,0,47,0.050000000000000044,0.0026944957207888365
2553,102864,8.381347656250009,0,102,0.050000000000000044,0.000772366183809936
2554,102923,3.9079101562500016,0,59,0.050000000000000044,0.005240041296929121
2555,102974,3.6558593749999986,0,51,0.050000000000000044,0.002920005703344941
2556,103081,8.880175781250008,0,107,0.050000000000000044,0.0024213495198637247
2557,103159,6.039550781250001,0,78,0.050000000000000044,0.07795660197734833
2558,103235,5.764746093750002,0,76,0.050000000000000044,0.0020041526295244694
2559,103293,4.088281250000001,0,58,0.050000000000000044,0.0033709572162479162
2560,103348,3.9544921874999996,0,55,0.050000000000000044,0.0018284637480974197
2561,103449,7.867187499999993,0,101,0.050000000000000044,0.0029781274497509003
2562,103505,4.1356445312500005,0,56,0.050000000000000044,0.001044171629473567
2563,103588,6.264257812500001,0,83,0.050000000000000044,0.002089692745357752
2564,103705,11.041894531250007,1,117,0.050000000000000044,0.0018013222143054008
2565,103771,4.979589843750005,0,66,0.050000000000000044,0.0017480476526543498
2566,103860,7.016503906249994,0,89,0.050000000000000044,0.0018226238898932934
2567,103961,8.255664062499992,0,101,0.050000000000000044,0.001597285270690918
2568,104066,8.648632812499995,0,105,0.050000000000000044,0.0032454708125442266
2569,104167,8.31445312499999,0,101,0.050000000000000044,0.0015198029577732086
2570,104268,7.803027343750001,0,101,0.050000000000000044,0.0012244691606611013
2571,104369,7.829101562500007,0,101,0.050000000000000044,0.0017993671353906393
2572,104458,6.70439453125,0,89,0.050000000000000044,0.0033679469488561153
2573,104534,5.7801757812500005,0,76,0.050000000000000044,0.0011332256253808737
2574,104569,2.1550781249999997,0,35,0.050000000000000044,0.006203553639352322
2575,104622,3.775781249999998,0,53,0.050000000000000044,0.016660571098327637
2576,104725,7.974414062500008,0,103,0.050000000000000044,0.0022427081130445004
2577,104763,2.449804687499999,0,38,0.050000000000000044,0.00824757106602192
2578,104868,8.435644531250006,0,105,0.050000000000000044,0.08817771077156067
2579,104923,4.077636718749997,0,55,0.050000000000000044,0.006283589173108339
2580,104984,4.503125000000003,0,61,0.050000000000000044,0.0008088430040515959
2581,105037,3.56767578125,0,53,0.050000000000000044,0.0007421548361890018
2582,105158,10.800097656249996,1,121,0.050000000000000044,0.08779676258563995
2583,105193,2.0612304687500003,0,35,0.050000000000000044,0.06320390105247498
2584,105275,6.386230468750002,0,82,0.050000000000000044,0.0037398948334157467
2585,105376,7.2421875,0,101,0.050000000000000044,0.002225905191153288
2586,105477,8.084667968749997,0,101,0.050000000000000044,0.06932860612869263
2587,105558,5.846874999999997,0,81,0.050000000000000044,0.007487843278795481
2588,105659,8.364941406250011,0,101,0.050000000000000044,0.0005225118948146701
2589,105760,8.116015625000001,0,101,0.050000000000000044,0.01322261430323124
2590,105801,2.722753906249999,0,41,0.050000000000000044,0.003254777053371072
2591,105940,12.854394531249994,1,139,0.050000000000000044,0.0028051685076206923
2592,106054,10.343554687499998,1,114,0.050000000000000044,0.005301780067384243
2593,106155,8.30058593749999,0,101,0.050000000000000044,0.0011532153002917767
2594,106207,3.3150390624999986,0,52,0.050000000000000044,0.001322164898738265
2595,106275,4.601074218750001,0,68,0.050000000000000044,0.0615137554705143
2596,106379,8.43642578125,0,104,0.050000000000000044,0.004180734045803547
2597,106426,3.2166015625,0,47,0.050000000000000044,0.0039933170191943645
2598,106527,8.156640624999998,0,101,0.050000000000000044,0.12182022631168365
2599,106634,8.399218749999992,0,107,0.050000000000000044,0.002917753765359521
2600,106735,7.832128906250004,0,101,0.050000000000000044,0.003505874425172806
2601,106836,8.07011718750001,0,101,0.050000000000000044,0.0005234593409113586
2602,106937,7.252050781250006,0,101,0.050000000000000044,0.0046235984191298485
2603,107004,4.872558593749999,0,67,0.050000000000000044,0.0017895025666803122
2604,107105,7.946777343750002,0,101,0.050000000000000044,0.0042127701453864574
2605,107222,10.89707031250001,1,117,0.050000000000000044,0.004935503005981445
2606,107338,10.591210937500001,1,116,0.050000000000000044,0.001110292156226933
2607,107397,4.328320312499996,0,59,0.050000000000000044,0.0018350051250308752
2608,107502,8.271191406249992,0,105,0.050000000000000044,0.08706728368997574
2609,107536,1.9342773437500003,0,34,0.050000000000000044,0.00516826706007123
2610,107710,17.177050781249996,2,174,0.050000000000000044,0.006783782038837671
2611,107816,8.657812500000002,0,106,0.050000000000000044,0.0021686842665076256
2612,107917,8.079003906249993,0,101,0.050000000000000044,0.0023772420827299356
2613,108018,8.3119140625,0,101,0.050000000000000044,0.0012409617193043232
2614,108119,8.211425781249998,0,101,0.050000000000000044,0.0024229513946920633
2615,108158,2.3890625,0,39,0.050000000000000044,0.0682927742600441
2616,108209,3.2305664062499995,0,51,0.050000000000000044,0.0015206246171146631
2617,108250,2.651367187500001,0,41,0.050000000000000044,0.0038545136339962482
2618,108351,7.859375000000005,0,101,0.050000000000000044,0.0010219416581094265
2619,108452,7.9390625,0,101,0.050000000000000044,0.09785979241132736
2620,108490,2.1797851562499995,0,38,0.050000000000000044,0.011424780823290348
2621,108529,2.4941406249999996,0,39,0.050000000000000044,0.0009088122751563787
2622,108607,6.129785156250001,0,78,0.050000000000000044,0.001252892892807722
2623,108708,7.6275390625,0,101,0.050000000000000044,0.0006050632800906897
2624,108796,6.833496093749999,0,88,0.050000000000000044,0.001101876376196742
2625,108833,2.356250000000001,0,37,0.050000000000000044,0.0022707758471369743
2626,108933,8.093457031249992,0,100,0.050000000000000044,0.000902333005797118
2627,109046,10.05556640625,1,113,0.050000000000000044,0.0011884446721524
2628,109090,2.7606445312499996,0,44,0.050000000000000044,0.003920469433069229
2629,109191,7.7310546874999915,0,101,0.050000000000000044,0.002842595102265477
2630,109231,2.3736328125,0,40,0.050000000000000044,0.003906688652932644
2631,109275,2.99970703125,0,44,0.050000000000000044,0.002715988550335169
2632,109376,8.09794921875,0,101,0.050000000000000044,0.001060990383848548
2633,109483,9.190917968750005,0,107,0.050000000000000044,0.0011907377047464252
2634,109542,4.282031249999998,0,59,0.050000000000000044,0.0013102423399686813
2635,109658,10.614355468750002,1,116,0.050000000000000044,0.0022075765300542116
2636,109712,3.7554687499999986,0,54,0.050000000000000044,0.001330288709141314
2637,109757,3.0046875,0,45,0.050000000000000044,0.0031605043914169073
2638,109833,5.678515625000003,0,76,0.050000000000000044,0.0007046523387543857
2639,109934,8.237207031250005,0,101,0.050000000000000044,0.0010911740828305483
2640,110048,10.553808593750004,1,114,0.050000000000000044,0.0019323007436469197
2641,110149,8.100488281250009,0,101,0.050000000000000044,0.0010445942170917988
2642,110252,8.291308593749992,0,103,0.050000000000000044,0.0017740451730787754
2643,110311,4.507128906250001,0,59,0.050000000000000044,0.005076892673969269
2644,110416,8.620800781249997,0,105,0.050000000000000044,0.0016058695036917925
2645,110553,12.075683593749996,1,137,0.050000000000000044,0.0020645256154239178
2646,110659,8.757128906250003,0,106,0.050000000000000044,0.0011578615522012115
2647,110696,2.307910156249999,0,37,0.050000000000000044,0.0018392626661807299
2648,110759,4.448535156250001,0,63,0.050000000000000044,0.0046415310353040695
2649,110802,2.7433593750000007,0,43,0.050000000000000044,0.002801818773150444
2650,110911,8.828027343750007,0,109,0.050000000000000044,0.002548994030803442
2651,111023,9.863671874999998,1,112,0.050000000000000044,0.0015077412826940417
2652,111079,4.116164062917229,0,56,0.050000000000000044,0.09833449870347977
2653,111119,2.6685078129172344,0,40,0.050000000000000044,0.000658655830193311
2654,111153,2.1239765629172314,0,34,0.050000000000000044,0.06180121749639511
2655,111254,8.372363281249998,0,101,0.050000000000000044,0.08482694625854492
2656,111323,5.223828124999996,0,69,0.050000000000000044,0.0012417444959282875
2657,111382,4.509570312500001,0,59,0.050000000000000044,0.0026811540592461824
2658,111483,8.39853515625001,0,101,0.050000000000000044,0.0014145039021968842
2659,111584,8.3548828125,0,101,0.050000000000000044,0.0012530834646895528
2660,111685,8.404296875000004,0,101,0.050000000000000044,0.006438149139285088
2661,111799,10.676464843749994,1,114,0.050000000000000044,0.0016171536408364773
2662,111902,8.58271484375,0,103,0.050000000000000044,0.0023501499090343714
2663,111986,6.033007812499996,0,84,0.050000000000000044,0.0023016193881630898
2664,112018,1.959914062917234,0,32,0.050000000000000044,0.001144525595009327
2665,112132,10.624414062499987,1,114,0.050000000000000044,0.005995415151119232
2666,112233,8.2830078125,0,101,0.050000000000000044,0.0011977694230154157
2667,112334,8.459570312500011,0,101,0.050000000000000044,0.001904700300656259
2668,112435,8.270312499999998,0,101,0.050000000000000044,0.0028433077968657017
2669,112467,1.9594257816672327,0,32,0.050000000000000044,0.002937025623396039
2670,112526,4.044726562499998,0,59,0.050000000000000044,0.0018340450478717685
2671,112558,1.9536640621721748,0,32,0.050000000000000044,0.002361010992899537
2672,112659,8.301757812500002,0,101,0.050000000000000044,0.0015544856432825327
2673,112761,8.53046875,0,102,0.050000000000000044,0.002480910625308752
2674,112869,8.91513671875,0,108,0.050000000000000044,0.004955883603543043
2675,112970,8.45478515625,0,101,0.050000000000000044,0.0017117036040872335
2676,113076,8.908593750000005,0,106,0.050000000000000044,0.0010311249643564224
2677,113213,12.715625,1,137,0.050000000000000044,0.0009876545518636703
2678,113314,8.466601562500003,0,101,0.050000000000000044,0.01356363296508789
2679,113346,1.9546406246721757,0,32,0.050000000000000044,0.005019953940063715
2680,113406,4.405957031249997,0,60,0.050000000000000044,0.08945787698030472
2681,113515,9.086425781250007,0,109,0.050000000000000044,0.011253273114562035
2682,113549,2.069777344167231,0,34,0.050000000000000044,0.0024417899549007416
2683,113650,8.315722656249996,0,101,0.050000000000000044,0.0014145035529509187
2684,113751,8.404980468750002,0,101,0.050000000000000044,0.09552178531885147
2685,113852,8.305566406249998,0,101,0.050000000000000044,0.0011419737711548805
2686,113955,8.734375000000004,0,103,0.050000000000000044,0.00046286924043670297
2687,113987,1.7543476566672314,0,32,0.050000000000000044,0.0029645031318068504
2688,114088,8.317285156250003,0,101,0.050000000000000044,0.0018919215071946383
2689,114120,1.938917969167234,0,32,0.050000000000000044,0.0024647265672683716
2690,114160,2.6917500004172323,0,40,0.050000000000000044,0.0025181095115840435
2691,114261,8.32255859375,0,101,0.050000000000000044,0.07643767446279526
2692,114362,8.388671874999991,0,101,0.050000000000000044,0.0023214989341795444
2693,114463,7.976855468750003,0,101,0.050000000000000044,0.0008615474798716605
2694,114564,8.365136718750003,0,101,0.050000000000000044,0.000800928333774209
2695,114600,2.285207031667234,0,36,0.050000000000000044,0.0009297013748437166
2696,114707,9.121582031250002,0,107,0.050000000000000044,0.006320384331047535
2697,114824,11.081933593750009,1,117,0.050000000000000044,0.002829713048413396
2698,114925,8.393457031250001,0,101,0.050000000000000044,0.0006232321029528975
2699,114957,1.8633320316672313,0,32,0.050000000000000044,0.13210876286029816
2700,115058,8.183300781249997,0,101,0.050000000000000044,0.02345031313598156
2701,115162,8.644238281250008,0,104,0.050000000000000044,0.005193760618567467
2702,115274,10.446191406249998,1,112,0.050000000000000044,0.003577985567972064
2703,115323,3.3341328129172334,0,49,0.050000000000000044,0.003308689221739769
2704,115424,8.284179687499998,0,101,0.050000000000000044,0.011191880330443382
2705,115529,8.822949218749999,0,105,0.050000000000000044,0.0022342537995427847
2706,115576,3.337941406667234,0,47,0.050000000000000044,0.061461832374334335
2707,115679,8.625195312500008,0,103,0.050000000000000044,0.0016943730879575014
2708,115780,8.189355468750001,0,101,0.050000000000000044,0.00494504114612937
2709,115886,8.942675781249996,0,106,0.050000000000000044,0.00349723594263196
2710,115987,8.432910156250001,0,101,0.050000000000000044,0.0016589137958362699
2711,116108,11.565527343749997,1,121,0.050000000000000044,0.0011443512048572302
2712,116140,1.8512226566672343,0,32,0.050000000000000044,0.0014908083248883486
2713,116176,2.302003906667231,0,36,0.050000000000000044,0.0011603385210037231
2714,116208,1.7755390629172338,0,32,0.050000000000000044,0.001185887260362506
2715,116309,8.355957031249998,0,101,0.050000000000000044,0.004582894034683704
2716,116410,8.294628906249999,0,101,0.050000000000000044,0.0032006120309233665
2717,116463,4.010109375417236,0,53,0.050000000000000044,0.0009372999193146825
2718,116564,8.367968750000008,0,101,0.050000000000000044,0.0012902774615213275
2719,116596,1.9506367191672314,0,32,0.050000000000000044,0.001293667359277606
2720,116643,3.3040546879172297,0,47,0.050000000000000044,0.011868350207805634
2721,116751,9.214257812499993,0,108,0.050000000000000044,0.007157095707952976
2722,116852,8.572070312499989,0,101,0.050000000000000044,0.018665257841348648
2723,116964,10.555371093749988,1,112,0.050000000000000044,0.0008117221877910197
2724,117081,11.118164062500002,1,117,0.050000000000000044,0.01278023049235344
2725,117115,2.031105469167233,0,34,0.050000000000000044,0.0012818940449506044
2726,117147,1.9147968754172333,0,32,0.050000000000000044,0.04967675358057022
2727,117179,1.9536640621721748,0,32,0.050000000000000044,0.0012757699005305767
2728,117280,8.296777343749993,0,101,0.050000000000000044,0.0016231411136686802
2729,117312,1.9561054684221748,0,32,0.050000000000000044,0.005304932128638029
2730,117449,13.25966796875,1,137,0.050000000000000044,0.0025188482832163572
2731,117550,8.360546875000004,0,101,0.050000000000000044,0.0021601018961519003
2732,117582,1.9536640621721748,0,32,0.050000000000000044,0.0004718732088804245
2733,117692,9.259765625000016,0,110,0.050000000000000044,0.0041199130937457085
2734,117724,1.9597187504172324,0,32,0.050000000000000044,0.0027337949723005295
2735,117760,2.0731953129172305,0,36,0.050000000000000044,0.0015479382127523422
2736,117818,4.350246093422171,0,58,0.050000000000000044,0.0017830030992627144
2737,117955,12.903027343749994,1,137,0.050000000000000044,0.0033197966404259205
2738,118005,3.6013203129172338,0,50,0.050000000000000044,0.022104524075984955
2739,118045,2.6214375004172306,0,40,0.050000000000000044,0.0634828507900238
2740,118086,2.789015625417235,0,41,0.050000000000000044,0.0009194443700835109
2741,118134,3.4215351566672334,0,48,0.050000000000000044,0.06559240818023682
2742,118236,8.42685546875,0,102,0.050000000000000044,0.003551267320290208
2743,118347,9.47285156249999,0,111,0.050000000000000044,0.0037929266691207886
2744,118391,3.044679687917233,0,44,0.050000000000000044,0.010426701977849007
2745,118442,3.7403828129172343,0,51,0.050000000000000044,0.03821275383234024
2746,118483,2.788722656667231,0,41,0.050000000000000044,0.001582081662490964
2747,118534,3.4192890629172332,0,51,0.050000000000000044,0.008598661981523037
2748,118586,3.6346210941672323,0,52,0.050000000000000044,0.0009158957982435822
2749,118618,1.8118671879172328,0,32,0.050000000000000044,0.0029313587583601475
2750,118719,8.613769531250004,0,101,0.050000000000000044,0.002152772154659033
2751,118826,9.097265625000006,0,107,0.050000000000000044,0.0010135028278455138
2752,118933,9.147363281250003,0,107,0.050000000000000044,0.0030421593692153692
2753,119050,11.191015624999991,1,117,0.050000000000000044,0.0012938252184540033
2754,119151,7.9017578125000085,0,101,0.050000000000000044,0.004541478119790554
2755,119196,3.1308125004172345,0,45,0.050000000000000044,0.0021118882577866316
2756,119237,2.7707539066672346,0,41,0.050000000000000044,0.003082594135776162
2757,119269,1.9598164066672337,0,32,0.050000000000000044,0.0006798241520300508
2758,119370,8.167968750000004,0,101,0.050000000000000044,0.002325251465663314
2759,119414,3.0075703129172346,0,44,0.050000000000000044,0.04415257275104523
2760,119515,8.268652343749993,0,101,0.050000000000000044,0.0011751219863072038
2761,119561,3.256640625,0,46,0.050000000000000044,0.001161796972155571
2762,119619,4.366554687917235,0,58,0.050000000000000044,0.0024884536396712065
2763,119653,2.0601093754172335,0,34,0.050000000000000044,0.003322754055261612
2764,119685,1.9455585941672315,0,32,0.050000000000000044,0.0038620331324636936
2765,119795,9.210351562500003,0,110,0.050000000000000044,0.002188205486163497
2766,119896,7.972363281250006,0,101,0.050000000000000044,0.24889244139194489
2767,119953,4.276027344167236,0,57,0.050000000000000044,0.0025633706245571375
2768,119985,1.9565937504172344,0,32,0.050000000000000044,0.05808693543076515
2769,120017,1.8542500004172333,0,32,0.050000000000000044,0.003096608445048332
2770,120049,1.6574726551771177,0,32,0.050000000000000044,0.000925584405194968
2771,120081,1.6786640629172314,0,32,0.050000000000000044,0.002298677572980523
2772,120188,9.191308593750009,0,107,0.050000000000000044,0.011331751011312008
2773,120289,8.379199218750008,0,101,0.050000000000000044,0.0030568016227334738
2774,120323,2.1358906246721734,0,34,0.050000000000000044,0.0011360375210642815
2775,120424,8.312890625000003,0,101,0.050000000000000044,0.002246360294520855
2776,120525,8.275390625,0,101,0.050000000000000044,0.0020766183733940125
2777,120626,8.217382812499997,0,101,0.050000000000000044,0.000630106427706778
2778,120728,8.759277343750002,0,102,0.050000000000000044,0.00782131776213646
2779,120829,8.256152343750003,0,101,0.050000000000000044,0.0014010444283485413
2780,120966,12.744824218750004,1,137,0.050000000000000044,0.000981154851615429
2781,121070,8.705273437499999,0,104,0.050000000000000044,0.0027591921389102936
2782,121173,8.8888671875,0,103,0.050000000000000044,0.11359180510044098
2783,121274,8.016894531249998,0,101,0.050000000000000044,0.0049822451546788216
2784,121375,8.638183593750005,0,101,0.050000000000000044,0.1606196165084839
2785,121476,8.236132812500001,0,101,0.050000000000000044,0.004239518195390701
2786,121577,8.527929687499999,0,101,0.050000000000000044,0.004261958412826061
2787,121714,13.015527343750012,1,137,0.050000000000000044,0.003612757893279195
2788,121815,7.927343749999995,0,101,0.050000000000000044,0.004066886380314827
2789,121849,2.141652344167232,0,34,0.050000000000000044,0.002540911315008998
2790,122071,24.426367187499988,4,222,0.050000000000000044,0.002693718299269676
2791,122175,8.71025390625,0,104,0.050000000000000044,0.006946020759642124
2792,122276,7.952050781250003,0,101,0.050000000000000044,0.0011671704705804586
2793,122377,8.476074218750002,0,101,0.050000000000000044,0.0017959147226065397
2794,122520,13.7365234375,1,143,0.050000000000000044,0.0008474662317894399
2795,122621,8.646484375000004,0,101,0.050000000000000044,0.000809067627415061
2796,122722,7.6933593749999964,0,101,0.050000000000000044,0.0015024037566035986
2797,122760,2.4934101559221764,0,38,0.050000000000000044,0.00513851922005415
2798,122861,8.650781250000001,0,101,0.050000000000000044,0.0038025900721549988
2799,122962,8.319726562500003,0,101,0.050000000000000044,0.008582531474530697
2800,123100,13.422851562500009,1,138,0.050000000000000044,0.12253471463918686
2801,123213,10.675585937500001,1,113,0.050000000000000044,0.06342041492462158
2802,123329,10.908691406250002,1,116,0.050000000000000044,0.0022679627873003483
2803,123430,7.777734374999996,0,101,0.050000000000000044,0.0024218992330133915
2804,123531,8.48417968749999,0,101,0.050000000000000044,0.0014259398449212313
2805,123633,8.08642578124999,0,102,0.050000000000000044,0.1226850375533104
2806,123734,7.942089843750004,0,101,0.050000000000000044,0.00209545879624784
2807,123840,8.522753906249992,0,106,0.050000000000000044,0.002516823122277856
2808,123956,11.014257812499993,1,116,0.050000000000000044,0.0034265664871782064
2809,124060,8.764160156250002,0,104,0.050000000000000044,0.002763868775218725
2810,124164,8.75869140625,0,104,0.050000000000000044,0.0014378665946424007
2811,124266,8.675097656250001,0,102,0.050000000000000044,0.11868119239807129
2812,124409,13.713281250000016,1,143,0.050000000000000044,0.001764562912285328
2813,124522,10.827734374999999,1,113,0.050000000000000044,0.0013013650896027684
2814,124664,13.624218749999997,1,142,0.050000000000000044,0.0009757004445418715
2815,124838,17.81533203125001,2,174,0.050000000000000044,0.06382473558187485
2816,124946,9.215332031249996,0,108,0.050000000000000044,0.0014258896699175239
2817,125047,8.262597656250003,0,101,0.050000000000000044,0.001600945950485766
2818,125148,8.658984375000001,0,101,0.050000000000000044,0.002207777928560972
2819,125249,8.612890624999991,0,101,0.050000000000000044,0.0017035321798175573
2820,125359,9.608300781249996,0,110,0.050000000000000044,0.0025383769534528255
2821,125460,7.924804687499995,0,101,0.050000000000000044,0.0008862161776050925
2822,125577,11.298632812500003,1,117,0.050000000000000044,0.001965720672160387
2823,125678,8.174121093750006,0,101,0.050000000000000044,0.00304053770378232
2824,125792,10.616796875000004,1,114,0.050000000000000044,0.00945301167666912
2825,125940,14.869531249999989,2,148,0.050000000000000044,0.0009270526934415102
2826,126042,8.63837890625,0,102,0.050000000000000044,0.008789263665676117
2827,126143,8.0060546875,0,101,0.050000000000000044,0.00567689398303628
2828,126244,8.432910156249996,0,101,0.050000000000000044,0.004278808832168579
2829,126345,8.3359375,0,101,0.050000000000000044,0.0035956529900431633
2830,126466,11.63427734374999,1,121,0.050000000000000044,0.0029448289424180984
2831,126567,8.36630859375,0,101,0.050000000000000044,0.006877491250634193
2832,126668,8.734765625000005,0,101,0.050000000000000044,0.004987364634871483
2833,126769,7.855957031250005,0,101,0.050000000000000044,0.001872227294370532
2834,126870,8.116210937500009,0,101,0.050000000000000044,0.006211539730429649
2835,126971,8.606347656250003,0,101,0.050000000000000044,0.12486759573221207
2836,127123,15.593652343749994,2,152,0.050000000000000044,0.002674588467925787
2837,127224,8.415527343750002,0,101,0.050000000000000044,0.002799268579110503
2838,127328,8.910351562500013,0,104,0.050000000000000044,0.12663348019123077
2839,127429,8.503808593749996,0,101,0.050000000000000044,0.007114981301128864
2840,127566,12.946289062500002,1,137,0.050000000000000044,0.0022016107104718685
2841,127755,20.046777343750016,3,189,0.050000000000000044,0.0022393506951630116
2842,127900,13.787792968749988,1,145,0.050000000000000044,0.05908527597784996
2843,128001,8.402832031249996,0,101,0.050000000000000044,0.18138492107391357
2844,128109,9.250781249999992,0,108,0.050000000000000044,0.002476679626852274
2845,128164,4.075683593750002,0,55,0.050000000000000044,0.005418093875050545
2846,128269,8.867968750000001,0,105,0.050000000000000044,0.0009178906329907477
2847,128370,8.499804687500006,0,101,0.050000000000000044,0.008497057482600212
2848,128471,8.495019531250001,0,101,0.050000000000000044,0.0014976421371102333
2849,128572,8.542871093749994,0,101,0.050000000000000044,0.06359142810106277
2850,128687,10.746484374999989,1,115,0.050000000000000044,0.002000341657549143
2851,128788,8.5447265625,0,101,0.050000000000000044,0.002184465993195772
2852,128892,8.85810546875,0,104,0.050000000000000044,0.004971856251358986
2853,129003,9.516894531249998,0,111,0.050000000000000044,0.004033808130770922
2854,129104,8.574511718749996,0,101,0.050000000000000044,0.000923104234971106
2855,129205,8.395019531250012,0,101,0.050000000000000044,0.002323684748262167
2856,129317,10.545703124999985,1,112,0.050000000000000044,0.0038300168234854937
2857,129421,8.815429687499998,0,104,0.050000000000000044,0.06637821346521378
2858,129522,8.484082031249994,0,101,0.050000000000000044,0.028811926022171974
2859,129624,8.576074218750007,0,102,0.050000000000000044,0.003388972720131278
2860,129725,8.578125000000002,0,101,0.050000000000000044,0.004320185631513596
2861,129862,13.01298828125001,1,137,0.050000000000000044,0.001940454007126391
2862,129963,8.327343749999997,0,101,0.050000000000000044,0.031062547117471695
2863,130074,9.550488281249999,0,111,0.050000000000000044,0.0025965373497456312
2864,130186,10.52353515625,1,112,0.050000000000000044,0.003059481969103217
2865,130331,13.782324218750018,1,145,0.050000000000000044,0.008958226069808006
2866,130443,10.453320312499995,1,112,0.050000000000000044,0.0027441210113465786
2867,130561,11.235546874999988,1,118,0.050000000000000044,0.004531631246209145
2868,130598,2.2964843750000004,0,37,0.050000000000000044,0.008931195363402367
2869,130739,13.403417968749999,1,141,0.050000000000000044,0.009939518757164478
2870,130842,8.563964843750005,0,103,0.050000000000000044,0.005174231715500355
2871,130943,8.104492187499998,0,101,0.050000000000000044,0.0035867129918187857
2872,131044,8.385449218750004,0,101,0.050000000000000044,0.0013423087075352669
2873,131198,15.689160156249994,2,154,0.050000000000000044,0.002406139625236392
2874,131300,8.416601562500002,0,102,0.050000000000000044,0.0012607371900230646
2875,131360,4.403906250000001,0,60,0.050000000000000044,0.0014519626274704933
2876,131461,8.184960937499998,0,101,0.050000000000000044,0.003037494607269764
2877,131572,9.48466796875,0,111,0.050000000000000044,0.0007805072818882763
2878,131709,12.692578125000011,1,137,0.050000000000000044,0.003173266537487507
2879,131816,8.992187500000009,0,107,0.050000000000000044,0.0015246442053467035
2880,131927,9.64638671874999,0,111,0.050000000000000044,0.002569573698565364
2881,132039,10.488281249999986,1,112,0.050000000000000044,0.0019652731716632843
2882,132152,10.535742187500006,1,113,0.050000000000000044,0.0005739328335039318
2883,132271,11.323339843750006,1,119,0.050000000000000044,0.00253042159602046
2884,132384,10.71904296875,1,113,0.050000000000000044,0.003207297995686531
2885,132485,8.55068359374999,0,101,0.050000000000000044,0.0017579826526343822
2886,132523,2.43271484375,0,38,0.050000000000000044,0.025455579161643982
2887,132624,8.266113281249996,0,101,0.050000000000000044,0.009267459623515606
2888,132761,12.817773437500001,1,137,0.050000000000000044,0.005378874484449625
2889,132898,12.753906250000005,1,137,0.050000000000000044,0.02902146987617016
2890,133035,12.631933593750015,1,137,0.050000000000000044,0.04736202582716942
2891,133147,10.575683593750007,1,112,0.050000000000000044,0.00179784104693681
2892,133248,8.555371093749994,0,101,0.050000000000000044,0.001012454042211175
2893,133385,12.881347656249991,1,137,0.050000000000000044,0.17586781084537506
2894,133535,15.150976562499995,2,150,0.050000000000000044,0.0070217507891356945
2895,133638,8.190234375000003,0,103,0.050000000000000044,0.0038849939592182636
2896,133784,13.601953124999993,1,146,0.050000000000000044,0.050260208547115326
2897,133893,9.302636718750007,0,109,0.050000000000000044,0.018403010442852974
2898,134050,15.70390625000001,2,157,0.050000000000000044,0.004104773513972759
2899,134187,13.173535156250006,1,137,0.050000000000000044,0.005221843719482422
2900,134324,13.120507812499998,1,137,0.050000000000000044,0.0017786913085728884
2901,134464,13.349218750000002,1,140,0.050000000000000044,0.006441217847168446
2902,134569,8.616992187500001,0,105,0.050000000000000044,0.001818471821025014
2903,134683,10.652734375000001,1,114,0.050000000000000044,0.0016021962510421872
2904,134746,4.796484375,0,63,0.050000000000000044,0.0005374619504436851
2905,134847,8.572851562499997,0,101,0.050000000000000044,0.0025878308806568384
2906,134948,8.5330078125,0,101,0.050000000000000044,0.0007292847731150687
2907,135060,10.2412109375,1,112,0.050000000000000044,0.0047891936264932156
2908,135175,10.801757812499993,1,115,0.050000000000000044,0.004174917936325073
2909,135276,8.278222656250003,0,101,0.050000000000000044,0.004662615247070789
2910,135377,8.328417968750008,0,101,0.050000000000000044,0.00997429434210062
2911,135478,8.469921874999994,0,101,0.050000000000000044,0.005206366069614887
2912,135579,8.64111328125,0,101,0.050000000000000044,0.0075111398473382
2913,135680,8.502832031250001,0,101,0.050000000000000044,0.0032373392023146152
2914,135784,8.779589843749998,0,104,0.050000000000000044,0.012080512940883636
2915,135885,8.369628906249991,0,101,0.050000000000000044,0.17379367351531982
2916,135986,7.772070312499997,0,101,0.050000000000000044,0.009900348260998726
2917,136096,9.3630859375,0,110,0.050000000000000044,0.0008510310435667634
2918,136233,13.031054687499996,1,137,0.050000000000000044,0.004858828149735928
2919,136370,13.141308593749992,1,137,0.050000000000000044,0.0017760591581463814
2920,136507,12.838281250000007,1,137,0.050000000000000044,0.0016724795568734407
2921,136608,8.3349609375,0,101,0.050000000000000044,0.006133248098194599
2922,136709,8.548046875000008,0,101,0.050000000000000044,0.0032187397591769695
2923,136817,9.182226562499988,0,108,0.050000000000000044,0.002486779820173979
2924,136924,9.108984374999997,0,107,0.050000000000000044,0.07523375749588013
2925,137034,9.191894531250002,0,110,0.050000000000000044,0.0027323428075760603
2926,137181,13.873535156250002,1,147,0.050000000000000044,0.003882874734699726
2927,137293,10.602539062500005,1,112,0.050000000000000044,0.0029421942308545113
2928,137394,8.434472656249994,0,101,0.050000000000000044,0.012788744643330574
2929,137531,13.066894531249988,1,137,0.050000000000000044,0.0043298713862895966
2930,137668,13.1068359375,1,137,0.050000000000000044,0.008425075560808182
2931,137808,13.356933593749988,1,140,0.050000000000000044,0.0023667761124670506
2932,137915,8.846484375,0,107,0.050000000000000044,0.12475663423538208
2933,138016,8.355566406250007,0,101,0.050000000000000044,0.003971791826188564
2934,138117,8.519335937500008,0,101,0.050000000000000044,0.003144629765301943
2935,138226,9.261621093749993,0,109,0.050000000000000044,0.0007290809880942106
2936,138364,13.318750000000007,1,138,0.050000000000000044,0.0017655607080087066
2937,138465,8.554785156250004,0,101,0.050000000000000044,0.13354098796844482
2938,138602,12.424121093749992,1,137,0.050000000000000044,0.00334555609151721
2939,138703,8.35146484375,0,101,0.050000000000000044,0.0029879435896873474
2940,138819,10.94345703125,1,116,0.050000000000000044,0.0019610710442066193
2941,138877,4.18022656217217,0,58,0.050000000000000044,0.06240646541118622
2942,138995,11.045312500000005,1,118,0.050000000000000044,0.16227799654006958
2943,139096,8.524414062499998,0,101,0.050000000000000044,0.0019834593404084444
2944,139197,8.144921875000003,0,101,0.050000000000000044,0.0760396346449852
2945,139352,15.841796875000014,2,155,0.050000000000000044,0.002674669027328491
2946,139498,13.885449218749995,1,146,0.050000000000000044,0.06798695772886276
2947,139618,11.338378906250007,1,120,0.050000000000000044,0.001835080562159419
2948,139673,3.8057617187500004,0,55,0.050000000000000044,0.001565467333421111
2949,139718,3.106445312500001,0,45,0.050000000000000044,0.04671025276184082
2950,139819,8.557519531250009,0,101,0.050000000000000044,0.004210666753351688
2951,139920,8.450976562500008,0,101,0.050000000000000044,0.0033503486774861813
2952,140029,9.474804687500006,0,109,0.050000000000000044,0.0015074252150952816
2953,140239,22.137109375000016,3,210,0.050000000000000044,0.0022782515734434128
2954,140341,8.421972656250002,0,102,0.050000000000000044,0.0028449108358472586
2955,140448,9.115234375,0,107,0.050000000000000044,0.010040534660220146
2956,140568,11.387207031249991,1,120,0.050000000000000044,0.006579538807272911
2957,140675,9.02548828125,0,107,0.050000000000000044,0.05656612664461136
2958,140820,13.6732421875,1,145,0.050000000000000044,0.0021936995908617973
2959,140968,14.891699218750006,2,148,0.050000000000000044,0.002671709517017007
2960,141105,12.850878906249985,1,137,0.050000000000000044,0.0028994448948651552
2961,141214,9.307519531249989,0,109,0.050000000000000044,0.003381242509931326
2962,141351,12.9244140625,1,137,0.050000000000000044,0.19381658732891083
2963,141453,8.442675781250006,0,102,0.050000000000000044,0.014488086104393005
2964,141512,4.2578125,0,59,0.050000000000000044,0.004713522735983133
2965,141620,9.147949218749998,0,108,0.050000000000000044,0.003727071452885866
2966,141763,13.328124999999991,1,143,0.050000000000000044,0.0024385019205510616
2967,141865,8.781835937500006,0,102,0.050000000000000044,0.0025484468787908554
2968,141971,9.119726562500004,0,106,0.050000000000000044,0.010969458147883415
2969,142124,15.779785156249993,2,153,0.050000000000000044,0.0016737788682803512
2970,142277,15.6337890625,2,153,0.050000000000000044,0.003939379937946796
2971,142389,10.671289062500007,1,112,0.050000000000000044,0.004012116231024265
2972,142526,12.854199218749997,1,137,0.050000000000000044,0.001316978596150875
2973,142559,2.0169921874999996,0,33,0.050000000000000044,0.04976237192749977
2974,142710,15.42734375000001,2,151,0.050000000000000044,0.005155570805072784
2975,142821,9.498437499999994,0,111,0.050000000000000044,0.0006266351556405425
2976,142931,9.588183593750008,0,110,0.050000000000000044,0.10105114430189133
2977,143075,13.870019531249996,1,144,0.050000000000000044,0.003822262631729245
2978,143180,8.867187500000005,0,105,0.050000000000000044,0.003630748949944973
2979,143288,9.184667968749993,0,108,0.050000000000000044,0.13418979942798615
2980,143401,10.740820312499997,1,113,0.050000000000000044,0.005131070967763662
2981,143448,3.235351562500001,0,47,0.050000000000000044,0.0019065687665715814
2982,143658,22.07675781250002,3,210,0.050000000000000044,0.0017343917861580849
2983,143769,9.203515625,0,111,0.050000000000000044,0.0011973439250141382
2984,143870,8.495507812499993,0,101,0.050000000000000044,0.0012160000624135137
2985,144014,13.595117187500007,1,144,0.050000000000000044,0.0016535712638869882
2986,144115,8.208007812500002,0,101,0.050000000000000044,0.12596027553081512
2987,144216,8.520800781249998,0,101,0.050000000000000044,0.13509663939476013
2988,144256,2.387792968750001,0,40,0.050000000000000044,0.001633568899706006
2989,144357,8.415722656249995,0,101,0.050000000000000044,0.1066310703754425
2990,144399,2.812695312499999,0,42,0.050000000000000044,0.05145272985100746
2991,144500,7.458398437500001,0,101,0.050000000000000044,0.05711367353796959
2992,144621,11.388574218749996,1,121,0.050000000000000044,0.002213845495134592
2993,144735,10.730664062499999,1,114,0.050000000000000044,0.058986421674489975
2994,144838,8.760058593749989,0,103,0.050000000000000044,0.0017760804621502757
2995,144939,8.657910156249994,0,101,0.050000000000000044,0.0014073392376303673
2996,145057,11.068359375000009,1,118,0.050000000000000044,0.001467805472202599
2997,145094,2.3318359374999997,0,37,0.050000000000000044,0.04411444440484047
2998,145139,2.7934570312500004,0,45,0.050000000000000044,0.006569636985659599
2999,145240,8.194335937499998,0,101,0.050000000000000044,0.003718886524438858
3000,145359,11.2845703125,1,119,0.050000000000000044,0.004978417418897152
3001,145425,4.836425781249997,0,66,0.050000000000000044,0.05679039657115936
3002,145456,1.7980468750000003,0,31,0.050000000000000044,0.0019294633530080318
3003,145489,1.7997070312499996,0,33,0.050000000000000044,0.05808953940868378
3004,145521,1.8822265624999996,0,32,0.050000000000000044,0.0014490906614810228
3005,145625,8.512695312499996,0,104,0.050000000000000044,0.0039223115891218185
3006,145803,18.021777343750003,2,178,0.050000000000000044,0.006332851015031338
3007,145863,4.45234375,0,60,0.050000000000000044,0.003598711919039488
3008,145970,9.04755859375001,0,107,0.050000000000000044,0.07613891363143921
3009,146025,3.9741718754172304,0,55,0.050000000000000044,0.0011732850689440966
3010,146076,3.63056640625,0,51,0.050000000000000044,0.08999265730381012
3011,146177,8.40517578125,0,101,0.050000000000000044,0.003273027017712593
3012,146278,8.623144531249997,0,101,0.050000000000000044,0.022603977471590042
3013,146348,5.441554687917236,0,70,0.050000000000000044,0.02335553802549839
3014,146449,8.189160156249999,0,101,0.050000000000000044,0.06581304222345352
3015,146552,8.445800781250004,0,103,0.050000000000000044,0.0027475892566144466
3016,146689,12.908105468750009,1,137,0.050000000000000044,0.005519658327102661
3017,146793,8.315820312499989,0,104,0.050000000000000044,0.005012215580791235
3018,146895,8.508300781249991,0,102,0.050000000000000044,0.007487870752811432
3019,146996,8.01025390625,0,101,0.050000000000000044,0.0020824745297431946
3020,147097,8.162207031250002,0,101,0.050000000000000044,0.02070624567568302
3021,147200,8.335839843749996,0,103,0.050000000000000044,0.003143082372844219
3022,147269,5.032082030922173,0,69,0.050000000000000044,0.12066882103681564
3023,147406,12.972949218750006,1,137,0.050000000000000044,0.04208402708172798
3024,147507,8.191015625000002,0,101,0.050000000000000044,0.0006984914653003216
3025,147608,8.321777343750005,0,101,0.050000000000000044,0.0035844803787767887
3026,147713,8.789160156249997,0,105,0.050000000000000044,0.0027858843095600605
3027,147814,8.43173828125,0,101,0.050000000000000044,0.007431175094097853
3028,147915,8.42197265624999,0,101,0.050000000000000044,0.0034147128462791443
3029,148016,8.456054687499998,0,101,0.050000000000000044,0.0027478213887661695
3030,148052,2.1499023437500004,0,36,0.050000000000000044,0.0031633516773581505
3031,148153,8.366015625000005,0,101,0.050000000000000044,0.00223711971193552
3032,148255,8.261523437499992,0,102,0.050000000000000044,0.002857143059372902
3033,148351,7.506496094167234,0,96,0.050000000000000044,0.07140246778726578
3034,148456,8.74140625,0,105,0.050000000000000044,0.00170940812677145
3035,148557,8.631249999999994,0,101,0.050000000000000044,0.003918135073035955
3036,148694,13.105761718749987,1,137,0.050000000000000044,0.0009565000073052943
3037,148795,8.267773437500008,0,101,0.050000000000000044,0.0023010207805782557
3038,148839,2.9946289062500013,0,44,0.050000000000000044,0.0007959039648994803
3039,148940,8.583886718749994,0,101,0.050000000000000044,0.0016737966798245907
3040,149041,8.488476562500002,0,101,0.050000000000000044,0.13728965818881989
3041,149142,8.436523437500007,0,101,0.050000000000000044,0.09781339019536972
3042,149235,6.890285155922179,0,93,0.050000000000000044,0.0066910916939377785
3043,149336,8.144628906250002,0,101,0.050000000000000044,0.09331017732620239
3044,149437,8.435546875000004,0,101,0.050000000000000044,0.0022457437589764595
3045,149485,3.097949218750001,0,48,0.050000000000000044,0.005069640465080738
3046,149522,2.3832031250000005,0,37,0.050000000000000044,0.0038439277559518814
3047,149568,3.2107421874999993,0,46,0.050000000000000044,0.06747537106275558
3048,149669,8.535253906249988,0,101,0.050000000000000044,0.004841769114136696
3049,149770,8.219628906250005,0,101,0.050000000000000044,0.08193279057741165
3050,149810,2.6649414062499996,0,40,0.050000000000000044,0.0833297148346901
3051,149895,6.92333984375,0,85,0.050000000000000044,0.0009771641343832016
3052,149932,2.2640625000000005,0,37,0.050000000000000044,0.003653779160231352
3053,150033,8.441699218750003,0,101,0.050000000000000044,0.20225724577903748
3054,150066,1.87490234375,0,33,0.050000000000000044,0.013444941490888596
3055,150167,8.541406250000001,0,101,0.050000000000000044,0.004054033197462559
3056,150268,8.008886718749988,0,101,0.050000000000000044,0.0027199110481888056
3057,150369,8.126660156249999,0,101,0.050000000000000044,0.0692216008901596
3058,150470,8.146484374999991,0,101,0.050000000000000044,0.001904775621369481
3059,150571,7.98505859374999,0,101,0.050000000000000044,0.08122001588344574
3060,150672,8.259667968749998,0,101,0.050000000000000044,0.13034801185131073
3061,150713,2.675488281250001,0,41,0.050000000000000044,0.002330477349460125
3062,150748,2.16513671875,0,35,0.050000000000000044,0.0020457578357309103
3063,150781,2.0033203125000005,0,33,0.050000000000000044,0.004888502880930901
3064,150882,8.286718749999991,0,101,0.050000000000000044,0.010642312467098236
3065,150989,8.30498046875001,0,107,0.050000000000000044,0.0019482660572975874
3066,151090,8.097265625000007,0,101,0.050000000000000044,0.13215626776218414
3067,151122,1.77353515625,0,32,0.050000000000000044,0.0030135968700051308
3068,151156,1.8392578125,0,34,0.050000000000000044,0.13369998335838318
3069,151257,8.4595703125,0,101,0.050000000000000044,0.006854690611362457
3070,151297,2.4841796875,0,40,0.050000000000000044,0.0029118400998413563
3071,151398,8.275488281250004,0,101,0.050000000000000044,0.001501515507698059
3072,151447,3.4556640625000004,0,49,0.050000000000000044,0.0023990157060325146
3073,151548,7.970507812500005,0,101,0.050000000000000044,0.0015515730483457446
3074,151584,2.2547851562499996,0,36,0.050000000000000044,0.0030803349800407887
3075,151627,2.8120117187499987,0,43,0.050000000000000044,0.002390593057498336
3076,151764,12.487304687500005,1,137,0.050000000000000044,0.0014530629850924015
3077,151869,8.827734375,0,105,0.050000000000000044,0.006987780332565308
3078,151975,8.907519531250001,0,106,0.050000000000000044,0.0014638924039900303
3079,152076,8.182031250000007,0,101,0.050000000000000044,0.0033037911634892225
3080,152118,2.4930664062500005,0,42,0.050000000000000044,0.002562092151492834
3081,152161,2.80751953125,0,43,0.050000000000000044,0.012852329760789871
3082,152262,8.262109374999993,0,101,0.050000000000000044,0.002270815195515752
3083,152363,8.211230468750006,0,101,0.050000000000000044,0.006557809188961983
3084,152464,8.320507812500004,0,101,0.050000000000000044,0.0015307660214602947
3085,152565,7.795214843750003,0,101,0.050000000000000044,0.014930198900401592
3086,152614,3.291503906249999,0,49,0.050000000000000044,0.002769347745925188
3087,152715,8.44228515625,0,101,0.050000000000000044,0.06713568419218063
3088,152756,2.709375,0,41,0.050000000000000044,0.005029649473726749
3089,152843,7.114113281667235,0,87,0.050000000000000044,0.0016112469602376223
3090,152980,12.876367187499993,1,137,0.050000000000000044,0.0034544984810054302
3091,153081,8.371874999999998,0,101,0.050000000000000044,0.0024929861538112164
3092,153185,8.474218749999995,0,104,0.050000000000000044,0.06544452905654907
3093,153220,2.1615234375,0,35,0.050000000000000044,0.007001543417572975
3094,153261,2.6791015625,0,41,0.050000000000000044,0.0021742708049714565
3095,153295,2.0112304687500004,0,34,0.050000000000000044,0.009561704471707344
3096,153374,6.221828124672176,0,79,0.050000000000000044,0.0031327293254435062
3097,153488,10.634374999999997,1,114,0.050000000000000044,0.005245296284556389
3098,153589,8.40400390625,0,101,0.050000000000000044,0.011904268525540829
3099,153690,8.128906250000002,0,101,0.050000000000000044,0.0028265477158129215
3100,153790,8.31787109375,0,100,0.050000000000000044,0.06801880896091461
3101,153891,8.126855468750005,0,101,0.050000000000000044,0.002287794603034854
3102,153930,2.5887695312499996,0,39,0.050000000000000044,0.004110896959900856
3103,153999,5.273925781250002,0,69,0.050000000000000044,0.0030565056949853897
3104,154100,8.504980468750006,0,101,0.050000000000000044,0.0035378995817154646
3105,154130,1.5610351562500004,0,30,0.050000000000000044,0.016784241423010826
3106,154231,8.237011718749999,0,101,0.050000000000000044,0.1212242916226387
3107,154266,2.1850585937500004,0,35,0.050000000000000044,0.23009081184864044
3108,154308,2.4554687500000014,0,42,0.050000000000000044,0.014371853321790695
3109,154409,8.259765624999998,0,101,0.050000000000000044,0.008249333128333092
3110,154510,8.344042968750001,0,101,0.050000000000000044,0.0006567978416569531
3111,154628,10.982812500000003,1,118,0.050000000000000044,0.11406169831752777
3112,154729,8.248144531250002,0,101,0.050000000000000044,0.0024220170453190804
3113,154842,10.574316406249997,1,113,0.050000000000000044,0.06356282532215118
3114,154943,8.26630859375,0,101,0.050000000000000044,0.010369249619543552
3115,155025,6.2895039066672345,0,82,0.050000000000000044,0.0852552205324173
3116,155080,3.910742187500002,0,55,0.050000000000000044,0.03045046702027321
3117,155114,2.0634765625,0,34,0.050000000000000044,0.030662309378385544
3118,155215,8.314160156249999,0,101,0.050000000000000044,0.12122427672147751
3119,155253,2.29423828125,0,38,0.050000000000000044,0.0047868406400084496
3120,155315,4.450585937500002,0,62,0.050000000000000044,0.0720558613538742
3121,155423,8.79169921875001,0,108,0.050000000000000044,0.0017420779913663864
3122,155526,8.408984375000006,0,103,0.050000000000000044,0.01992233283817768
3123,155627,8.233300781250005,0,101,0.050000000000000044,0.002738725859671831
3124,155728,8.2462890625,0,101,0.050000000000000044,0.001305361744016409
3125,155769,2.7219726562499997,0,41,0.050000000000000044,0.0031975393649190664
3126,155810,2.7362304687499996,0,41,0.050000000000000044,0.11578157544136047
3127,155911,8.479785156250005,0,101,0.050000000000000044,0.16946586966514587
3128,155945,2.0904296874999995,0,34,0.050000000000000044,0.05827007070183754
3129,155982,2.2122070312499997,0,37,0.050000000000000044,0.020060520619153976
3130,156083,8.380273437499996,0,101,0.050000000000000044,0.004272617865353823
3131,156117,2.1021484375,0,34,0.050000000000000044,0.006987588480114937
3132,156232,10.501367187499998,1,115,0.050000000000000044,0.10462862998247147
3133,156333,8.407226562499998,0,101,0.050000000000000044,0.06084849685430527
3134,156543,21.478320312500028,3,210,0.050000000000000044,0.18112564086914062
3135,156680,12.705664062499991,1,137,0.050000000000000044,0.08346723765134811
3136,156713,1.7888671874999993,0,33,0.050000000000000044,0.00391169311478734
3137,156792,5.976613281667235,0,79,0.050000000000000044,0.003832366084679961
3138,156829,2.32509765625,0,37,0.050000000000000044,0.001034526969306171
3139,156966,12.71025390625,1,137,0.050000000000000044,0.0038403270300477743
3140,157072,8.920800781250007,0,106,0.050000000000000044,0.0613122321665287
3141,157147,5.473781249672166,0,75,0.050000000000000044,0.010080376639962196
3142,157284,12.813378906250003,1,137,0.050000000000000044,0.0011641895398497581
3143,157385,8.320800781249993,0,101,0.050000000000000044,0.006035505328327417
3144,157434,3.4056640625000005,0,49,0.050000000000000044,0.06138551980257034
3145,157542,9.01650390625,0,108,0.050000000000000044,0.09270738065242767
3146,157617,5.559230469167235,0,75,0.050000000000000044,0.006003047805279493
3147,157674,4.21171875,0,57,0.050000000000000044,0.007317825220525265
3148,157712,2.4812499999999993,0,38,0.050000000000000044,0.06303096562623978
3149,157849,12.482128906249999,1,137,0.050000000000000044,0.1272220015525818
3150,157970,10.849609375000004,1,121,0.050000000000000044,0.00477222166955471
3151,158080,9.361914062499984,0,110,0.050000000000000044,0.0026371690910309553
3152,158181,8.059179687500002,0,101,0.050000000000000044,0.07998508960008621
3153,158282,8.588769531249993,0,101,0.050000000000000044,0.15664418041706085
3154,158383,8.481152343750008,0,101,0.050000000000000044,0.08818411082029343
3155,158484,8.523535156249999,0,101,0.050000000000000044,0.07279051095247269
3156,158621,12.909179687499995,1,137,0.050000000000000044,0.0010318015702068806
3157,158722,8.2783203125,0,101,0.050000000000000044,0.011128569021821022
3158,158823,7.883691406250007,0,101,0.050000000000000044,0.18576812744140625
3159,158927,8.68671875,0,104,0.050000000000000044,0.0018450225470587611
3160,159033,9.0150390625,0,106,0.050000000000000044,0.021089300513267517
3161,159150,11.087402343749988,1,117,0.050000000000000044,0.026552291586995125
3162,159194,2.89580078125,0,44,0.050000000000000044,0.02566881850361824
3163,159236,2.665234375,0,42,0.050000000000000044,0.052359744906425476
3164,159337,7.86171875000001,0,101,0.050000000000000044,0.07779515534639359
3165,159445,8.906054687500001,0,108,0.050000000000000044,0.06500133126974106
3166,159582,12.71103515625001,1,137,0.050000000000000044,0.09178435802459717
3167,159696,10.649609374999992,1,114,0.050000000000000044,0.03232957795262337
3168,159736,2.468164062500001,0,40,0.050000000000000044,0.0036865866277366877
3169,159879,13.526269531249989,1,143,0.050000000000000044,0.07868260890245438
3170,159984,8.863085937499998,0,105,0.050000000000000044,0.035887736827135086
3171,160096,10.201757812499999,1,112,0.050000000000000044,0.1191883385181427
3172,160126,1.7189453124999998,0,30,0.050000000000000044,0.016450025141239166
3173,160275,14.93750000000001,2,149,0.050000000000000044,0.0026843827217817307
3174,160393,11.029101562500014,1,118,0.050000000000000044,0.00402884790673852
3175,160510,10.756347656250012,1,117,0.050000000000000044,0.018039735034108162
3176,160630,10.98056640625,1,120,0.050000000000000044,0.31429317593574524
3177,160734,8.557031250000001,0,104,0.050000000000000044,0.010100940242409706
3178,160871,12.61796875,1,137,0.050000000000000044,0.015773696824908257
3179,160972,8.371582031250004,0,101,0.050000000000000044,0.0036438957322388887
3180,161067,7.772753906249999,0,95,0.050000000000000044,0.005026889033615589
3181,161107,2.592382812499999,0,40,0.050000000000000044,0.1113487035036087
3182,161208,7.575585937499998,0,101,0.050000000000000044,0.059379879385232925
3183,161325,10.762597656250003,1,117,0.050000000000000044,0.008683371357619762
3184,161426,8.439453125000004,0,101,0.050000000000000044,0.004707780200988054
3185,161540,10.22568359375001,1,114,0.050000000000000044,0.33427757024765015
3186,161643,8.382617187500001,0,103,0.050000000000000044,0.0025572592858225107
3187,161678,2.1580078125,0,35,0.050000000000000044,0.003906966652721167
3188,161791,10.644042968749996,1,113,0.050000000000000044,0.004927042871713638
3189,161861,5.2180664062499975,0,70,0.050000000000000044,0.0028418221045285463
3190,161931,5.217285156250002,0,70,0.050000000000000044,0.005623921286314726
3191,162032,8.367285156249999,0,101,0.050000000000000044,0.14974342286586761
3192,162108,5.710988281667222,0,76,0.050000000000000044,0.1181279644370079
3193,162185,5.906496094167222,0,77,0.050000000000000044,0.2282128930091858
3194,162226,2.692968749999999,0,41,0.050000000000000044,0.011398479342460632
3195,162339,9.863867187500015,1,113,0.050000000000000044,0.0017184695461764932
3196,162452,10.709667968749994,1,113,0.050000000000000044,0.004039966035634279
3197,162515,4.556250000000001,0,63,0.050000000000000044,0.10385416448116302
3198,162669,15.454296875000008,2,154,0.050000000000000044,0.005572865717113018
3199,162788,10.837695312499996,1,119,0.050000000000000044,0.002573260571807623
3200,162843,3.8501953124999977,0,55,0.050000000000000044,0.008780025877058506
3201,162951,8.675683593750005,0,108,0.050000000000000044,0.012077463790774345
3202,162992,2.421484374999999,0,41,0.050000000000000044,0.003280323464423418
3203,163036,2.8976562499999994,0,44,0.050000000000000044,0.07557419687509537
3204,163105,5.079738281667235,0,69,0.050000000000000044,0.0024775853380560875
3205,163217,10.333691406249995,1,112,0.050000000000000044,0.10533302277326584
3206,163283,5.051367187499998,0,66,0.050000000000000044,0.004164470359683037
3207,163420,12.922949218749983,1,137,0.050000000000000044,0.00320727052167058
3208,163541,11.450488281249994,1,121,0.050000000000000044,0.22787389159202576
3209,163658,10.626171874999995,1,117,0.050000000000000044,0.0083428043872118
3210,163737,6.032863281667236,0,79,0.050000000000000044,0.004553279839456081
3211,163838,8.229296875000003,0,101,0.050000000000000044,0.0042476896196603775
3212,163939,8.33583984375,0,101,0.050000000000000044,0.0601329505443573
3213,164040,8.211425781250004,0,101,0.050000000000000044,0.011153578758239746
3214,164141,7.34169921875,0,101,0.050000000000000044,0.11324044317007065
3215,164175,2.0974609375000006,0,34,0.050000000000000044,0.002660380909219384
3216,164253,6.066015625000004,0,78,0.050000000000000044,0.11008138954639435
3217,164369,10.955468750000016,1,116,0.050000000000000044,0.0071120960637927055
3218,164479,9.086816406249998,0,110,0.050000000000000044,0.021486323326826096
3219,164513,2.0264648437500004,0,34,0.050000000000000044,0.04803430661559105
3220,164624,8.942089843749997,0,111,0.050000000000000044,0.001552688772790134
3221,164674,3.2417968749999995,0,50,0.050000000000000044,0.08164115250110626
3222,164712,2.2073242187499997,0,38,0.050000000000000044,0.010878357104957104
3223,164868,15.212011718749999,2,156,0.050000000000000044,0.0027834977954626083
3224,165016,14.874316406250008,2,148,0.050000000000000044,0.0025463418569415808
3225,165153,12.37451171875,1,137,0.050000000000000044,0.019616790115833282
3226,165261,8.823242187499996,0,108,0.050000000000000044,0.012463224120438099
3227,165309,3.225585937500001,0,48,0.050000000000000044,0.11958911269903183
3228,165416,8.7271484375,0,107,0.050000000000000044,0.11932869255542755
3229,165517,7.858300781249996,0,101,0.050000000000000044,0.006031898781657219
3230,165622,8.735058593749995,0,105,0.050000000000000044,0.003727969015017152
3231,165660,2.4001953124999997,0,38,0.050000000000000044,0.004708218853920698
3232,165709,3.0204101562499988,0,49,0.050000000000000044,0.00480363704264164
3233,165741,1.8166992187500002,0,32,0.050000000000000044,0.0020367875695228577
3234,165795,3.824121093749997,0,54,0.050000000000000044,0.004524480551481247
3235,165902,8.401660156249983,0,107,0.050000000000000044,0.006020232103765011
3236,165942,2.5798828124999997,0,40,0.050000000000000044,0.10425363481044769
3237,165974,1.8842773437500004,0,32,0.050000000000000044,0.005596808157861233
3238,166008,2.0567382812499995,0,34,0.050000000000000044,0.09830041974782944
3239,166043,2.1991210937500005,0,35,0.050000000000000044,0.10437870025634766
3240,166121,6.008984375000001,0,78,0.050000000000000044,0.055929943919181824
3241,166222,8.167675781250006,0,101,0.050000000000000044,0.006095627322793007
3242,166343,10.888476562500003,1,121,0.050000000000000044,0.0015877489931881428
3243,166397,3.850878906250002,0,54,0.050000000000000044,0.12791691720485687
3244,166514,10.439746093750014,1,117,0.050000000000000044,0.0016055062878876925
3245,166574,4.3211914062500005,0,60,0.050000000000000044,0.0019332857336848974
3246,166685,8.953515624999998,0,111,0.050000000000000044,0.009212397038936615
3247,166789,8.100878906250003,0,104,0.050000000000000044,0.006574591156095266
3248,166831,2.6609374999999993,0,42,0.050000000000000044,0.005911830812692642
3249,166869,2.4444335937500004,0,38,0.050000000000000044,0.08321226388216019
3250,166901,1.6894531249999996,0,32,0.050000000000000044,0.0015140895266085863
3251,167007,8.887988281249992,0,106,0.050000000000000044,0.11274000257253647
3252,167116,8.58359375000001,0,109,0.050000000000000044,0.0033542350865900517
3253,167159,2.5558593750000007,0,43,0.050000000000000044,0.09825457632541656
3254,167260,8.144335937500001,0,101,0.050000000000000044,0.0028609284199774265
3255,167335,5.740039062500002,0,75,0.050000000000000044,0.0016658210661262274
3256,167442,8.70849609375,0,107,0.050000000000000044,0.007289426401257515
3257,167543,8.254687499999989,0,101,0.050000000000000044,0.0022653364576399326
3258,167577,1.9629882812500012,0,34,0.050000000000000044,0.010244665667414665
3259,167612,1.9776367187500004,0,35,0.050000000000000044,0.004994372837245464
3260,167673,4.268847656249999,0,61,0.050000000000000044,0.0706225261092186
3261,167783,9.006249999999996,0,110,0.050000000000000044,0.01585329882800579
3262,167892,8.339453125000011,0,109,0.050000000000000044,0.010988419875502586
3263,167926,2.10634765625,0,34,0.050000000000000044,0.0182016771286726
3264,168045,10.53125000000001,1,119,0.050000000000000044,0.0046041421592235565
3265,168105,4.351367187500001,0,60,0.050000000000000044,0.005518562160432339
3266,168155,3.2821289062500005,0,50,0.050000000000000044,0.10664214193820953
3267,168218,4.283593750000001,0,63,0.050000000000000044,0.07786741852760315
3268,168258,2.3529296874999996,0,40,0.050000000000000044,0.0022497293539345264
3269,168359,8.117089843750001,0,101,0.050000000000000044,0.001738990657031536
3270,168405,2.9518554687500003,0,46,0.050000000000000044,0.15465621650218964
3271,168542,12.35742187499999,1,137,0.050000000000000044,0.028239334002137184
3272,168611,4.884277343749999,0,69,0.050000000000000044,0.07315658777952194
3273,168699,6.987207031250001,0,88,0.050000000000000044,0.11608866602182388
3274,168840,13.15517578124999,1,141,0.050000000000000044,0.003340020775794983
3275,168959,11.09882812499999,1,119,0.050000000000000044,0.192218616604805
3276,169020,4.559472656249999,0,61,0.050000000000000044,0.12198430299758911
3277,169053,1.75009765625,0,33,0.050000000000000044,0.0049850246869027615
3278,169157,8.494238281250004,0,104,0.050000000000000044,0.02122879959642887
3279,169258,8.254589843749995,0,101,0.050000000000000044,0.0023469936568289995
3280,169314,3.8521484375000004,0,56,0.050000000000000044,0.00287630339153111
3281,169389,5.547167968750001,0,75,0.050000000000000044,0.07948815822601318
3282,169432,2.7364257812500004,0,43,0.050000000000000044,0.008711189962923527
3283,169486,3.723437500000001,0,54,0.050000000000000044,0.006541553884744644
3284,169562,5.832277342677111,0,76,0.050000000000000044,0.009925713762640953
3285,169595,1.951171875,0,33,0.050000000000000044,0.012363884598016739
3286,169634,2.4762695312499994,0,39,0.050000000000000044,0.004192011430859566
3287,169690,3.8378906250000018,0,56,0.050000000000000044,0.11225961893796921
3288,169785,7.435988281667235,0,95,0.050000000000000044,0.0033103812020272017
3289,169886,7.999707031249997,0,101,0.050000000000000044,0.007267691195011139
3290,169952,4.608789062499998,0,66,0.050000000000000044,0.004554045852273703
3291,170053,7.663281250000008,0,101,0.050000000000000044,0.09769435971975327
3292,170101,3.1432617187500007,0,48,0.050000000000000044,0.06998394429683685
3293,170139,2.17666015625,0,38,0.050000000000000044,0.01083570159971714
3294,170182,2.7508789062500005,0,43,0.050000000000000044,0.009729567915201187
3295,170287,8.206249999999997,0,105,0.050000000000000044,0.1355716735124588
3296,170344,4.096972656250002,0,57,0.050000000000000044,0.004252764396369457
3297,170377,1.8911132812500004,0,33,0.050000000000000044,0.006506719626486301
3298,170415,2.3120117187499987,0,38,0.050000000000000044,0.017085418105125427
3299,170482,4.651953125,0,67,0.050000000000000044,0.004932977259159088
3300,170630,14.437597656250016,2,148,0.050000000000000044,0.011020739562809467
3301,170669,2.5624999999999996,0,39,0.050000000000000044,0.016096051782369614
3302,170707,2.4696289062500005,0,38,0.050000000000000044,0.012935398146510124
3303,170784,5.846972656250001,0,77,0.050000000000000044,0.015122695825994015
3304,170830,3.0142578124999995,0,46,0.050000000000000044,0.2834080159664154
3305,170909,5.9908203124999995,0,79,0.050000000000000044,0.11512107402086258
3306,171021,9.822167968750005,1,112,0.050000000000000044,0.001774124801158905
3307,171131,8.575195312499996,0,110,0.050000000000000044,0.020124414935708046
3308,171172,2.7080078125,0,41,0.050000000000000044,0.0016654091887176037
3309,171235,4.704101562499998,0,63,0.050000000000000044,0.009423661977052689
3310,171264,1.6308593750000004,0,29,0.050000000000000044,0.08641117811203003
3311,171321,4.023925781250001,0,57,0.050000000000000044,0.009684675373136997
3312,171378,4.135351562500001,0,57,0.050000000000000044,0.0017883669352158904
3313,171452,5.32470703125,0,74,0.050000000000000044,0.0017314215656369925
3314,171490,2.3380859375,0,38,0.050000000000000044,0.006061668507754803
3315,171524,2.05673828125,0,34,0.050000000000000044,0.0024198449682444334
3316,171594,4.784179687499997,0,70,0.050000000000000044,0.029690604656934738
3317,171644,3.2503906250000005,0,50,0.050000000000000044,0.005440683104097843
3318,171713,4.841601562500004,0,69,0.050000000000000044,0.001624562544748187
3319,171816,7.9857421874999925,0,103,0.050000000000000044,0.005859723314642906
3320,171849,2.0037109374999993,0,33,0.050000000000000044,0.047405630350112915
3321,171954,8.08466796874999,0,105,0.050000000000000044,0.18689003586769104
3322,172014,4.271679687499998,0,60,0.050000000000000044,0.0023520600516349077
3323,172115,7.6534179687499915,0,101,0.050000000000000044,0.00321193621493876
3324,172160,2.76484375,0,45,0.050000000000000044,0.0053907292895019054
3325,172230,5.24130859375,0,70,0.050000000000000044,0.0014474262716248631
3326,172275,2.7981445312500015,0,45,0.050000000000000044,0.2561606764793396
3327,172396,10.679589843750001,1,121,0.050000000000000044,0.026763752102851868
3328,172502,8.478320312499996,0,106,0.050000000000000044,0.015084906481206417
3329,172551,3.1653320312499993,0,49,0.050000000000000044,0.0022278795950114727
3330,172625,5.724511718750006,0,74,0.050000000000000044,0.0036781367380172014
3331,172663,2.4044921875000003,0,38,0.050000000000000044,0.004905269015580416
3332,172768,7.997558593750007,0,105,0.050000000000000044,0.09079335629940033
3333,172869,7.695117187500001,0,101,0.050000000000000044,0.04133441671729088
3334,172903,2.0931640625,0,34,0.050000000000000044,0.0090359877794981
3335,172968,4.890136718750003,0,65,0.050000000000000044,0.0016254663933068514
3336,173088,10.830761718749992,1,120,0.050000000000000044,0.002082077320665121
3337,173124,2.2775390625000003,0,36,0.050000000000000044,0.0028358977288007736
3338,173200,5.874804687500001,0,76,0.050000000000000044,0.004458720795810223
3339,173238,2.49228515625,0,38,0.050000000000000044,0.03111734241247177
3340,173276,2.4578125000000006,0,38,0.050000000000000044,0.0024981098249554634
3341,173377,8.21396484375,0,101,0.050000000000000044,0.02928774058818817
3342,173525,14.30478515625,2,148,0.050000000000000044,0.00709976302459836
3343,173558,2.016796875,0,33,0.050000000000000044,0.005134975537657738
3344,173610,3.452929687500001,0,52,0.050000000000000044,0.003777729580178857
3345,173646,2.2510742187499995,0,36,0.050000000000000044,0.08308958262205124
3346,173726,6.1722656250000005,0,80,0.050000000000000044,0.01364077813923359
3347,173790,4.766894531249999,0,64,0.050000000000000044,0.00511021725833416
3348,173835,3.099121093749999,0,45,0.050000000000000044,0.0054314215667545795
3349,173893,4.18466796875,0,58,0.050000000000000044,0.10245990753173828
3350,173965,5.3841796875000005,0,72,0.050000000000000044,0.15957586467266083
3351,174063,7.010449218749995,0,98,0.050000000000000044,0.003636354813352227
3352,174178,10.65107421874999,1,115,0.050000000000000044,0.004382061772048473
3353,174210,1.90537109375,0,32,0.050000000000000044,0.0031378946732729673
3354,174276,5.190773437917238,0,66,0.050000000000000044,0.022180214524269104
3355,174387,9.245117187500007,0,111,0.050000000000000044,0.006781497970223427
3356,174467,6.168261718749998,0,80,0.050000000000000044,0.013544278219342232
3357,174581,9.799414062499988,1,114,0.050000000000000044,0.06715844571590424
3358,174617,2.1724609375000004,0,36,0.050000000000000044,0.0029309384990483522
3359,174658,2.4311523437500004,0,41,0.050000000000000044,0.0025035846047103405
3360,174732,5.859277343749999,0,74,0.050000000000000044,0.10865682363510132
3361,174846,10.263574218749984,1,114,0.050000000000000044,0.006400592625141144
3362,174884,2.4529296875,0,38,0.050000000000000044,0.13606488704681396
3363,174929,3.0806640625000004,0,45,0.050000000000000044,0.003257078118622303
3364,175082,15.376660156250004,2,153,0.050000000000000044,0.029721558094024658
3365,175183,8.39462890625,0,101,0.050000000000000044,0.014714354649186134
3366,175234,3.5516601562500014,0,51,0.050000000000000044,0.11027315258979797
3367,175355,10.980273437499985,1,121,0.050000000000000044,0.054695453494787216
3368,175456,8.294921875000002,0,101,0.050000000000000044,0.002331420546397567
3369,175497,2.752343749999999,0,41,0.050000000000000044,0.2236194610595703
3370,175611,9.95986328125,1,114,0.050000000000000044,0.003145389026030898
3371,175729,10.372851562500014,1,118,0.050000000000000044,0.004937067627906799
3372,175836,8.068359374999998,0,107,0.050000000000000044,0.013449953868985176
3373,175937,7.528515625000008,0,101,0.050000000000000044,0.0206826850771904
3374,176017,6.111816406249999,0,80,0.050000000000000044,0.004691621754318476
3375,176118,8.282031249999996,0,101,0.050000000000000044,0.0022762843873351812
3376,176167,3.059375,0,49,0.050000000000000044,0.004909774288535118
3377,176282,10.41513671875001,1,115,0.050000000000000044,0.040583886206150055
3378,176397,10.563476562499996,1,115,0.050000000000000044,0.0066188620403409
3379,176505,8.889941406249992,0,108,0.050000000000000044,0.005128500983119011
3380,176536,1.8195312500000003,0,31,0.050000000000000044,0.005898596253246069
3381,176637,8.17802734375,0,101,0.050000000000000044,0.002428743289783597
3382,176748,8.679394531249986,0,111,0.050000000000000044,0.006074897479265928
3383,176849,8.029199218750003,0,101,0.050000000000000044,0.004861087538301945
3384,176950,7.95224609375,0,101,0.050000000000000044,0.008663011714816093
3385,177051,7.6352539062500036,0,101,0.050000000000000044,0.004121557809412479
3386,177152,8.021386718749987,0,101,0.050000000000000044,0.00960987526923418
3387,177241,6.361132812499993,0,89,0.050000000000000044,0.003449611831456423
3388,177378,12.421972656250002,1,137,0.050000000000000044,0.00475805439054966
3389,177439,3.9271484375000005,0,61,0.050000000000000044,0.015780262649059296
3390,177488,3.3755859374999986,0,49,0.050000000000000044,0.1165100485086441
3391,177625,12.553906249999995,1,137,0.050000000000000044,0.015510841272771358
3392,177695,5.3252929687499995,0,70,0.050000000000000044,0.0028318031691014767
3393,177832,12.776562500000024,1,137,0.050000000000000044,0.0032561924308538437
3394,177948,10.65371093750001,1,116,0.050000000000000044,0.26461726427078247
3395,178049,8.079785156250004,0,101,0.050000000000000044,0.10068735480308533
3396,178109,4.450195312500002,0,60,0.050000000000000044,0.0031537599861621857
3397,178210,8.209277343750001,0,101,0.050000000000000044,0.11826111376285553
3398,178247,2.203125,0,37,0.050000000000000044,0.0018162340857088566
3399,178281,1.855078125,0,34,0.050000000000000044,0.003974855877459049
3400,178357,5.6957539059221745,0,76,0.050000000000000044,0.002088728593662381
3401,178494,12.25683593749999,1,137,0.050000000000000044,0.14172683656215668
3402,178572,5.759132812172179,0,78,0.050000000000000044,0.004704173654317856
3403,178673,8.059863281249998,0,101,0.050000000000000044,0.003731079399585724
3404,178774,8.204296874999986,0,101,0.050000000000000044,0.009003553539514542
3405,178810,2.08291015625,0,36,0.050000000000000044,0.16644328832626343
3406,178848,2.2376953124999996,0,38,0.050000000000000044,0.00713069224730134
3407,178949,8.187207031249995,0,101,0.050000000000000044,0.22678112983703613
3408,179051,8.015527343749998,0,102,0.050000000000000044,0.11121036112308502
3409,179152,7.8497070312499915,0,101,0.050000000000000044,0.0052414098754525185
3410,179253,7.974316406250001,0,101,0.050000000000000044,0.013444943353533745
3411,179366,10.692480468750011,1,113,0.050000000000000044,0.0037130091805011034
3412,179467,8.37519531249999,0,101,0.050000000000000044,0.010945914313197136
3413,179572,8.470312500000002,0,105,0.050000000000000044,0.005267870146781206
3414,179612,2.66005859375,0,40,0.050000000000000044,0.1877214014530182
3415,179718,8.289257812500004,0,106,0.050000000000000044,0.005958528257906437
3416,179795,5.676367187500006,0,77,0.050000000000000044,0.01381373405456543
3417,179884,7.062160156667236,0,89,0.050000000000000044,0.109359510242939
3418,179945,4.02587890625,0,61,0.050000000000000044,0.008799155242741108
3419,179980,1.95986328125,0,35,0.050000000000000044,0.002384677529335022
3420,180081,8.236914062500013,0,101,0.050000000000000044,0.0038592536002397537
3421,180151,5.406347656250001,0,70,0.050000000000000044,0.22092968225479126
3422,180288,12.895605468750004,1,137,0.050000000000000044,0.027020836248993874
3423,180389,8.153125000000001,0,101,0.050000000000000044,0.10153751820325851
3424,180526,12.494921875000001,1,137,0.050000000000000044,0.132167786359787
3425,180647,11.271679687500004,1,121,0.050000000000000044,0.004814137239009142
3426,180833,19.77431640625,3,186,0.050000000000000044,0.005648522637784481
3427,180970,12.454785156249985,1,137,0.050000000000000044,0.007211317773908377
3428,181016,2.9815429687499995,0,46,0.050000000000000044,0.1334448754787445
3429,181120,8.216894531250006,0,104,0.050000000000000044,0.013465512543916702
3430,181221,8.347851562500004,0,101,0.050000000000000044,0.006493720225989819
3431,181288,5.202636718750001,0,67,0.050000000000000044,0.002277046674862504
3432,181328,2.58701171875,0,40,0.050000000000000044,0.07705121487379074
3433,181429,8.20458984374999,0,101,0.050000000000000044,0.030909717082977295
3434,181472,2.6495117187500004,0,43,0.050000000000000044,0.011247744783759117
3435,181573,8.070117187500005,0,101,0.050000000000000044,0.2590647041797638
3436,181674,7.836523437499997,0,101,0.050000000000000044,0.23951657116413116
3437,181712,2.46259765625,0,38,0.050000000000000044,0.02474839612841606
3438,181752,2.5335937500000014,0,40,0.050000000000000044,0.006624823436141014
3439,181858,8.506152343750003,0,106,0.050000000000000044,0.0041112154722213745
3440,181895,2.3609375000000004,0,37,0.050000000000000044,0.026363523676991463
3441,181999,7.849023437499994,0,104,0.050000000000000044,0.005123429466038942
3442,182031,1.8621093750000002,0,32,0.050000000000000044,0.013276612386107445
3443,182183,15.226074218750018,2,152,0.050000000000000044,0.1193874180316925
3444,182240,3.9840820312500007,0,57,0.050000000000000044,0.06006252020597458
3445,182361,11.330078125,1,121,0.050000000000000044,0.034622274339199066
3446,182462,7.733496093750006,0,101,0.050000000000000044,0.0052160946652293205
3447,182563,8.211230468750005,0,101,0.050000000000000044,0.1768626570701599
3448,182678,10.60048828124999,1,115,0.050000000000000044,0.003203848609700799
3449,182798,10.874609374999999,1,120,0.050000000000000044,0.022727403789758682
3450,182899,8.434765625,0,101,0.050000000000000044,0.0028233518823981285
3451,182961,4.122167968749997,0,62,0.050000000000000044,0.004534310661256313
3452,183070,8.779003906249995,0,109,0.050000000000000044,0.045844607055187225
3453,183207,12.673632812500015,1,137,0.050000000000000044,0.012584693729877472
3454,183308,8.232226562500006,0,101,0.050000000000000044,0.006315876729786396
3455,183348,2.6662109375000003,0,40,0.050000000000000044,0.16499167680740356
3456,183393,2.9603515624999996,0,45,0.050000000000000044,0.23040561378002167
3457,183502,9.235156250000005,0,109,0.050000000000000044,0.015235375612974167
3458,183620,11.181738281249993,1,118,0.050000000000000044,0.1058732271194458
3459,183721,8.101269531250006,0,101,0.050000000000000044,0.1053515076637268
3460,183837,10.864453125,1,116,0.050000000000000044,0.1021643728017807
3461,183885,3.3271484374999982,0,48,0.050000000000000044,0.10655300319194794
3462,183928,2.8081054687499996,0,43,0.050000000000000044,0.10977759212255478
3463,184029,7.9937499999999915,0,101,0.050000000000000044,0.04968210309743881
3464,184139,9.421875000000007,0,110,0.050000000000000044,0.0023948634043335915
3465,184240,8.321386718750006,0,101,0.050000000000000044,0.003885475918650627
3466,184326,6.820265625417239,0,86,0.050000000000000044,0.03742117062211037
3467,184427,8.017871093750001,0,101,0.050000000000000044,0.012140078470110893
3468,184543,11.028320312499996,1,116,0.050000000000000044,0.02051447331905365
3469,184644,8.137695312500007,0,101,0.050000000000000044,0.0028918390162289143
3470,184788,13.436328124999998,1,144,0.050000000000000044,0.009207342751324177
3471,184889,8.058007812500005,0,101,0.050000000000000044,0.13305267691612244
3472,185006,11.198730468749995,1,117,0.050000000000000044,0.004364735446870327
3473,185045,2.4719726562499993,0,39,0.050000000000000044,0.10030275583267212
3474,185163,10.999804687500005,1,118,0.050000000000000044,0.003172344760969281
3475,185276,10.634277343750004,1,113,0.050000000000000044,0.10680476576089859
3476,185377,7.8992187499999975,0,101,0.050000000000000044,0.03973034769296646
3477,185514,13.046875000000012,1,137,0.050000000000000044,0.20046862959861755
3478,185634,11.495117187500016,1,120,0.050000000000000044,0.003415340092033148
3479,185735,8.235449218750002,0,101,0.050000000000000044,0.1350260078907013
3480,185840,8.731445312500007,0,105,0.050000000000000044,0.007816738449037075
3481,185929,7.111914062499999,0,89,0.050000000000000044,0.18466322124004364
3482,186030,8.002246093750006,0,101,0.050000000000000044,0.024862580001354218
3483,186181,15.479296875,2,151,0.050000000000000044,0.029690328985452652
3484,186282,8.116796874999999,0,101,0.050000000000000044,0.0028363480232656
3485,186383,8.56513671875,0,101,0.050000000000000044,0.10357853025197983
3486,186484,8.027636718750001,0,101,0.050000000000000044,0.14620615541934967
3487,186600,10.847851562500002,1,116,0.050000000000000044,0.005177270621061325
3488,186716,10.621289062500008,1,116,0.050000000000000044,0.012464427389204502
3489,186817,8.347363281249997,0,101,0.050000000000000044,0.009201671928167343
3490,186918,8.348925781250003,0,101,0.050000000000000044,0.09128423035144806
3491,187060,13.731835937500012,1,142,0.050000000000000044,0.0015618945471942425
3492,187161,7.935546874999988,0,101,0.050000000000000044,0.07822875678539276
3493,187262,8.164355468749987,0,101,0.050000000000000044,0.010307881981134415
3494,187354,7.226808594167229,0,92,0.050000000000000044,0.0007011687848716974
3495,187418,5.05815625041723,0,64,0.050000000000000044,0.0019405009225010872
3496,187519,8.507128906250006,0,101,0.050000000000000044,0.003687094897031784
3497,187620,8.557519531250005,0,101,0.050000000000000044,0.004837764427065849
3498,187671,3.794679687917233,0,51,0.050000000000000044,0.0028065184596925974
3499,187775,8.875488281250012,0,104,0.050000000000000044,0.0036496203392744064
3500,187892,10.87470703125001,1,117,0.050000000000000044,0.05879403278231621
3501,187993,8.593261718750005,0,101,0.050000000000000044,0.022031381726264954
3502,188094,8.410742187500002,0,101,0.050000000000000044,0.010960130020976067
3503,188195,8.092285156249998,0,101,0.050000000000000044,0.0327717587351799
3504,188273,6.3632812499999964,0,78,0.050000000000000044,0.0020717454608529806
3505,188374,8.241796875,0,101,0.050000000000000044,0.0037261389661580324
3506,188475,8.506640625000012,0,101,0.050000000000000044,0.010799637995660305
3507,188509,2.0903320312499996,0,34,0.050000000000000044,0.01703941635787487
3508,188646,13.030078124999996,1,137,0.050000000000000044,0.09331517666578293
3509,188753,8.883886718749999,0,107,0.050000000000000044,0.09415002912282944
3510,188858,8.827636718750002,0,105,0.050000000000000044,0.002329222159460187
3511,188959,8.431835937500006,0,101,0.050000000000000044,0.004219585098326206
3512,189060,8.462011718749995,0,101,0.050000000000000044,0.009992665611207485
3513,189161,8.42041015625,0,101,0.050000000000000044,0.009659672155976295
3514,189262,8.3150390625,0,101,0.050000000000000044,0.15028825402259827
3515,189363,8.39218750000001,0,101,0.050000000000000044,0.004452187102288008
3516,189464,8.441113281250004,0,101,0.050000000000000044,0.004672748036682606
3517,189565,8.503710937500006,0,101,0.050000000000000044,0.12188094854354858
3518,189679,10.761230468749986,1,114,0.050000000000000044,0.07262487709522247
3519,189741,4.199121093750001,0,62,0.050000000000000044,0.002798784524202347
3520,189791,3.6543945312500004,0,50,0.050000000000000044,0.0031662664841860533
3521,189874,6.524074219167219,0,83,0.050000000000000044,0.004792540799826384
3522,189975,8.645507812500004,0,101,0.050000000000000044,0.16747651994228363
3523,190076,8.299316406249993,0,101,0.050000000000000044,0.01648775115609169
3524,190186,9.274414062500016,0,110,0.050000000000000044,0.008225870318710804
3525,190299,10.733203124999998,1,113,0.050000000000000044,0.010045457631349564
3526,190400,8.205761718749992,0,101,0.050000000000000044,0.08896569162607193
3527,190501,8.667871093750007,0,101,0.050000000000000044,0.005431812256574631
3528,190602,8.738769531250007,0,101,0.050000000000000044,0.2680009603500366
3529,190703,8.479980468750002,0,101,0.050000000000000044,0.13127177953720093
3530,190821,11.336718750000003,1,118,0.050000000000000044,0.013790465891361237
3531,190929,9.075585937499993,0,108,0.050000000000000044,0.0020058914087712765
3532,191030,8.4068359375,0,101,0.050000000000000044,0.00851333886384964
3533,191131,8.507324218749995,0,101,0.050000000000000044,0.012103378772735596
3534,191232,8.295019531250004,0,101,0.050000000000000044,0.1282535195350647
3535,191344,10.6619140625,1,112,0.050000000000000044,0.010414060205221176
3536,191445,8.471874999999997,0,101,0.050000000000000044,0.011897578835487366
3537,191582,13.14853515625,1,137,0.050000000000000044,0.006862886715680361
3538,191683,8.563085937500002,0,101,0.050000000000000044,0.002020021667703986
3539,191784,8.585156250000006,0,101,0.050000000000000044,0.01875809207558632
3540,191885,8.674511718749999,0,101,0.050000000000000044,0.010062012821435928
3541,191986,8.63837890625,0,101,0.050000000000000044,0.0017801015637814999
3542,192099,10.663671875000006,1,113,0.050000000000000044,0.1084730476140976
3543,192212,10.512988281249998,1,113,0.050000000000000044,0.003636578330770135
3544,192361,15.291796875,2,149,0.050000000000000044,0.00305639929138124
3545,192480,11.190917968749996,1,119,0.050000000000000044,0.00927889347076416
3546,192581,8.396386718750003,0,101,0.050000000000000044,0.008850391954183578
3547,192689,9.385156250000007,0,108,0.050000000000000044,0.09803983569145203
3548,192801,10.504003906250004,1,112,0.050000000000000044,0.01311726775020361
3549,192902,8.278320312499993,0,101,0.050000000000000044,0.011870562098920345
3550,192982,6.493066406250001,0,80,0.050000000000000044,0.011560237966477871
3551,193102,11.406152343749998,1,120,0.050000000000000044,0.01687649078667164
3552,193213,9.618847656249995,0,111,0.050000000000000044,0.0898585245013237
3553,193334,11.533496093749996,1,121,0.050000000000000044,0.003787684254348278
3554,193435,8.448437500000002,0,101,0.050000000000000044,0.0769151821732521
3555,193551,10.954687499999997,1,116,0.050000000000000044,0.12970483303070068
3556,193704,15.638671874999996,2,153,0.050000000000000044,0.12662091851234436
3557,193822,11.09990234375,1,118,0.050000000000000044,0.08293043076992035
3558,193923,8.42705078125,0,101,0.050000000000000044,0.09152452647686005
3559,194024,8.389453124999994,0,101,0.050000000000000044,0.11417420953512192
3560,194125,8.481054687499997,0,101,0.050000000000000044,0.003259825287386775
3561,194232,9.298535156250002,0,107,0.050000000000000044,0.12214022874832153
3562,194350,11.242773437499997,1,118,0.050000000000000044,0.0941484197974205
3563,194494,13.534765625,1,144,0.050000000000000044,0.14550957083702087
3564,194603,9.420410156250004,0,109,0.050000000000000044,0.016278423368930817
3565,194704,8.576171875,0,101,0.050000000000000044,0.23603181540966034
3566,194817,10.910351562499999,1,113,0.050000000000000044,0.013702522963285446
3567,194954,12.93544921875,1,137,0.050000000000000044,0.2031230926513672
3568,195060,9.143359375000003,0,106,0.050000000000000044,0.0033289643470197916
3569,195168,8.982324218749996,0,108,0.050000000000000044,0.003427575808018446
3570,195214,3.2380859374999993,0,46,0.050000000000000044,0.001933075487613678
3571,195319,8.816796875000001,0,105,0.050000000000000044,0.0034285453148186207
3572,195431,10.472753906250006,1,112,0.050000000000000044,0.1054384782910347
3573,195583,15.487109374999989,2,152,0.050000000000000044,0.12006986886262894
3574,195684,8.239453124999997,0,101,0.050000000000000044,0.01961258053779602
3575,195794,9.689843749999996,0,110,0.050000000000000044,0.00444742850959301
3576,195895,8.449609375,0,101,0.050000000000000044,0.2036469727754593
3577,196003,9.087109374999999,0,108,0.050000000000000044,0.1288852095603943
3578,196117,10.38974609375,1,114,0.050000000000000044,0.003953401930630207
3579,196258,13.294628906249999,1,141,0.050000000000000044,0.003066158154979348
3580,196359,8.592968750000006,0,101,0.050000000000000044,0.08437211811542511
3581,196460,8.242382812500008,0,101,0.050000000000000044,0.10907448083162308
3582,196568,9.069335937499998,0,108,0.050000000000000044,0.15235760807991028
3583,196687,11.146874999999993,1,119,0.050000000000000044,0.014327893033623695
3584,196798,9.496679687499991,0,111,0.050000000000000044,0.08695048838853836
3585,196910,10.605859374999998,1,112,0.050000000000000044,0.006824691779911518
3586,197027,11.022363281250007,1,117,0.050000000000000044,0.003683714894577861
3587,197139,10.561816406250005,1,112,0.050000000000000044,0.05547354742884636
3588,197276,12.94013671875001,1,137,0.050000000000000044,0.13722079992294312
3589,197388,10.431152343750005,1,112,0.050000000000000044,0.012893438339233398
3590,197490,8.415136718749991,0,102,0.050000000000000044,0.011930554173886776
3591,197597,8.8708984375,0,107,0.050000000000000044,0.02401018887758255
3592,197699,8.770507812499993,0,102,0.050000000000000044,0.09130773693323135
3593,197847,14.902636718750005,2,148,0.050000000000000044,0.004681783262640238
3594,197951,8.609960937499997,0,104,0.050000000000000044,0.029204444959759712
3595,198052,8.417285156249992,0,101,0.050000000000000044,0.12375782430171967
3596,198171,11.293554687499993,1,119,0.050000000000000044,0.13331934809684753
3597,198282,9.527050781250008,0,111,0.050000000000000044,0.011128607206046581
3598,198386,8.831835937500001,0,104,0.050000000000000044,0.06840424239635468
3599,198507,11.263769531250006,1,121,0.050000000000000044,0.0063932365737855434
3600,198644,12.87431640625001,1,137,0.050000000000000044,0.025104545056819916
3601,198799,15.764648437500004,2,155,0.050000000000000044,0.08665862679481506
3602,198904,8.995019531250007,0,105,0.050000000000000044,0.006017359904944897
3603,199005,8.401074218750004,0,101,0.050000000000000044,0.10605618357658386
3604,199120,10.953417968749996,1,115,0.050000000000000044,0.10087145864963531
3605,199221,8.55312499999999,0,101,0.050000000000000044,0.004063684958964586
3606,199358,12.796191406250001,1,137,0.050000000000000044,0.006876453757286072
3607,199406,3.4258789062500004,0,48,0.050000000000000044,0.11255130171775818
3608,199551,13.855175781249995,1,145,0.050000000000000044,0.0022988375276327133
3609,199667,10.706933593750009,1,116,0.050000000000000044,0.10320977121591568
3610,199768,8.442773437500003,0,101,0.050000000000000044,0.02898791804909706
3611,199879,9.44130859375,0,111,0.050000000000000044,0.09946101903915405
3612,199991,10.56591796875,1,112,0.050000000000000044,0.3186437487602234
3613,200128,12.734472656250006,1,137,0.050000000000000044,0.07837637513875961
3614,200247,11.153320312500012,1,119,0.050000000000000044,0.07675338536500931
3615,200330,6.591015625000003,0,83,0.050000000000000044,0.094365693628788
3616,200445,10.813769531249992,1,115,0.050000000000000044,0.012651393190026283
3617,200546,8.59873046875,0,101,0.050000000000000044,0.1071382388472557
3618,200647,8.457910156250012,0,101,0.050000000000000044,0.09652242064476013
3619,200753,9.026464843749997,0,106,0.050000000000000044,0.13721352815628052
3620,200869,10.787499999999996,1,116,0.050000000000000044,0.011008904315531254
3621,200970,8.424707031250009,0,101,0.050000000000000044,0.004498079884797335
3622,201039,5.322851562500001,0,69,0.050000000000000044,0.12930457293987274
3623,201154,10.72490234374998,1,115,0.050000000000000044,0.13768674433231354
3624,201346,19.91816406249999,3,192,0.050000000000000044,0.003975096624344587
3625,201467,11.40361328125,1,121,0.050000000000000044,0.0013984888792037964
3626,201568,8.482714843749996,0,101,0.050000000000000044,0.010496840812265873
3627,201669,8.00937499999999,0,101,0.050000000000000044,0.12063402682542801
3628,201772,8.422558593749994,0,103,0.050000000000000044,0.004719823133200407
3629,201923,15.076562500000009,2,151,0.050000000000000044,0.011494377627968788
3630,201973,3.5155273437499988,0,50,0.050000000000000044,0.14619575440883636
3631,202147,17.41679687500001,2,174,0.050000000000000044,0.01707608997821808
3632,202284,12.762890625000002,1,137,0.050000000000000044,0.00456976005807519
3633,202357,5.753417968749999,0,73,0.050000000000000044,0.08144057542085648
3634,202469,10.38994140625,1,112,0.050000000000000044,0.05052278935909271
3635,202551,6.4189453125000036,0,82,0.050000000000000044,0.00445116963237524
3636,202725,17.31865234375001,2,174,0.050000000000000044,0.0034036305733025074
3637,202845,11.19384765624999,1,120,0.050000000000000044,0.0028057878371328115
3638,202946,8.177343750000002,0,101,0.050000000000000044,0.002465700265020132
3639,202980,2.0963867187500003,0,34,0.050000000000000044,0.12323491275310516
3640,203154,17.215332031249996,2,174,0.050000000000000044,0.07475628703832626
3641,203291,12.836328125,1,137,0.050000000000000044,0.005968932528048754
3642,203442,15.044628906249994,2,151,0.050000000000000044,0.006356057710945606
3643,203514,5.469777344167235,0,72,0.050000000000000044,0.004214115906506777
3644,203663,14.52646484375,2,149,0.050000000000000044,0.015978986397385597
3645,203695,1.8098632812500002,0,32,0.050000000000000044,0.02343391254544258
3646,203832,12.60888671874999,1,137,0.050000000000000044,0.08842931687831879
3647,203969,12.705273437499995,1,137,0.050000000000000044,0.016289247199892998
3648,204217,26.657324218750016,4,248,0.050000000000000044,0.007432815618813038
3649,204259,2.8432617187500013,0,42,0.050000000000000044,0.0030151584651321173
3650,204376,10.918945312500004,1,117,0.050000000000000044,0.004964698571711779
3651,204550,17.209277343750003,2,174,0.050000000000000044,0.09879236668348312
3652,204661,9.442773437499994,0,111,0.050000000000000044,0.00452051218599081
3653,204806,13.430468750000001,1,145,0.050000000000000044,0.015016777440905571
3654,204913,8.965429687500002,0,107,0.050000000000000044,0.00469931960105896
3655,205001,7.0110351562499975,0,88,0.050000000000000044,0.005636952817440033
3656,205095,7.04052734375,0,94,0.050000000000000044,0.007618267089128494
3657,205269,17.644433593749994,2,174,0.050000000000000044,0.0030827391892671585
3658,205370,8.065429687500007,0,101,0.050000000000000044,0.08363758027553558
3659,205507,12.697265624999996,1,137,0.050000000000000044,0.15071764588356018
3660,205551,2.9358398437500006,0,44,0.050000000000000044,0.006581060588359833
3661,205626,5.869531250000001,0,75,0.050000000000000044,0.00496029993519187
3662,205730,8.781250000000005,0,104,0.050000000000000044,0.004040374420583248
3663,205784,3.821484374999999,0,54,0.050000000000000044,0.198658287525177
3664,206032,26.511328124999995,4,248,0.050000000000000044,0.004754565190523863
3665,206133,8.200585937500003,0,101,0.050000000000000044,0.1220264583826065
3666,206234,8.424511718750004,0,101,0.050000000000000044,0.0038064359687268734
3667,206344,9.202539062500003,0,110,0.050000000000000044,0.01106175035238266
3668,206492,15.088671874999992,2,148,0.050000000000000044,0.12107955664396286
3669,206593,8.457910156250003,0,101,0.050000000000000044,0.009456165134906769
3670,206635,2.79951171875,0,42,0.050000000000000044,0.0063550821505486965
3671,206736,8.078320312499999,0,101,0.050000000000000044,0.007447675336152315
3672,206915,17.94433593749999,2,179,0.050000000000000044,0.0067495619878172874
3673,206969,3.9115234375000005,0,54,0.050000000000000044,0.009795131161808968
3674,207087,10.655957031250006,1,118,0.050000000000000044,0.014233485795557499
3675,207205,10.719824218750011,1,118,0.050000000000000044,0.014353273436427116
3676,207271,4.907031249999998,0,66,0.050000000000000044,0.13489195704460144
3677,207406,12.626367187499996,1,135,0.050000000000000044,0.12475936859846115
3678,207446,2.6302734375000005,0,40,0.050000000000000044,0.003428187221288681
3679,207564,11.28583984375,1,118,0.050000000000000044,0.01606897823512554
3680,207666,8.496484375,0,102,0.050000000000000044,0.0020606019534170628
3681,207767,7.8315429687499964,0,101,0.050000000000000044,0.016471758484840393
3682,207904,12.648144531249986,1,137,0.050000000000000044,0.01120599452406168
3683,208015,9.525390625000004,0,111,0.050000000000000044,0.01883653551340103
3684,208225,22.161718749999995,3,210,0.050000000000000044,0.09747618436813354
3685,208379,15.251171874999983,2,154,0.050000000000000044,0.0017344163497909904
3686,208516,13.031347656249986,1,137,0.050000000000000044,0.1267452836036682
3687,208666,15.154687500000001,2,150,0.050000000000000044,0.11318323016166687
3688,208782,10.916015625000007,1,116,0.050000000000000044,0.28277647495269775
3689,208956,17.568164062500017,2,174,0.050000000000000044,0.007972762919962406
3690,209035,6.38940625041724,0,79,0.050000000000000044,0.005950004793703556
3691,209136,8.1734375,0,101,0.050000000000000044,0.023502696305513382
3692,209273,12.945312500000007,1,137,0.050000000000000044,0.09999773651361465
3693,209385,10.170996093750004,1,112,0.050000000000000044,0.006057240068912506
3694,209522,12.268359375000003,1,137,0.050000000000000044,0.09053700417280197
3695,209630,9.174609375000003,0,108,0.050000000000000044,0.0037911192048341036
3696,209804,17.538476562500012,2,174,0.050000000000000044,0.0036811151076108217
3697,209941,12.779101562499996,1,137,0.050000000000000044,0.002041999250650406
3698,210130,20.058300781250022,3,189,0.050000000000000044,0.014844777062535286
3699,210267,12.856640624999995,1,137,0.050000000000000044,0.008945527486503124
3700,210368,8.580175781250002,0,101,0.050000000000000044,0.010596336796879768
3701,210478,9.342382812500004,0,110,0.050000000000000044,0.1365109533071518
3702,210579,8.281640625000005,0,101,0.050000000000000044,0.01094838511198759
3703,210680,8.505078124999994,0,101,0.050000000000000044,0.0836062952876091
3704,210781,8.396289062499987,0,101,0.050000000000000044,0.007800446357578039
3705,210882,8.410546875000009,0,101,0.050000000000000044,0.0028815334662795067
3706,210983,8.360449218749991,0,101,0.050000000000000044,0.10158470273017883
3707,211098,10.504394531250002,1,115,0.050000000000000044,0.009384245611727238
3708,211199,8.20849609375,0,101,0.050000000000000044,0.009858799166977406
3709,211316,11.23125,1,117,0.050000000000000044,0.01909678243100643
3710,211466,15.207421875000012,2,150,0.050000000000000044,0.12442604452371597
3711,211570,8.735937500000007,0,104,0.050000000000000044,0.005243188701570034
3712,211671,8.569042968749994,0,101,0.050000000000000044,0.002303812652826309
3713,211720,3.4685546875,0,49,0.050000000000000044,0.010505112819373608
3714,211857,12.895019531250002,1,137,0.050000000000000044,0.015271807089447975
3715,211925,5.257128906249999,0,68,0.050000000000000044,0.01418041530996561
3716,212071,13.734863281250007,1,146,0.050000000000000044,0.0035836624447256327
3717,212172,8.527441406250011,0,101,0.050000000000000044,0.006419759709388018
3718,212324,15.509082031250006,2,152,0.050000000000000044,0.018280858173966408
3719,212425,8.243359375000004,0,101,0.050000000000000044,0.1148429736495018
3720,212526,8.062011718749988,0,101,0.050000000000000044,0.08645633608102798
3721,212582,3.7612304687500018,0,56,0.050000000000000044,0.23990607261657715
3722,212683,8.402246093750001,0,101,0.050000000000000044,0.006462492980062962
3723,212871,20.02734375,3,188,0.050000000000000044,0.0017185386968776584
3724,212984,10.35195312499999,1,113,0.050000000000000044,0.014624392613768578
3725,213085,8.350390625000005,0,101,0.050000000000000044,0.01988421566784382
3726,213204,11.318457031249993,1,119,0.050000000000000044,0.19163759052753448
3727,213305,7.908789062500009,0,101,0.050000000000000044,0.007572898641228676
3728,213413,9.29541015625,0,108,0.050000000000000044,0.00511956075206399
3729,213514,8.43544921875,0,101,0.050000000000000044,0.01206335797905922
3730,213615,8.531347656250007,0,101,0.050000000000000044,0.10371729731559753
3731,213729,10.81416015624999,1,114,0.050000000000000044,0.13030871748924255
3732,213773,3.0377929687500007,0,44,0.050000000000000044,0.005614527501165867
3733,213874,7.9124023437499975,0,101,0.050000000000000044,0.002057627309113741
3734,213975,8.345898437499995,0,101,0.050000000000000044,0.005642841570079327
3735,214077,8.537402343750006,0,102,0.050000000000000044,0.003667249344289303
3736,214287,21.955371093749996,3,210,0.050000000000000044,0.017070401459932327
3737,214357,5.4535156250000005,0,70,0.050000000000000044,0.028308477252721786
3738,214433,6.060839843749998,0,76,0.050000000000000044,0.2208089530467987
3739,214607,17.437988281250014,2,174,0.050000000000000044,0.028796538710594177
3740,214708,8.554003906249998,0,101,0.050000000000000044,0.12690049409866333
3741,214774,4.9952148437499995,0,66,0.050000000000000044,0.12130654603242874
3742,214875,8.521386718750005,0,101,0.050000000000000044,0.02662295661866665
3743,214976,8.3181640625,0,101,0.050000000000000044,0.09533479064702988
3744,215113,13.04755859374999,1,137,0.050000000000000044,0.07930555194616318
3745,215229,10.979882812500016,1,116,0.050000000000000044,0.015716176480054855
3746,215336,8.95517578125,0,107,0.050000000000000044,0.08554365485906601
3747,215438,8.537792968749994,0,102,0.050000000000000044,0.0024586645886301994
3748,215539,8.456250000000004,0,101,0.050000000000000044,0.0035491622984409332
3749,215645,8.949316406249997,0,106,0.050000000000000044,0.30613839626312256
3750,215794,15.134667968749994,2,149,0.050000000000000044,0.003402103204280138
3751,215895,8.084179687499997,0,101,0.050000000000000044,0.004014015197753906
3752,216003,8.899023437499988,0,108,0.050000000000000044,0.00818924605846405
3753,216071,4.89248046875,0,68,0.050000000000000044,0.03417041525244713
3754,216245,16.987792968749968,2,174,0.050000000000000044,0.015463379211723804
3755,216313,5.318261718749998,0,68,0.050000000000000044,0.0063057164661586285
3756,216384,5.540429687499998,0,71,0.050000000000000044,0.013621618039906025
3757,216485,8.340332031250005,0,101,0.050000000000000044,0.012293141335248947
3758,216599,10.64130859375,1,114,0.050000000000000044,0.1472308486700058
3759,216752,15.25976562499999,2,153,0.050000000000000044,0.034352708607912064
3760,216892,13.201953125000014,1,140,0.050000000000000044,0.05150853097438812
3761,216963,5.507519531249998,0,71,0.050000000000000044,0.021268881857395172
3762,217012,3.4320312500000005,0,49,0.050000000000000044,0.08844292908906937
3763,217096,6.821875000000002,0,84,0.050000000000000044,0.14296916127204895
3764,217202,8.984765625000007,0,106,0.050000000000000044,0.002763934899121523
3765,217303,8.486328125,0,101,0.050000000000000044,0.00385114224627614
3766,217413,8.983203125000015,0,110,0.050000000000000044,0.3020448088645935
3767,217459,2.981835937500001,0,46,0.050000000000000044,0.1393807977437973
3768,217560,7.533105468749998,0,101,0.050000000000000044,0.12218784540891647
3769,217712,15.275488281249999,2,152,0.050000000000000044,0.09188929200172424
3770,217901,20.163574218750007,3,189,0.050000000000000044,0.10302579402923584
3771,218004,8.338183593750001,0,103,0.050000000000000044,0.005001717247068882
3772,218110,8.959570312500002,0,106,0.050000000000000044,0.026821766048669815
3773,218213,8.654003906249994,0,103,0.050000000000000044,0.010396003723144531
3774,218253,2.3404296875000004,0,40,0.050000000000000044,0.06363260746002197
3775,218390,12.635156250000001,1,137,0.050000000000000044,0.006992057431489229
3776,218544,15.096972656249985,2,154,0.050000000000000044,0.11029103398323059
3777,218640,7.491699218750002,0,96,0.050000000000000044,0.004986600950360298
3778,218741,8.426953124999999,0,101,0.050000000000000044,0.13575316965579987
3779,218786,3.0782226562500004,0,45,0.050000000000000044,0.1364663988351822
3780,218940,15.70605468749999,2,154,0.050000000000000044,0.10971619188785553
3781,219021,6.250488281250007,0,81,0.050000000000000044,0.018930554389953613
3782,219090,4.91748046875,0,69,0.050000000000000044,0.11512348055839539
3783,219198,9.068359375000002,0,108,0.050000000000000044,0.009038716554641724
3784,219299,8.516210937500004,0,101,0.050000000000000044,0.02824079990386963
3785,219449,15.261718749999993,2,150,0.050000000000000044,0.11084777861833572
3786,219550,8.334765625000006,0,101,0.050000000000000044,0.0401279591023922
3787,219651,8.572363281249995,0,101,0.050000000000000044,0.15323509275913239
3788,219752,7.795312500000001,0,101,0.050000000000000044,0.02302682399749756
3789,219867,10.497558593749996,1,115,0.050000000000000044,0.007663835771381855
3790,219936,4.94453125,0,69,0.050000000000000044,0.003716387553140521
3791,220040,8.754003906250007,0,104,0.050000000000000044,0.01863725855946541
3792,220146,9.023144531249992,0,106,0.050000000000000044,0.09623205661773682
3793,220289,13.070996093749988,1,143,0.050000000000000044,0.049614109098911285
3794,220499,22.21855468750002,3,210,0.050000000000000044,0.0034043663181364536
3795,220611,10.489550781249992,1,112,0.050000000000000044,0.008537927642464638
3796,220729,11.138574218750001,1,118,0.050000000000000044,0.08736111223697662
3797,220875,13.98085937500001,1,146,0.050000000000000044,0.0045945411548018456
3798,221031,15.72998046874999,2,156,0.050000000000000044,0.09455402940511703
3799,221132,8.329101562500005,0,101,0.050000000000000044,0.17136114835739136
3800,221285,15.518457031249994,2,153,0.050000000000000044,0.13441984355449677
3801,221386,8.188281250000005,0,101,0.050000000000000044,0.009956492111086845
3802,221493,9.052148437499994,0,107,0.050000000000000044,0.2567623257637024
3803,221647,15.322363281250006,2,154,0.050000000000000044,0.0060796537436544895
3804,221750,8.66015625,0,103,0.050000000000000044,0.1187654435634613
3805,221858,9.1548828125,0,108,0.050000000000000044,0.005185314454138279
3806,221995,12.999707031250011,1,137,0.050000000000000044,0.002620779676362872
3807,222096,8.290625000000004,0,101,0.050000000000000044,0.11201096326112747
3808,222240,13.649902343750004,1,144,0.050000000000000044,0.13595175743103027
3809,222344,8.507519531250004,0,104,0.050000000000000044,0.0033377567306160927
3810,222495,15.556542968750005,2,151,0.050000000000000044,0.010564622469246387
3811,222632,12.963574218750011,1,137,0.050000000000000044,0.1145266443490982
3812,222734,8.31806640625,0,102,0.050000000000000044,0.12196848541498184
3813,222928,20.427050781249996,3,194,0.050000000000000044,0.007443857844918966
3814,223029,8.406542968749996,0,101,0.050000000000000044,0.012219707481563091
3815,223130,8.218457031250004,0,101,0.050000000000000044,0.010664854198694229
3816,223414,31.30332031249994,5,284,0.050000000000000044,0.005212618503719568
3817,223456,2.710253906250001,0,42,0.050000000000000044,0.21516624093055725
3818,223569,10.562011718749998,1,113,0.050000000000000044,0.002919055987149477
3819,223711,13.598730468749995,1,142,0.050000000000000044,0.012637578882277012
3820,223812,8.181933593750006,0,101,0.050000000000000044,0.07061386108398438
3821,223949,13.122851562499987,1,137,0.050000000000000044,0.09845699369907379
3822,224144,20.88984374999999,3,195,0.050000000000000044,0.002442738739773631
3823,224245,7.914453124999991,0,101,0.050000000000000044,0.10670801997184753
3824,224419,17.705078125000004,2,174,0.050000000000000044,0.002579533727839589
3825,224566,13.200585937500007,1,147,0.050000000000000044,0.00405464693903923
3826,224667,8.246386718750008,0,101,0.050000000000000044,0.02674202062189579
3827,224841,16.987304687499996,2,174,0.050000000000000044,0.04053356498479843
3828,225021,18.265136718749993,2,180,0.050000000000000044,0.013322539627552032
3829,225128,9.175976562499997,0,107,0.050000000000000044,0.009482639841735363
3830,225189,4.5594726562500005,0,61,0.050000000000000044,0.004904134664684534
3831,225300,9.6548828125,0,111,0.050000000000000044,0.006252292077988386
3832,225361,4.424804687500001,0,61,0.050000000000000044,0.009937802329659462
3833,225468,8.55566406249999,0,107,0.050000000000000044,0.008718904107809067
3834,225621,15.513867187500011,2,153,0.050000000000000044,0.21456550061702728
3835,225722,7.805078125000005,0,101,0.050000000000000044,0.005228863563388586
3836,225823,8.256054687499992,0,101,0.050000000000000044,0.08183776587247849
3837,225890,4.794921874999999,0,67,0.050000000000000044,0.00691089266911149
3838,225991,8.135937500000002,0,101,0.050000000000000044,0.012566115707159042
3839,226130,13.111035156249994,1,139,0.050000000000000044,0.09762746095657349
3840,226175,3.1323242187499973,0,45,0.050000000000000044,0.05050982907414436
3841,226277,8.039550781249996,0,102,0.050000000000000044,0.010419723577797413
3842,226378,8.021191406249994,0,101,0.050000000000000044,0.011833403259515762
3843,226479,8.475097656249996,0,101,0.050000000000000044,0.06811962276697159
3844,226516,2.3707031250000004,0,37,0.050000000000000044,0.004472051281481981
3845,226617,8.379101562500004,0,101,0.050000000000000044,0.003702005837112665
3846,226731,10.464257812500001,1,114,0.050000000000000044,0.11685771495103836
3847,226832,7.9318359375000025,0,101,0.050000000000000044,0.010578356683254242
3848,226894,4.3614257812499995,0,62,0.050000000000000044,0.1398143172264099
3849,226995,7.870800781250001,0,101,0.050000000000000044,0.006150713190436363
3850,227103,8.76435546875001,0,108,0.050000000000000044,0.015474982559680939
3851,227136,1.9670898437500002,0,33,0.050000000000000044,0.0031825692858546972
3852,227239,8.599316406250006,0,103,0.050000000000000044,0.0026301690377295017
3853,227340,8.541601562499995,0,101,0.050000000000000044,0.11692332476377487
3854,227441,7.906054687499999,0,101,0.050000000000000044,0.1225169226527214
3855,227538,7.89541015625,0,97,0.050000000000000044,0.05353984981775284
3856,227712,17.498535156250007,2,174,0.050000000000000044,0.11765856295824051
3857,227886,16.517382812499974,2,174,0.050000000000000044,0.01539700012654066
3858,228023,12.475097656249998,1,137,0.050000000000000044,0.020884044468402863
3859,228092,4.897070312500002,0,69,0.050000000000000044,0.007212978787720203
3860,228193,7.785351562499988,0,101,0.050000000000000044,0.004854518920183182
3861,228294,8.37236328125,0,101,0.050000000000000044,0.002547914395108819
3862,228441,13.948730468749986,1,147,0.050000000000000044,0.24191126227378845
3863,228615,17.30781249999998,2,174,0.050000000000000044,0.022621389478445053
3864,228789,17.62871093750001,2,174,0.050000000000000044,0.0715603306889534
3865,228865,5.954785156249998,0,76,0.050000000000000044,0.00516908522695303
3866,228899,2.0533203125000004,0,34,0.050000000000000044,0.008183061145246029
3867,229004,8.82343750000001,0,105,0.050000000000000044,0.015587357804179192
3868,229075,5.348242187499998,0,71,0.050000000000000044,0.03730856627225876
3869,229131,4.114062500000001,0,56,0.050000000000000044,0.029606595635414124
3870,229167,2.3105468750000004,0,36,0.050000000000000044,0.0041305143386125565
3871,229269,8.292285156250001,0,102,0.050000000000000044,0.11498437821865082
3872,229335,4.691406249999997,0,66,0.050000000000000044,0.21813131868839264
3873,229398,4.375878906249998,0,63,0.050000000000000044,0.008332313969731331
3874,229437,2.4684570312500007,0,39,0.050000000000000044,0.00373689248226583
3875,229611,17.66484375,2,174,0.050000000000000044,0.014500180259346962
3876,229785,17.063476562500004,2,174,0.050000000000000044,0.10448313504457474
3877,229853,4.946386718750001,0,68,0.050000000000000044,0.07251667231321335
3878,229912,4.330761718749997,0,59,0.050000000000000044,0.022380011156201363
3879,229950,2.451367187499999,0,38,0.050000000000000044,0.01792156510055065
3880,230060,9.330371093749992,0,110,0.050000000000000044,0.005378677975386381
3881,230128,4.909375000000001,0,68,0.050000000000000044,0.11023849248886108
3882,230233,8.593164062500001,0,105,0.050000000000000044,0.11054147034883499
3883,230334,8.491894531250006,0,101,0.050000000000000044,0.004186840262264013
3884,230435,8.161035156250003,0,101,0.050000000000000044,0.10480304062366486
3885,230536,8.217968749999999,0,101,0.050000000000000044,0.27634114027023315
3886,230656,11.439941406250004,1,120,0.050000000000000044,0.016491835936903954
3887,230830,17.387890625,2,174,0.050000000000000044,0.10882992297410965
3888,230882,3.3837890625,0,52,0.050000000000000044,0.04188307374715805
3889,231019,12.878710937500006,1,137,0.050000000000000044,0.00932646170258522
3890,231214,20.67666015624999,3,195,0.050000000000000044,0.0038982967380434275
3891,231315,8.24677734375,0,101,0.050000000000000044,0.01633952185511589
3892,231416,8.49658203125,0,101,0.050000000000000044,0.017971398308873177
3893,231517,8.29169921875,0,101,0.050000000000000044,0.009574523195624352
3894,231622,8.962500000000006,0,105,0.050000000000000044,0.005147004034370184
3895,231738,10.769628906249997,1,116,0.050000000000000044,0.020999399945139885
3896,231839,8.05927734375,0,101,0.050000000000000044,0.014382274821400642
3897,232021,18.37822265625,2,182,0.050000000000000044,0.10944293439388275
3898,232082,4.356249999999998,0,61,0.050000000000000044,0.18213899433612823
3899,232130,3.2627929687500004,0,48,0.050000000000000044,0.0043132067658007145
3900,232179,3.203808593749999,0,49,0.050000000000000044,0.007129284553229809
3901,232334,15.610839843749993,2,155,0.050000000000000044,0.15503652393817902
3902,232513,18.196191406250005,2,179,0.050000000000000044,0.009352123364806175
3903,232614,8.38095703125,0,101,0.050000000000000044,0.10075313597917557
3904,232665,3.714550781249999,0,51,0.050000000000000044,0.011233419179916382
3905,232766,8.14931640624999,0,101,0.050000000000000044,0.11262636631727219
3906,232849,6.630957031250002,0,83,0.050000000000000044,0.004299635998904705
3907,232952,8.583984374999998,0,103,0.050000000000000044,0.012938594445586205
3908,233053,7.7106445312500025,0,101,0.050000000000000044,0.06848892569541931
3909,233163,9.246875000000001,0,110,0.050000000000000044,0.056857142597436905
3910,233219,3.9459960937500007,0,56,0.050000000000000044,0.012488455511629581
3911,233282,4.448828125000002,0,63,0.050000000000000044,0.12888169288635254
3912,233331,3.362597656250001,0,49,0.050000000000000044,0.0241808220744133
3913,233437,8.124609374999995,0,106,0.050000000000000044,0.12474807351827621
3914,233538,7.674902343749997,0,101,0.050000000000000044,0.028174549341201782
3915,233728,20.293359374999994,3,190,0.050000000000000044,0.0070814816281199455
3916,233829,8.19365234374999,0,101,0.050000000000000044,0.031020987778902054
3917,233862,1.9802734374999993,0,33,0.050000000000000044,0.239861398935318
3918,233909,3.0986328125,0,47,0.050000000000000044,0.019199678674340248
3919,234010,8.343554687499994,0,101,0.050000000000000044,0.016782386228442192
3920,234111,8.538671874999993,0,101,0.050000000000000044,0.006452184170484543
3921,234220,8.657226562499996,0,109,0.050000000000000044,0.06020790711045265
3922,234308,6.984375000000004,0,88,0.050000000000000044,0.11438263952732086
3923,234414,8.816601562499994,0,106,0.050000000000000044,0.04840272292494774
3924,234489,5.726171875,0,75,0.050000000000000044,0.10173138231039047
3925,234545,4.074511718749999,0,56,0.050000000000000044,0.007226243615150452
3926,234646,8.52568359375,0,101,0.050000000000000044,0.018822595477104187
3927,234747,8.358593750000002,0,101,0.050000000000000044,0.010674649849534035
3928,234884,12.810253906249994,1,137,0.050000000000000044,0.01378648355603218
3929,234942,3.964062499999998,0,58,0.050000000000000044,0.007217521779239178
3930,235025,6.14765625,0,83,0.050000000000000044,0.04982371628284454
3931,235126,8.342578125,0,101,0.050000000000000044,0.03349064663052559
3932,235227,7.33896484375,0,101,0.050000000000000044,0.03526315093040466
3933,235266,2.518359375000001,0,39,0.050000000000000044,0.004419457167387009
3934,235331,4.508496093750001,0,65,0.050000000000000044,0.08646103739738464
3935,235432,8.420019531250002,0,101,0.050000000000000044,0.11799965053796768
3936,235533,8.437890625000007,0,101,0.050000000000000044,0.009199682623147964
3937,235634,8.434374999999998,0,101,0.050000000000000044,0.01308608241379261
3938,235735,7.892480468750007,0,101,0.050000000000000044,0.21141669154167175
3939,235770,2.160253906250001,0,35,0.050000000000000044,0.007521871477365494
3940,235980,22.131640625000042,3,210,0.050000000000000044,0.07245546579360962
3941,236081,7.90224609375,0,101,0.050000000000000044,0.003431284800171852
3942,236130,3.505812500417229,0,49,0.050000000000000044,0.011088676750659943
3943,236267,12.85517578125,1,137,0.050000000000000044,0.0788528323173523
3944,236325,4.036328125000002,0,58,0.050000000000000044,0.004141800571233034
3945,236479,14.990527343750006,2,154,0.050000000000000044,0.042393460869789124
3946,236589,9.335742187500005,0,110,0.050000000000000044,0.007771417032927275
3947,236692,8.48125,0,103,0.050000000000000044,0.01948712393641472
3948,236793,8.569335937500004,0,101,0.050000000000000044,0.007085986435413361
3949,236894,8.365917968750004,0,101,0.050000000000000044,0.154868945479393
3950,236995,7.926953125000004,0,101,0.050000000000000044,0.244843527674675
3951,237132,13.158398437500002,1,137,0.050000000000000044,0.006039885804057121
3952,237233,8.4482421875,0,101,0.050000000000000044,0.11131761968135834
3953,237443,21.87675781250001,3,210,0.050000000000000044,0.08632679283618927
3954,237513,5.120800781250005,0,70,0.050000000000000044,0.21889358758926392
3955,237669,15.68710937500001,2,156,0.050000000000000044,0.009376061148941517
3956,237790,11.46093750000001,1,121,0.050000000000000044,0.04127998650074005
3957,237892,8.692089843750008,0,102,0.050000000000000044,0.007866882719099522
3958,237993,8.394238281249997,0,101,0.050000000000000044,0.022672144696116447
3959,238094,7.469335937499995,0,101,0.050000000000000044,0.004531921818852425
3960,238214,10.939941406249988,1,120,0.050000000000000044,0.12214924395084381
3961,238315,8.513183593749998,0,101,0.050000000000000044,0.007961747236549854
3962,238422,8.951562499999994,0,107,0.050000000000000044,0.025006067007780075
3963,238596,17.458300781250024,2,174,0.050000000000000044,0.004747704602777958
3964,238697,8.477539062499993,0,101,0.050000000000000044,0.001750229042954743
3965,238798,8.05654296874999,0,101,0.050000000000000044,0.02205454558134079
3966,238899,7.851171875000006,0,101,0.050000000000000044,0.05854569748044014
3967,239073,17.515332031249994,2,174,0.050000000000000044,0.005811157636344433
3968,239179,9.123632812499999,0,106,0.050000000000000044,0.12610158324241638
3969,239255,5.537500000000002,0,76,0.050000000000000044,0.015275632962584496
3970,239392,13.039453124999994,1,137,0.050000000000000044,0.01267783623188734
3971,239493,8.643164062499993,0,101,0.050000000000000044,0.015599880367517471
3972,239777,31.324316406249977,5,284,0.050000000000000044,0.1504994034767151
3973,239914,12.846484375000001,1,137,0.050000000000000044,0.28112930059432983
3974,239989,5.662109374999997,0,75,0.050000000000000044,0.022693922743201256
3975,240090,8.681542968749987,0,101,0.050000000000000044,0.127436101436615
3976,240191,7.5273437499999964,0,101,0.050000000000000044,0.021136825904250145
3977,240292,8.191210937499994,0,101,0.050000000000000044,0.026035895571112633
3978,240402,8.621289062499999,0,110,0.050000000000000044,0.011036697775125504
3979,240503,8.404101562500003,0,101,0.050000000000000044,0.037968747317790985
3980,240611,9.298730468749993,0,108,0.050000000000000044,0.010966075584292412
3981,240726,10.928808593750002,1,115,0.050000000000000044,0.09638262540102005
3982,240827,8.54990234375001,0,101,0.050000000000000044,0.01093190349638462
3983,240913,6.972363281250002,0,86,0.050000000000000044,0.02898302488029003
3984,240977,4.722363281249999,0,64,0.050000000000000044,0.08931539952754974
3985,241151,17.6029296875,2,174,0.050000000000000044,0.008987958543002605
3986,241306,15.785937499999992,2,155,0.050000000000000044,0.14660155773162842
3987,241420,10.649414062500009,1,114,0.050000000000000044,0.08089801669120789
3988,241521,8.158007812499996,0,101,0.050000000000000044,0.01283770240843296
3989,241658,13.037792968749992,1,137,0.050000000000000044,0.11559978872537613
3990,241880,24.315332031249987,4,222,0.050000000000000044,0.01089799590408802
3991,241981,8.041503906250005,0,101,0.050000000000000044,0.005580813158303499
3992,242082,7.395605468750004,0,101,0.050000000000000044,0.018546704202890396
3993,242146,4.619140625,0,64,0.050000000000000044,0.0046324897557497025
3994,242247,7.9130859375,0,101,0.050000000000000044,0.005618304945528507
3995,242569,35.9078125,6,322,0.050000000000000044,0.016131477430462837
3996,242779,22.057617187499996,3,210,0.050000000000000044,0.1380145400762558
3997,242849,5.111425781250003,0,70,0.050000000000000044,0.14279334247112274
3998,242950,8.094921875,0,101,0.050000000000000044,0.021662360057234764
3999,243099,14.912402343750001,2,149,0.050000000000000044,0.004898947663605213
4000,243154,3.7189453125000016,0,55,0.050000000000000044,0.007392826024442911
4001,243220,4.530468750000003,0,66,0.050000000000000044,0.1280432492494583
4002,243394,17.34804687500002,2,174,0.050000000000000044,0.01932772621512413
4003,243578,18.675292968750007,2,184,0.050000000000000044,0.015808187425136566
4004,243657,5.488378906249998,0,79,0.050000000000000044,0.004084108863025904
4005,243720,4.671874999999998,0,63,0.050000000000000044,0.1399076282978058
4006,243821,8.379296875000003,0,101,0.050000000000000044,0.01297987811267376
4007,243973,15.563964843749993,2,152,0.050000000000000044,0.0034389300271868706
4008,244074,8.348339843750004,0,101,0.050000000000000044,0.03189273923635483
4009,244163,7.310253906249997,0,89,0.050000000000000044,0.011932898312807083
4010,244273,9.536816406249994,0,110,0.050000000000000044,0.013597690500319004
4011,244350,5.918847656250002,0,77,0.050000000000000044,0.005128674674779177
4012,244524,17.313378906249984,2,174,0.050000000000000044,0.036585234105587006
4013,244625,7.961816406249998,0,101,0.050000000000000044,0.003887600265443325
4014,244849,24.323535156250006,4,224,0.050000000000000044,0.008368175476789474
4015,244986,12.96562499999999,1,137,0.050000000000000044,0.0031607775017619133
4016,245124,13.014062499999996,1,138,0.050000000000000044,0.01094413734972477
4017,245372,26.400976562499988,4,248,0.050000000000000044,0.11797159165143967
4018,245477,8.757031249999997,0,105,0.050000000000000044,0.13827669620513916
4019,245592,10.339843750000005,1,115,0.050000000000000044,0.004884167108684778
4020,245662,4.789941406249999,0,70,0.050000000000000044,0.0024892929941415787
4021,245763,8.685156249999988,0,101,0.050000000000000044,0.13413111865520477
4022,245911,15.148437499999986,2,148,0.050000000000000044,0.12833790481090546
4023,246012,8.243945312500005,0,101,0.050000000000000044,0.12276677042245865
4024,246149,12.891992187499996,1,137,0.050000000000000044,0.0038553348276764154
4025,246287,13.2267578125,1,138,0.050000000000000044,0.01048835925757885
4026,246535,26.300292968749986,4,248,0.050000000000000044,0.0072128986939787865
4027,246654,11.059960937499989,1,119,0.050000000000000044,0.15573158860206604
4028,246791,12.96796875,1,137,0.050000000000000044,0.00953876692801714
4029,246983,20.51025390625003,3,192,0.050000000000000044,0.010217944160103798
4030,247024,2.6622070312499995,0,41,0.050000000000000044,0.13150979578495026
4031,247095,4.825781250000002,0,71,0.050000000000000044,0.007899592630565166
4032,247203,8.991601562500001,0,108,0.050000000000000044,0.009586242958903313
4033,247237,1.9098632812500003,0,34,0.050000000000000044,0.14030060172080994
4034,247328,7.506933593749999,0,91,0.050000000000000044,0.006320314481854439
4035,247448,11.321289062500012,1,120,0.050000000000000044,0.1506752222776413
4036,247493,3.1468750000000005,0,45,0.050000000000000044,0.005476158112287521
4037,247611,11.043164062500002,1,118,0.050000000000000044,0.26910775899887085
4038,247730,10.467480468749997,1,119,0.050000000000000044,0.004496790003031492
4039,247831,7.702832031249997,0,101,0.050000000000000044,0.006830509752035141
4040,247895,4.5560546875,0,64,0.050000000000000044,0.00644204905256629
4041,247996,7.60957031250001,0,101,0.050000000000000044,0.00608497578650713
4042,248072,5.392285156250001,0,76,0.050000000000000044,0.014780418947339058
4043,248141,5.323925781249998,0,69,0.050000000000000044,0.16005049645900726
4044,248257,10.89921875,1,116,0.050000000000000044,0.01127259898930788
4045,248375,11.033886718749995,1,118,0.050000000000000044,0.005250647664070129
4046,248476,8.27548828125,0,101,0.050000000000000044,0.018384575843811035
4047,248577,7.377636718749999,0,101,0.050000000000000044,0.017131946980953217
4048,248696,10.93798828125001,1,119,0.050000000000000044,0.12483063340187073
4049,248745,3.429199218750001,0,49,0.050000000000000044,0.010544219054281712
4050,248882,13.013574218749994,1,137,0.050000000000000044,0.004406806081533432
4051,248983,7.830371093749999,0,101,0.050000000000000044,0.010110264644026756
4052,249084,7.622167968750009,0,101,0.050000000000000044,0.02211521938443184
4053,249185,7.806542968749996,0,101,0.050000000000000044,0.008164186030626297
4054,249305,11.483105468750002,1,120,0.050000000000000044,0.012760301120579243
4055,249350,3.010742187500001,0,45,0.050000000000000044,0.005054437089711428
4056,249392,2.5924804687500007,0,42,0.050000000000000044,0.011063629761338234
4057,249469,5.982519531250001,0,77,0.050000000000000044,0.008673829957842827
4058,249579,8.70498046874999,0,110,0.050000000000000044,0.28950047492980957
4059,249700,11.435058593749986,1,121,0.050000000000000044,0.08818139135837555
4060,249760,4.162695312500003,0,60,0.050000000000000044,0.01741480454802513
4061,249897,12.40712890625001,1,137,0.050000000000000044,0.02221299335360527
4062,249932,2.0680664062500003,0,35,0.050000000000000044,0.1283290982246399
4063,250033,8.504101562499999,0,101,0.050000000000000044,0.1558845341205597
4064,250134,7.35830078125001,0,101,0.050000000000000044,0.015353469178080559
4065,250193,4.011425781250002,0,59,0.050000000000000044,0.16833455860614777
4066,250379,20.025488281250006,3,186,0.050000000000000044,0.10779552906751633
4067,250481,8.204296874999995,0,102,0.050000000000000044,0.007663334719836712
4068,250582,7.478124999999993,0,101,0.050000000000000044,0.05020173639059067
4069,250651,4.8474609375,0,69,0.050000000000000044,0.0073072053492069244
4070,250700,3.065429687500001,0,49,0.050000000000000044,0.06900978088378906
4071,250801,8.303613281249993,0,101,0.050000000000000044,0.005264421459287405
4072,250920,10.645312500000001,1,119,0.050000000000000044,0.012323951348662376
4073,250953,1.96962890625,0,33,0.050000000000000044,0.07317622750997543
4074,251054,8.203125000000007,0,101,0.050000000000000044,0.1317882388830185
4075,251155,8.358691406250001,0,101,0.050000000000000044,0.0020370064303278923
4076,251256,8.280957031249997,0,101,0.050000000000000044,0.07386822998523712
4077,251292,2.261621093749999,0,36,0.050000000000000044,0.12590515613555908
4078,251403,9.434082031249991,0,111,0.050000000000000044,0.017389260232448578
4079,251454,3.4446289062499993,0,51,0.050000000000000044,0.13620205223560333
4080,251555,7.5537109375,0,101,0.050000000000000044,0.1124437004327774
4081,251676,11.056835937500006,1,121,0.050000000000000044,0.040350113064050674
4082,251924,27.000585937500023,4,248,0.050000000000000044,0.007015246897935867
4083,252098,16.7927734375,2,174,0.050000000000000044,0.0029349890537559986
4084,252199,8.031347656249993,0,101,0.050000000000000044,0.005733216181397438
4085,252239,2.4997070312500003,0,40,0.050000000000000044,0.003915468696504831
4086,252305,4.587988281249999,0,66,0.050000000000000044,0.12731890380382538
4087,252392,6.416796875,0,87,0.050000000000000044,0.04081857204437256
4088,252479,6.62900390625,0,87,0.050000000000000044,0.006809469312429428
4089,252580,8.559667968749997,0,101,0.050000000000000044,0.13732653856277466
4090,252681,8.204394531250003,0,101,0.050000000000000044,0.032224141061306
4091,252783,8.518359374999994,0,102,0.050000000000000044,0.009546913206577301
4092,252957,17.142187499999977,2,174,0.050000000000000044,0.1426910161972046
4093,253060,8.795703125000008,0,103,0.050000000000000044,0.26476526260375977
4094,253310,26.753027343750027,4,250,0.050000000000000044,0.006812086794525385
4095,253447,13.203027343749987,1,137,0.050000000000000044,0.015623670071363449
4096,253553,8.340917968750007,0,106,0.050000000000000044,0.005892859771847725
4097,253668,10.734863281250007,1,115,0.050000000000000044,0.01009700633585453
4098,253842,17.790722656249994,2,174,0.050000000000000044,0.0039210873655974865
4099,253962,11.380175781250005,1,120,0.050000000000000044,0.02520981803536415
4100,254063,8.039843750000003,0,101,0.050000000000000044,0.04267163202166557
4101,254164,8.390820312499995,0,101,0.050000000000000044,0.013771803118288517
4102,254281,11.006054687500002,1,117,0.050000000000000044,0.12166445702314377
4103,254398,11.049902343750004,1,117,0.050000000000000044,0.006785118952393532
4104,254499,8.61591796875001,0,101,0.050000000000000044,0.02067895047366619
4105,254600,8.67724609375,0,101,0.050000000000000044,0.04948892444372177
4106,254774,17.61884765625002,2,174,0.050000000000000044,0.002180138137191534
4107,254919,13.722753906250002,1,145,0.050000000000000044,0.00715742539614439
4108,254969,3.33662109375,0,50,0.050000000000000044,0.22394374012947083
4109,255149,18.008984374999976,2,180,0.050000000000000044,0.005365189164876938
4110,255297,15.132031250000008,2,148,0.050000000000000044,0.003643055446445942
4111,255406,9.010644531250005,0,109,0.050000000000000044,0.004884908441454172
4112,255555,15.307421874999996,2,149,0.050000000000000044,0.006906690541654825
4113,255710,15.92988281249999,2,155,0.050000000000000044,0.30891939997673035
4114,255793,6.659082031250002,0,83,0.050000000000000044,0.08095075935125351
4115,255930,12.633593750000001,1,137,0.050000000000000044,0.008803972974419594
4116,256140,22.081445312500023,3,210,0.050000000000000044,0.019625067710876465
4117,256241,8.736425781250004,0,101,0.050000000000000044,0.012666869908571243
4118,256358,11.086132812500002,1,117,0.050000000000000044,0.01805540733039379
4119,256532,17.751660156249997,2,174,0.050000000000000044,0.010900801979005337
4120,256633,8.038183593749997,0,101,0.050000000000000044,0.14074765145778656
4121,256734,8.0517578125,0,101,0.050000000000000044,0.031898133456707
4122,256853,11.356250000000005,1,119,0.050000000000000044,0.1689894199371338
4123,256905,3.4974609374999996,0,52,0.050000000000000044,0.010418377816677094
4124,257059,15.592578124999992,2,154,0.050000000000000044,0.05301213636994362
4125,257121,4.0438476562500005,0,62,0.050000000000000044,0.0034834537655115128
4126,257258,12.778027343749988,1,137,0.050000000000000044,0.016458554193377495
4127,257359,8.516210937500004,0,101,0.050000000000000044,0.005108601413667202
4128,257480,11.621484374999996,1,121,0.050000000000000044,0.0035925183910876513
4129,257539,4.106347656250002,0,59,0.050000000000000044,0.05856497213244438
4130,257676,12.953710937499983,1,137,0.050000000000000044,0.1420006901025772
4131,257777,8.537988281250003,0,101,0.050000000000000044,0.08513617515563965
4132,257878,7.630273437500001,0,101,0.050000000000000044,0.007969087921082973
4133,258088,22.204101562499996,3,210,0.050000000000000044,0.00794009119272232
4134,258189,8.518847656250014,0,101,0.050000000000000044,0.1492971032857895
4135,258257,5.127636718749998,0,68,0.050000000000000044,0.019216714426875114
4136,258561,34.38564453124998,6,304,0.050000000000000044,0.007297026924788952
4137,258672,9.624218750000004,0,111,0.050000000000000044,0.0024287858977913857
4138,258773,7.993066406250003,0,101,0.050000000000000044,0.008766526356339455
4139,258874,8.649316406250007,0,101,0.050000000000000044,0.0482112355530262
4140,258948,5.7343750000000036,0,74,0.050000000000000044,0.03981873020529747
4141,259066,11.225097656250004,1,118,0.050000000000000044,0.006158950738608837
4142,259176,9.3822265625,0,110,0.050000000000000044,0.004899681080132723
4143,259322,13.017089843750009,1,146,0.050000000000000044,0.001312794629484415
4144,259570,26.89199218749999,4,248,0.050000000000000044,0.01668168604373932
4145,259720,15.49550781249999,2,150,0.050000000000000044,0.14134536683559418
4146,259822,8.560058593750005,0,102,0.050000000000000044,0.014891036786139011
4147,259923,8.546289062500007,0,101,0.050000000000000044,0.15969236195087433
4148,260032,9.478906250000007,0,109,0.050000000000000044,0.1571112871170044
4149,260206,17.64091796874998,2,174,0.050000000000000044,0.011060580611228943
4150,260416,22.16757812500001,3,210,0.050000000000000044,0.006428305990993977
4151,260517,7.822753906250005,0,101,0.050000000000000044,0.010301735252141953
4152,260618,8.488281249999991,0,101,0.050000000000000044,0.022880755364894867
4153,260719,8.24492187499999,0,101,0.050000000000000044,0.13002651929855347
4154,261003,31.359179687500053,5,284,0.050000000000000044,0.00354210939258337
4155,261104,8.178222656250005,0,101,0.050000000000000044,0.03037385828793049
4156,261225,11.453124999999996,1,121,0.050000000000000044,0.15611085295677185
4157,261377,15.447656249999998,2,152,0.050000000000000044,0.005107908044010401
4158,261587,22.15751953124998,3,210,0.050000000000000044,0.17320440709590912
4159,261617,1.6862304687499998,0,30,0.050000000000000044,0.14164184033870697
4160,261754,13.108789062499998,1,137,0.050000000000000044,0.004557341802865267
4161,261855,8.525976562499999,0,101,0.050000000000000044,0.20041440427303314
4162,261900,3.1197265624999986,0,45,0.050000000000000044,0.1336645781993866
4163,262017,11.315625000000013,1,117,0.050000000000000044,0.0024461194407194853
4164,262154,13.170605468749994,1,137,0.050000000000000044,0.008597667329013348
4165,262309,15.750585937500016,2,155,0.050000000000000044,0.13120028376579285
4166,262540,25.086328125,4,231,0.050000000000000044,0.04064926505088806
4167,262624,6.699023437499999,0,84,0.050000000000000044,0.010613716207444668
4168,262777,15.784667968749993,2,153,0.050000000000000044,0.15054740011692047
4169,262878,8.323828125000002,0,101,0.050000000000000044,0.034351885318756104
4170,262979,8.605468749999998,0,101,0.050000000000000044,0.023960616439580917
4171,263080,8.624609375000013,0,101,0.050000000000000044,0.13937075436115265
4172,263269,20.218066406249996,3,189,0.050000000000000044,0.005583948455750942
4173,263378,9.101757812500002,0,109,0.050000000000000044,0.004853503778576851
4174,263481,8.901171875000003,0,103,0.050000000000000044,0.003333643078804016
4175,263593,10.6125,1,112,0.050000000000000044,0.13364024460315704
4176,263694,8.556542968750003,0,101,0.050000000000000044,0.1529596596956253
4177,263905,22.28203124999998,3,211,0.050000000000000044,0.033171623945236206
4178,264079,17.71992187500001,2,174,0.050000000000000044,0.13065406680107117
4179,264180,8.330078124999998,0,101,0.050000000000000044,0.051975563168525696
4180,264317,13.046874999999982,1,137,0.050000000000000044,0.13857664167881012
4181,264454,13.224609375000016,1,137,0.050000000000000044,0.006425751373171806
4182,264490,2.2494140625,0,36,0.050000000000000044,0.007491408381611109
4183,264627,12.880078125000002,1,137,0.050000000000000044,0.013603625819087029
4184,264801,17.70195312500002,2,174,0.050000000000000044,0.025860538706183434
4185,264902,8.347265625000002,0,101,0.050000000000000044,0.015196547843515873
4186,265058,15.994238281250002,2,156,0.050000000000000044,0.011048238724470139
4187,265159,7.853222656250006,0,101,0.050000000000000044,0.004736823029816151
4188,265277,11.189160156249995,1,118,0.050000000000000044,0.007731189019978046
4189,265378,8.545605468749995,0,101,0.050000000000000044,0.01861683279275894
4190,265479,8.313964843750007,0,101,0.050000000000000044,0.01461261510848999
4191,265708,25.034765625,4,229,0.050000000000000044,0.0027824705466628075
4192,266030,36.30908203125009,6,322,0.050000000000000044,0.1366291493177414
4193,266131,8.532519531250003,0,101,0.050000000000000044,0.013170825317502022
4194,266182,3.8251484379172336,0,51,0.050000000000000044,0.1506107896566391
4195,266361,17.872265624999994,2,179,0.050000000000000044,0.12786124646663666
4196,266421,4.6000507816672345,0,60,0.050000000000000044,0.006131793837994337
4197,266506,6.407031249999999,0,85,0.050000000000000044,0.00782754272222519
4198,266607,7.762109375,0,101,0.050000000000000044,0.03968081623315811
4199,266708,8.190136718749995,0,101,0.050000000000000044,0.07807943224906921
4200,266827,11.22890625,1,119,0.050000000000000044,0.019755477085709572
4201,266970,13.695605468750012,1,143,0.050000000000000044,0.010020537301898003
4202,267023,3.8524414062499996,0,53,0.050000000000000044,0.0485665500164032
4203,267124,8.554687500000007,0,101,0.050000000000000044,0.024202806875109673
4204,267225,7.804101562500001,0,101,0.050000000000000044,0.05571967363357544
4205,267326,7.962109375000001,0,101,0.050000000000000044,0.011071452870965004
4206,267433,9.33964843750001,0,107,0.050000000000000044,0.027864694595336914
4207,267505,4.771972656249999,0,72,0.050000000000000044,0.003884177887812257
4208,267606,8.000976562500005,0,101,0.050000000000000044,0.0065765175968408585
4209,267707,8.505273437500003,0,101,0.050000000000000044,0.042071618139743805
4210,267810,8.604394531249993,0,103,0.050000000000000044,0.022198030725121498
4211,267911,8.09580078124999,0,101,0.050000000000000044,0.042957570403814316
4212,267982,5.426074218749998,0,71,0.050000000000000044,0.06414249539375305
4213,268100,11.141210937499997,1,118,0.050000000000000044,0.1315271258354187
4214,268145,2.9048828125000004,0,45,0.050000000000000044,0.002847316674888134
4215,268321,17.782226562500007,2,176,0.050000000000000044,0.20480012893676758
4216,268375,3.4644531249999986,0,54,0.050000000000000044,0.006186262238770723
4217,268416,2.7541992187500006,0,41,0.050000000000000044,0.016037950292229652
4218,268517,8.202343749999997,0,101,0.050000000000000044,0.04736930504441261
4219,268555,2.367871093749999,0,38,0.050000000000000044,0.004894183948636055
4220,268729,17.174316406250004,2,174,0.050000000000000044,0.0015248364070430398
4221,268870,13.3712890625,1,141,0.050000000000000044,0.012249653227627277
4222,269007,13.114257812499998,1,137,0.050000000000000044,0.14411209523677826
4223,269181,17.427246093749993,2,174,0.050000000000000044,0.0034389656502753496
4224,269337,15.7755859375,2,156,0.050000000000000044,0.007185609079897404
4225,269474,13.050585937499994,1,137,0.050000000000000044,0.14104755222797394
4226,269648,17.73066406249999,2,174,0.050000000000000044,0.12982548773288727
4227,269752,8.340429687499993,0,104,0.050000000000000044,0.005136025603860617
4228,269853,8.656835937499991,0,101,0.050000000000000044,0.004618836101144552
4229,269954,8.38662109375,0,101,0.050000000000000044,0.005921978037804365
4230,270072,11.305859375,1,118,0.050000000000000044,0.018320294097065926
4231,270246,17.571874999999995,2,174,0.050000000000000044,0.007560363505035639
4232,270420,17.534179687499996,2,174,0.050000000000000044,0.17478623986244202
4233,270498,6.184960937499997,0,78,0.050000000000000044,0.009153837338089943
4234,270599,8.072558593750008,0,101,0.050000000000000044,0.057529155164957047
4235,270714,10.7328125,1,115,0.050000000000000044,0.016685839742422104
4236,270819,8.939062499999993,0,105,0.050000000000000044,0.03076016902923584
4237,270920,7.773144531250011,0,101,0.050000000000000044,0.008056093007326126
4238,271021,8.133691406250003,0,101,0.050000000000000044,0.023407921195030212
4239,271173,15.533203125000018,2,152,0.050000000000000044,0.007106212433427572
4240,271320,13.877050781249993,1,147,0.050000000000000044,0.008111274801194668
4241,271459,13.034667968750004,1,139,0.050000000000000044,0.27759087085723877
4242,271560,8.082714843749995,0,101,0.050000000000000044,0.20279443264007568
4243,271661,8.704492187500005,0,101,0.050000000000000044,0.010098529979586601
4244,271775,10.91845703125001,1,114,0.050000000000000044,0.00648267287760973
4245,271876,8.341992187500006,0,101,0.050000000000000044,0.16138385236263275
4246,272014,13.212597656249995,1,138,0.050000000000000044,0.018691765144467354
4247,272151,12.728320312499994,1,137,0.050000000000000044,0.011157885193824768
4248,272252,8.404199218749994,0,101,0.050000000000000044,0.008386529982089996
4249,272353,8.349218750000004,0,101,0.050000000000000044,0.00747921597212553
4250,272490,12.990332031250007,1,137,0.050000000000000044,0.019807972013950348
4251,272664,17.777148437499996,2,174,0.050000000000000044,0.15714436769485474
4252,272776,10.652734375000003,1,112,0.050000000000000044,0.1502283662557602
4253,272928,15.26298828125,2,152,0.050000000000000044,0.1540653556585312
4254,273032,8.689062500000007,0,104,0.050000000000000044,0.0020001614466309547
4255,273182,15.059374999999996,2,150,0.050000000000000044,0.026602577418088913
4256,273283,8.609765625,0,101,0.050000000000000044,0.023313183337450027
4257,273420,13.08564453124999,1,137,0.050000000000000044,0.00590895302593708
4258,273530,9.443945312499997,0,110,0.050000000000000044,0.005217869766056538
4259,273644,10.58212890625,1,114,0.050000000000000044,0.005070055834949017
4260,273781,12.860058593749992,1,137,0.050000000000000044,0.004577961750328541
4261,273882,8.5263671875,0,101,0.050000000000000044,0.0039924937300384045
4262,273989,9.159082031250003,0,107,0.050000000000000044,0.026114724576473236
4263,274090,8.560351562500005,0,101,0.050000000000000044,0.11148308217525482
4264,274227,13.001953125000012,1,137,0.050000000000000044,0.0034764334559440613
4265,274383,15.966113281250014,2,156,0.050000000000000044,0.1480502486228943
4266,274484,8.3462890625,0,101,0.050000000000000044,0.006110518239438534
4267,274585,8.270800781249996,0,101,0.050000000000000044,0.12217838317155838
4268,274619,2.1441914066672307,0,34,0.050000000000000044,0.009091921150684357
4269,274720,8.298925781249997,0,101,0.050000000000000044,0.111752949655056
4270,274821,8.376171875000002,0,101,0.050000000000000044,0.0035007509868592024
4271,274966,13.584277343749996,1,145,0.050000000000000044,0.0647260993719101
4272,275121,15.580566406249993,2,155,0.050000000000000044,0.015519901178777218
4273,275227,8.779101562499992,0,106,0.050000000000000044,0.005298702046275139
4274,275364,12.416503906249996,1,137,0.050000000000000044,0.14768020808696747
4275,275469,8.864941406250004,0,105,0.050000000000000044,0.003929947502911091
4276,275570,8.311914062499996,0,101,0.050000000000000044,0.04356599599123001
4277,275671,8.433886718750008,0,101,0.050000000000000044,0.0014206715859472752
4278,275818,13.965527343750011,1,147,0.050000000000000044,0.005224602296948433
4279,275919,8.533203125000002,0,101,0.050000000000000044,0.01892361417412758
4280,276020,8.628222656250001,0,101,0.050000000000000044,0.005578405689448118
4281,276157,13.13583984375001,1,137,0.050000000000000044,0.1592193841934204
4282,276258,8.448730468749995,0,101,0.050000000000000044,0.15707984566688538
4283,276360,8.466308593750004,0,102,0.050000000000000044,0.2800244987010956
4284,276436,5.675488281250005,0,76,0.050000000000000044,0.003764862660318613
4285,276537,8.340624999999998,0,101,0.050000000000000044,0.012402873486280441
4286,276654,10.989160156249993,1,117,0.050000000000000044,0.0972352921962738
4287,276740,6.82236328125,0,86,0.050000000000000044,0.047516558319330215
4288,276850,9.3599609375,0,110,0.050000000000000044,0.014758551493287086
4289,276967,10.522949218749998,1,117,0.050000000000000044,0.010272340849041939
4290,277072,8.708789062500003,0,105,0.050000000000000044,0.0030147333163768053
4291,277173,8.573828124999993,0,101,0.050000000000000044,0.14758355915546417
4292,277320,14.047363281250002,1,147,0.050000000000000044,0.13812406361103058
4293,277457,12.89980468750001,1,137,0.050000000000000044,0.05480152368545532
4294,277566,9.13701171875,0,109,0.050000000000000044,0.012239553034305573
4295,277687,11.490625000000007,1,121,0.050000000000000044,0.014902954921126366
4296,277840,15.4650390625,2,153,0.050000000000000044,0.00945347547531128
4297,277957,10.843945312499994,1,117,0.050000000000000044,0.003717445768415928
4298,278077,11.214941406249995,1,120,0.050000000000000044,0.13830453157424927
4299,278195,11.026855468749986,1,118,0.050000000000000044,0.009161509573459625
4300,278344,15.189648437499997,2,149,0.050000000000000044,0.02902325429022312
4301,278447,8.610449218750002,0,103,0.050000000000000044,0.055864520370960236
4302,278621,17.75185546875001,2,174,0.050000000000000044,0.029501700773835182
4303,278758,12.891894531249992,1,137,0.050000000000000044,0.018357599154114723
4304,278879,11.487695312499994,1,121,0.050000000000000044,0.2800438404083252
4305,279017,12.970117187500001,1,138,0.050000000000000044,0.001767563633620739
4306,279156,13.15478515625,1,139,0.050000000000000044,0.14674639701843262
4307,279306,15.256640624999989,2,150,0.050000000000000044,0.028173144906759262
4308,279420,10.806933593749996,1,114,0.050000000000000044,0.004329126328229904
4309,279538,11.345996093749992,1,118,0.050000000000000044,0.012504751794040203
4310,279719,18.370605468750014,2,181,0.050000000000000044,0.003320644609630108
4311,279820,8.220019531250003,0,101,0.050000000000000044,0.004986036103218794
4312,279925,8.75224609375,0,105,0.050000000000000044,0.07244384288787842
4313,280028,8.717773437499995,0,103,0.050000000000000044,0.14402426779270172
4314,280165,13.174902343749999,1,137,0.050000000000000044,0.005173334386199713
4315,280266,8.702441406249994,0,101,0.050000000000000044,0.00424580741673708
4316,280380,10.541699218750002,1,114,0.050000000000000044,0.003030089195817709
4317,280490,9.585937500000009,0,110,0.050000000000000044,0.1157979965209961
4318,280605,10.997851562499992,1,115,0.050000000000000044,0.012813829816877842
4319,280706,8.448632812500003,0,101,0.050000000000000044,0.0042303819209337234
4320,280856,15.212011718749995,2,150,0.050000000000000044,0.002020545769482851
4321,280993,13.094335937499999,1,137,0.050000000000000044,0.15515564382076263
4322,281220,25.058496093750012,4,227,0.050000000000000044,0.15230321884155273
4323,281394,17.597656249999986,2,174,0.050000000000000044,0.009819899685680866
4324,281495,8.343847656249988,0,101,0.050000000000000044,0.004796391353011131
4325,281669,17.695605468750024,2,174,0.050000000000000044,0.14788571000099182
4326,281718,3.5330078124999966,0,49,0.050000000000000044,0.04263966530561447
4327,281859,13.549414062500007,1,141,0.050000000000000044,0.0021428880281746387
4328,281976,11.215332031250005,1,117,0.050000000000000044,0.013543220236897469
4329,282077,8.499609374999991,0,101,0.050000000000000044,0.021457809954881668
4330,282251,17.779589843750006,2,174,0.050000000000000044,0.030489474534988403
4331,282462,22.407714843750068,3,211,0.050000000000000044,0.010318046435713768
4332,282563,8.517968750000009,0,101,0.050000000000000044,0.015343892388045788
4333,282664,8.612207031249996,0,101,0.050000000000000044,0.011708990670740604
4334,282765,8.061328125000003,0,101,0.050000000000000044,0.1697150021791458
4335,282866,8.28691406250001,0,101,0.050000000000000044,0.15380994975566864
4336,282982,10.954785156250002,1,116,0.050000000000000044,0.015433994121849537
4337,283083,8.587792968750003,0,101,0.050000000000000044,0.17344143986701965
4338,283257,17.584374999999998,2,174,0.050000000000000044,0.04046918451786041
4339,283431,17.44384765625,2,174,0.050000000000000044,0.06247836723923683
4340,283532,8.222851562500006,0,101,0.050000000000000044,0.008662227541208267
4341,283780,27.098632812499993,4,248,0.050000000000000044,0.006031711585819721
4342,283882,8.709277343749994,0,102,0.050000000000000044,0.009682406671345234
4343,283983,8.550488281249994,0,101,0.050000000000000044,0.0143226757645607
4344,284084,8.197265625000002,0,101,0.050000000000000044,0.006990990601480007
4345,284185,7.943457031249995,0,101,0.050000000000000044,0.005328699015080929
4346,284291,9.092675781250005,0,106,0.050000000000000044,0.013413609005510807
4347,284443,15.666406250000005,2,152,0.050000000000000044,0.1455983817577362
4348,284504,4.690429687499999,0,61,0.050000000000000044,0.18522050976753235
4349,284661,16.107324218749998,2,157,0.050000000000000044,0.15755033493041992
4350,284874,22.65234374999998,3,213,0.050000000000000044,0.07017748057842255
4351,284975,8.162011718750001,0,101,0.050000000000000044,0.0376945436000824
4352,285149,17.634375000000016,2,174,0.050000000000000044,0.007992717437446117
4353,285250,8.629980468749993,0,101,0.050000000000000044,0.16058556735515594
4354,285351,7.846875000000004,0,101,0.050000000000000044,0.009944457560777664
4355,285406,4.08154296875,0,55,0.050000000000000044,0.006498356815427542
4356,285469,4.875976562499999,0,63,0.050000000000000044,0.008676380850374699
4357,285525,4.222363281249999,0,56,0.050000000000000044,0.009250123985111713
4358,285700,17.718359375000016,2,175,0.050000000000000044,0.0029050270095467567
4359,285781,6.3373046875,0,81,0.050000000000000044,0.018552621826529503
4360,285882,8.366113281249996,0,101,0.050000000000000044,0.16897018253803253
4361,286056,17.648339843750012,2,174,0.050000000000000044,0.014357617124915123
4362,286159,8.449316406249993,0,103,0.050000000000000044,0.3407784104347229
4363,286443,31.487597656249996,5,284,0.050000000000000044,0.15619570016860962
4364,286529,7.009667968749998,0,86,0.050000000000000044,0.15504935383796692
4365,286666,12.942578124999988,1,137,0.050000000000000044,0.02790447510778904
4366,286699,2.01728515625,0,33,0.050000000000000044,0.16176027059555054
4367,286813,10.662597656249998,1,114,0.050000000000000044,0.008574635721743107
4368,286914,8.19853515624999,0,101,0.050000000000000044,0.022707253694534302
4369,287064,15.378320312500001,2,150,0.050000000000000044,0.005635397043079138
4370,287114,3.543457031250001,0,50,0.050000000000000044,0.028399070724844933
4371,287183,5.253808593750001,0,69,0.050000000000000044,0.003130657598376274
4372,287333,15.116210937499996,2,150,0.050000000000000044,0.0069321682676672935
4373,287434,8.232617187500006,0,101,0.050000000000000044,0.01828881911933422
4374,287611,17.608007812499984,2,177,0.050000000000000044,0.01782306469976902
4375,287712,8.271093749999999,0,101,0.050000000000000044,0.007317551411688328
4376,287813,8.378124999999999,0,101,0.050000000000000044,0.006578927859663963
4377,287914,8.20556640625,0,101,0.050000000000000044,0.010614540427923203
4378,288015,7.8174804687499915,0,101,0.050000000000000044,0.02418413944542408
4379,288084,5.22509765625,0,69,0.050000000000000044,0.15861231088638306
4380,288149,5.0291015625,0,65,0.050000000000000044,0.007316899485886097
4381,288261,10.15566406250001,1,112,0.050000000000000044,0.00961848720908165
4382,288398,12.958496093749996,1,137,0.050000000000000044,0.015174049884080887
4383,288444,3.2242187500000012,0,46,0.050000000000000044,0.05108507722616196
4384,288545,7.502636718750006,0,101,0.050000000000000044,0.011955847032368183
4385,288793,25.91025390624998,4,248,0.050000000000000044,0.15162886679172516
4386,288862,4.628613281249998,0,69,0.050000000000000044,0.26425981521606445
4387,288920,4.429687499999998,0,58,0.050000000000000044,0.018779315054416656
4388,289021,8.351757812500004,0,101,0.050000000000000044,0.04155495762825012
4389,289064,2.92177734375,0,43,0.050000000000000044,0.17419174313545227
4390,289248,18.360156249999978,2,184,0.050000000000000044,0.4357955753803253
4391,289349,8.0458984375,0,101,0.050000000000000044,0.013234250247478485
4392,289494,13.877246093750001,1,145,0.050000000000000044,0.019089126959443092
4393,289562,4.974707031249999,0,68,0.050000000000000044,0.006319212727248669
4394,289666,8.619335937500008,0,104,0.050000000000000044,0.02496001310646534
4395,289728,4.703710937499999,0,62,0.050000000000000044,0.006064808927476406
4396,289829,8.170605468749999,0,101,0.050000000000000044,0.005480664782226086
4397,289966,12.891796874999995,1,137,0.050000000000000044,0.04525182396173477
4398,290067,8.346093749999994,0,101,0.050000000000000044,0.034171201288700104
4399,290179,10.502636718750011,1,112,0.050000000000000044,0.060742344707250595
4400,290233,3.9883789062499986,0,54,0.050000000000000044,0.011438321322202682
4401,290340,8.97724609375001,0,107,0.050000000000000044,0.012163191102445126
4402,290441,8.18125000000001,0,101,0.050000000000000044,0.02621675841510296
4403,290624,18.202539062500005,2,183,0.050000000000000044,0.019546646624803543
4404,290725,8.128417968750002,0,101,0.050000000000000044,0.008581099100410938
4405,290935,22.038085937499982,3,210,0.050000000000000044,0.011950161308050156
4406,291036,7.813183593750004,0,101,0.050000000000000044,0.1859467327594757
4407,291320,31.28583984375002,5,284,0.050000000000000044,0.08685039728879929
4408,291507,19.803222656250004,3,187,0.050000000000000044,0.04753291979432106
4409,291645,13.214355468749996,1,138,0.050000000000000044,0.10308153927326202
4410,291822,18.064941406250004,2,177,0.050000000000000044,0.009163000620901585
4411,291942,11.143261718749997,1,120,0.050000000000000044,0.11208029836416245
4412,292043,8.60849609375001,0,101,0.050000000000000044,0.007830625399947166
4413,292181,13.031835937500015,1,138,0.050000000000000044,0.0071699186228215694
4414,292355,17.483789062499987,2,174,0.050000000000000044,0.20804277062416077
4415,292442,6.559863281249996,0,87,0.050000000000000044,0.16791242361068726
4416,292543,8.057714843750004,0,101,0.050000000000000044,0.03492219001054764
4417,292644,8.32324218750001,0,101,0.050000000000000044,0.016710299998521805
4418,292687,2.7188476562500012,0,43,0.050000000000000044,0.012084094807505608
4419,292897,21.80410156249999,3,210,0.050000000000000044,0.008593866601586342
4420,292998,8.043066406249988,0,101,0.050000000000000044,0.2342384159564972
4421,293054,4.145507812500001,0,56,0.050000000000000044,0.02624945528805256
4422,293155,8.251953124999998,0,101,0.050000000000000044,0.00963008776307106
4423,293300,13.792871093750023,1,145,0.050000000000000044,0.008938082493841648
4424,293548,26.83730468750001,4,248,0.050000000000000044,0.013744955882430077
4425,293606,3.930859375,0,58,0.050000000000000044,0.04352734610438347
4426,293707,8.187011718750005,0,101,0.050000000000000044,0.026253264397382736
4427,293794,6.878613281250001,0,87,0.050000000000000044,0.028048120439052582
4428,293937,13.698144531250014,1,143,0.050000000000000044,0.1688830852508545
4429,294074,12.801367187500002,1,137,0.050000000000000044,0.00540707353502512
4430,294186,10.742382812499995,1,112,0.050000000000000044,0.010801699012517929
4431,294224,2.4858398437500004,0,38,0.050000000000000044,0.005590432323515415
4432,294292,5.344921875000001,0,68,0.050000000000000044,0.008165491744875908
4433,294432,13.188476562500002,1,140,0.050000000000000044,0.013562696054577827
4434,294606,17.531933593750022,2,174,0.050000000000000044,0.010111695155501366
4435,294718,9.809960937499989,1,112,0.050000000000000044,0.036773353815078735
4436,294788,5.3871093750000005,0,70,0.050000000000000044,0.006808551959693432
4437,294998,22.11162109375,3,210,0.050000000000000044,0.008048668503761292
4438,295172,17.420214843749992,2,174,0.050000000000000044,0.15814143419265747
4439,295273,8.241210937500002,0,101,0.050000000000000044,0.0072906226851046085
4440,295410,13.014941406249985,1,137,0.050000000000000044,0.02770249918103218
4441,295511,8.434179687500006,0,101,0.050000000000000044,0.01997934654355049
4442,295612,7.773632812500004,0,101,0.050000000000000044,0.024455294013023376
4443,295713,8.293847656250007,0,101,0.050000000000000044,0.016278116032481194
4444,295829,10.974902343749992,1,116,0.050000000000000044,0.08112408220767975
4445,295974,13.839355468750007,1,145,0.050000000000000044,0.01457303762435913
4446,296091,10.731542968750004,1,117,0.050000000000000044,0.0055160741321742535
4447,296200,9.363085937499992,0,109,0.050000000000000044,0.0071026599034667015
4448,296249,3.27470703125,0,49,0.050000000000000044,0.005480998195707798
4449,296350,8.447460937500002,0,101,0.050000000000000044,0.002712471643462777
4450,296542,20.232714843749978,3,192,0.050000000000000044,0.009183946065604687
4451,296644,8.370898437500003,0,102,0.050000000000000044,0.015535319223999977
4452,296745,8.5654296875,0,101,0.050000000000000044,0.017266295850276947
4453,296861,10.808300781249999,1,116,0.050000000000000044,0.01739310659468174
4454,297035,17.56757812500002,2,174,0.050000000000000044,0.16058692336082458
4455,297248,22.562890624999994,3,213,0.050000000000000044,0.11188717931509018
4456,297392,13.746679687500007,1,144,0.050000000000000044,0.009429726749658585
4457,297538,13.860937499999975,1,146,0.050000000000000044,0.013668103143572807
4458,297748,22.20166015625003,3,210,0.050000000000000044,0.005748989526182413
4459,297849,8.370800781250008,0,101,0.050000000000000044,0.01469310000538826
4460,297955,8.716699218749996,0,106,0.050000000000000044,0.005160583183169365
4461,298056,8.213183593750003,0,101,0.050000000000000044,0.16660241782665253
4462,298157,7.951074218750007,0,101,0.050000000000000044,0.055972978472709656
4463,298258,8.566796874999993,0,101,0.050000000000000044,0.15606889128684998
4464,298359,8.566699218750014,0,101,0.050000000000000044,0.0074629224836826324
4465,298508,15.229492187499993,2,149,0.050000000000000044,0.014886348508298397
4466,298682,17.480273437500017,2,174,0.050000000000000044,0.026897190138697624
4467,298723,2.458984375,0,41,0.050000000000000044,0.12510134279727936
4468,298793,5.501417969167229,0,70,0.050000000000000044,0.010271396487951279
4469,298905,10.671679687500001,1,112,0.050000000000000044,0.016174251213669777
4470,299006,8.407128906250001,0,101,0.050000000000000044,0.16163691878318787
4471,299124,11.123144531249995,1,118,0.050000000000000044,0.011018243618309498
4472,299225,8.484277343750003,0,101,0.050000000000000044,0.00701938197016716
4473,299257,1.8027851566672313,0,32,0.050000000000000044,0.017550038173794746
4474,299358,8.657226562500005,0,101,0.050000000000000044,0.15232107043266296
4475,299498,13.25625000000002,1,140,0.050000000000000044,0.002558480016887188
4476,299647,15.291601562499999,2,149,0.050000000000000044,0.046178124845027924
4477,299831,18.569433593750013,2,184,0.050000000000000044,0.16157087683677673
4478,300041,21.629589843750015,3,210,0.050000000000000044,0.19318802654743195
4479,300231,20.217871093749977,3,190,0.050000000000000044,0.006822229828685522
4480,300316,6.794140624999998,0,85,0.050000000000000044,0.021137718111276627
4481,300455,13.10234375,1,139,0.050000000000000044,0.01650298200547695
4482,300721,28.92597656250002,5,266,0.050000000000000044,0.007630814332515001
4483,300833,10.516113281249998,1,112,0.050000000000000044,0.00589369609951973
4484,300865,1.9527851566672343,0,32,0.050000000000000044,0.01657758839428425
4485,300967,8.460644531250002,0,102,0.050000000000000044,0.01351308822631836
4486,301141,17.511230468750007,2,174,0.050000000000000044,0.014043641276657581
4487,301242,8.263671874999995,0,101,0.050000000000000044,0.0033875806257128716
4488,301394,15.321679687499994,2,152,0.050000000000000044,0.0184737890958786
4489,301546,15.310156249999991,2,152,0.050000000000000044,0.15883982181549072
4490,301660,10.733984374999999,1,114,0.050000000000000044,0.06678248941898346
4491,301797,12.9818359375,1,137,0.050000000000000044,0.002417042152956128
4492,302010,22.464550781249983,3,213,0.050000000000000044,0.004630763083696365
4493,302128,11.067968749999991,1,118,0.050000000000000044,0.005944894161075354
4494,302238,9.22802734375,0,110,0.050000000000000044,0.15314041078090668
4495,302377,13.325683593750005,1,139,0.050000000000000044,0.156304270029068
4496,302478,8.298828124999998,0,101,0.050000000000000044,0.014495343901216984
4497,302592,10.523144531250006,1,114,0.050000000000000044,0.15768136084079742
4498,302664,5.5654804691672295,0,72,0.050000000000000044,0.00945523101836443
4499,302730,5.182570312917231,0,66,0.050000000000000044,0.1623276025056839
4500,302831,8.264550781249996,0,101,0.050000000000000044,0.022804154083132744
4501,302979,15.17119140625,2,148,0.050000000000000044,0.15718522667884827
4502,303079,8.163281250000004,0,100,0.050000000000000044,0.005487016402184963
4503,303218,13.10742187500001,1,139,0.050000000000000044,0.014786569401621819
4504,303355,12.867968749999992,1,137,0.050000000000000044,0.19638507068157196
4505,303504,15.449023437500006,2,149,0.050000000000000044,0.15672269463539124
4506,303605,8.577246093750002,0,101,0.050000000000000044,0.005316772498190403
4507,303706,8.389355468749992,0,101,0.050000000000000044,0.1618286520242691
4508,303846,13.185253906249988,1,140,0.050000000000000044,0.16186125576496124
4509,303947,8.450976562499992,0,101,0.050000000000000044,0.00541224330663681
4510,304056,9.398046875000002,0,109,0.050000000000000044,0.004942280240356922
4511,304126,5.276417969167233,0,70,0.050000000000000044,0.010483905673027039
4512,304395,29.86435546875001,5,269,0.050000000000000044,0.07067502290010452
4513,304532,12.850195312499991,1,137,0.050000000000000044,0.15249469876289368
4514,304669,13.254492187500018,1,137,0.050000000000000044,0.004332962445914745
4515,304771,8.26279296875,0,102,0.050000000000000044,0.16399279236793518
4516,304846,6.01948437541723,0,75,0.050000000000000044,0.0055048768408596516
4517,305020,17.546386718750025,2,174,0.050000000000000044,0.1606718897819519
4518,305127,9.007617187500001,0,107,0.050000000000000044,0.017804566770792007
4519,305281,15.79619140625,2,154,0.050000000000000044,0.014367247931659222
4520,305433,15.53710937500001,2,152,0.050000000000000044,0.007736174389719963
4521,305534,8.384765624999995,0,101,0.050000000000000044,0.1537313014268875
4522,305649,10.882714843749998,1,115,0.050000000000000044,0.020621947944164276
4523,305838,20.051855468750006,3,189,0.050000000000000044,0.18892644345760345
4524,305945,8.839941406250006,0,107,0.050000000000000044,0.01800059713423252
4525,306055,9.549999999999995,0,110,0.050000000000000044,0.03199533000588417
4526,306194,13.403613281250014,1,139,0.050000000000000044,0.043566737323999405
4527,306331,13.086328125000005,1,137,0.050000000000000044,0.019043108448386192
4528,306468,13.027929687499997,1,137,0.050000000000000044,0.011681714095175266
4529,306569,8.70693359375001,0,101,0.050000000000000044,0.006090299692004919
4530,306633,4.8716796874999995,0,64,0.050000000000000044,0.022386735305190086
4531,306807,17.62529296875,2,174,0.050000000000000044,0.007368074264377356
4532,306994,19.787402343749992,3,187,0.050000000000000044,0.026323428377509117
4533,307041,3.1929687500000004,0,47,0.050000000000000044,0.016627395525574684
4534,307178,13.18339843750001,1,137,0.050000000000000044,0.007451901212334633
4535,307279,8.636816406250002,0,101,0.050000000000000044,0.0190175361931324
4536,307416,12.983007812499991,1,137,0.050000000000000044,0.02274784818291664
4537,307531,10.8205078125,1,115,0.050000000000000044,0.005992370191961527
4538,307644,10.887792968750013,1,113,0.050000000000000044,0.013031321577727795
4539,307745,8.408496093750005,0,101,0.050000000000000044,0.14971888065338135
4540,307884,13.29755859375,1,139,0.050000000000000044,0.010077145881950855
4541,307997,10.293457031249998,1,113,0.050000000000000044,0.007074625231325626
4542,308112,10.557714843750004,1,115,0.050000000000000044,0.0027338163927197456
4543,308197,6.69501953125,0,85,0.050000000000000044,0.31299319863319397
4544,308245,3.38203125,0,48,0.050000000000000044,0.04397747293114662
4545,308346,8.058105468749998,0,101,0.050000000000000044,0.005282709375023842
4546,308448,8.079687499999997,0,102,0.050000000000000044,0.008330367505550385
4547,308697,26.746093750000007,4,249,0.050000000000000044,0.007726558484137058
4548,308843,13.998730468750013,1,146,0.050000000000000044,0.0353500097990036
4549,308901,4.363281250000001,0,58,0.050000000000000044,0.12260399013757706
4550,309002,8.375195312500002,0,101,0.050000000000000044,0.16467754542827606
4551,309103,8.392089843750002,0,101,0.050000000000000044,0.020284751430153847
4552,309211,8.86386718749999,0,108,0.050000000000000044,0.03566078841686249
4553,309312,8.39541015625,0,101,0.050000000000000044,0.04755324870347977
4554,309417,8.317382812499993,0,105,0.050000000000000044,0.025271672755479813
4555,309521,8.067968749999997,0,104,0.050000000000000044,0.022578202188014984
4556,309636,11.141210937499999,1,115,0.050000000000000044,0.1478242427110672
4557,309707,4.8050781250000005,0,71,0.050000000000000044,0.0035933484323322773
4558,309844,13.035253906250006,1,137,0.050000000000000044,0.004070000257343054
4559,310240,45.192187499999996,8,396,0.050000000000000044,0.15044109523296356
4560,310488,26.82958984375002,4,248,0.050000000000000044,0.004518620669841766
4561,310745,27.722656250000014,4,257,0.050000000000000044,0.004355237819254398
4562,310860,10.961621093750004,1,115,0.050000000000000044,0.01240335963666439
4563,310961,7.98388671875,0,101,0.050000000000000044,0.00800866074860096
4564,311079,11.274707031250003,1,118,0.050000000000000044,0.004605163354426622
4565,311180,7.784960937500006,0,101,0.050000000000000044,0.01644577458500862
4566,311328,14.633691406249998,2,148,0.050000000000000044,0.007024739868938923
4567,311380,3.7100585937500004,0,52,0.050000000000000044,0.008426425978541374
4568,311497,11.203222656250015,1,117,0.050000000000000044,0.036655493080616
4569,311546,3.5363281250000007,0,49,0.050000000000000044,0.019596196711063385
4570,311662,10.890917968750005,1,116,0.050000000000000044,0.0918496698141098
4571,311799,12.825097656250014,1,137,0.050000000000000044,0.022537901997566223
4572,311857,4.342480468750001,0,58,0.050000000000000044,0.004289533942937851
4573,311966,9.06621093749999,0,109,0.050000000000000044,0.014072876423597336
4574,312110,13.812890625000003,1,144,0.050000000000000044,0.018249109387397766
4575,312224,10.404980468750004,1,114,0.050000000000000044,0.026760932058095932
4576,312398,17.530664062500005,2,174,0.050000000000000044,0.02134186029434204
4577,312458,4.473437500000001,0,60,0.050000000000000044,0.014444103464484215
4578,312563,8.642675781250006,0,105,0.050000000000000044,0.1579945832490921
4579,312664,8.726269531249994,0,101,0.050000000000000044,0.010673027485609055
4580,312774,9.467968749999997,0,110,0.050000000000000044,0.026637041941285133
4581,312924,15.41455078125,2,150,0.050000000000000044,0.17487633228302002
4582,313102,18.14287109375001,2,178,0.050000000000000044,0.03801620006561279
4583,313180,5.861132812499997,0,78,0.050000000000000044,0.008932908996939659
4584,313281,8.504296875000003,0,101,0.050000000000000044,0.017637813463807106
4585,313382,7.78330078124999,0,101,0.050000000000000044,0.1646692007780075
4586,313556,17.289746093749994,2,174,0.050000000000000044,0.007623937912285328
4587,313604,3.1182617187500004,0,48,0.050000000000000044,0.032407309859991074
4588,313673,5.253906249999999,0,69,0.050000000000000044,0.1929311454296112
4589,313712,2.4541992187500012,0,39,0.050000000000000044,0.17617638409137726
4590,313886,17.354687499999983,2,174,0.050000000000000044,0.16503283381462097
4591,314037,15.511035156250003,2,151,0.050000000000000044,0.003726508468389511
4592,314071,1.8585937499999994,0,34,0.050000000000000044,0.039929017424583435
4593,314155,6.5056640624999975,0,84,0.050000000000000044,0.005937450565397739
4594,314272,10.624902343750003,1,117,0.050000000000000044,0.006555899046361446
4595,314373,7.842480468749999,0,101,0.050000000000000044,0.17346225678920746
4596,314510,12.88554687500001,1,137,0.050000000000000044,0.002450790721923113
4597,314560,3.5362304687500012,0,50,0.050000000000000044,0.21020258963108063
4598,314661,8.328808593750002,0,101,0.050000000000000044,0.00553543958812952
4599,314762,8.45761718750001,0,101,0.050000000000000044,0.022032976150512695
4600,314831,5.376464843749999,0,69,0.050000000000000044,0.011013062670826912
4601,315005,16.896875000000005,2,174,0.050000000000000044,0.005427928175777197
4602,315124,11.359863281250007,1,119,0.050000000000000044,0.013055816292762756
4603,315208,6.679296874999995,0,84,0.050000000000000044,0.15748155117034912
4604,315309,8.504003906249999,0,101,0.050000000000000044,0.010775157250463963
4605,315410,7.644238281249995,0,101,0.050000000000000044,0.144587904214859
4606,315519,8.6103515625,0,109,0.050000000000000044,0.008873594924807549
4607,315620,7.610058593750006,0,101,0.050000000000000044,0.02483687736093998
4608,315815,20.013574218750037,3,195,0.050000000000000044,0.022117583081126213
4609,315928,10.196484374999986,1,113,0.050000000000000044,0.022908926010131836
4610,316045,11.07656249999999,1,117,0.050000000000000044,0.1534915268421173
4611,316182,12.858984374999991,1,137,0.050000000000000044,0.014069403521716595
4612,316253,5.479296875000001,0,71,0.050000000000000044,0.1767905354499817
4613,316439,19.441210937500014,3,186,0.050000000000000044,0.004125025123357773
4614,316540,7.939257812500006,0,101,0.050000000000000044,0.004009556956589222
4615,316653,10.466601562500005,1,113,0.050000000000000044,0.0069386279210448265
4616,316754,8.372851562499996,0,101,0.050000000000000044,0.0083550326526165
4617,316855,8.397167968749997,0,101,0.050000000000000044,0.007293711882084608
4618,316992,12.635156249999998,1,137,0.050000000000000044,0.019620507955551147
4619,317093,7.956054687500007,0,101,0.050000000000000044,0.01809685304760933
4620,317194,8.191894531249991,0,101,0.050000000000000044,0.33617979288101196
4621,317266,5.60302734375,0,72,0.050000000000000044,0.04002533107995987
4622,317493,24.659570312500016,4,227,0.050000000000000044,0.018846571445465088
4623,317556,4.87939453125,0,63,0.050000000000000044,0.0059441509656608105
4624,317637,6.060351562499999,0,81,0.050000000000000044,0.008432624861598015
4625,317811,16.76591796874999,2,174,0.050000000000000044,0.009028229862451553
4626,317879,5.1344726562500025,0,68,0.050000000000000044,0.020465504378080368
4627,317990,9.001855468750005,0,111,0.050000000000000044,0.0032966826111078262
4628,318106,10.872851562500001,1,116,0.050000000000000044,0.01654287427663803
4629,318246,13.352734375000026,1,140,0.050000000000000044,0.009501654654741287
4630,318420,17.431738281249984,2,174,0.050000000000000044,0.01927081309258938
4631,318522,8.562988281249995,0,102,0.050000000000000044,0.00481089623644948
4632,318624,8.494433593749985,0,102,0.050000000000000044,0.03618983179330826
4633,318769,13.067187500000005,1,145,0.050000000000000044,0.009422142058610916
4634,318907,13.044140624999986,1,138,0.050000000000000044,0.015241952612996101
4635,319044,12.888867187500002,1,137,0.050000000000000044,0.00903137307614088
4636,319145,8.528613281250001,0,101,0.050000000000000044,0.010897081345319748
4637,319300,15.420996093749995,2,155,0.050000000000000044,0.031205937266349792
4638,319413,10.191113281249997,1,113,0.050000000000000044,0.004649888724088669
4639,319473,4.22177734375,0,60,0.050000000000000044,0.004395828582346439
4640,319523,3.530566406250001,0,50,0.050000000000000044,0.003290090011432767
4641,319555,1.8849609374999998,0,32,0.050000000000000044,0.005654456093907356
4642,319656,8.15996093749999,0,101,0.050000000000000044,0.00640112766996026
4643,319757,7.951074218750007,0,101,0.050000000000000044,0.02161330170929432
4644,319894,12.801855468749988,1,137,0.050000000000000044,0.007374104578047991
4645,319925,1.7300781250000004,0,31,0.050000000000000044,0.013783412054181099
4646,320027,8.359277343749987,0,102,0.050000000000000044,0.01653844490647316
4647,320090,4.4666015625,0,63,0.050000000000000044,0.011407251469790936
4648,320191,8.231738281250005,0,101,0.050000000000000044,0.03163568675518036
4649,320228,2.346484374999999,0,37,0.050000000000000044,0.1741829216480255
4650,320274,3.07470703125,0,46,0.050000000000000044,0.18615341186523438
4651,320326,3.6737304687500023,0,52,0.050000000000000044,0.00919015146791935
4652,320512,18.975292968750004,3,186,0.050000000000000044,0.005363129545003176
4653,320613,7.897558593750006,0,101,0.050000000000000044,0.177065908908844
4654,320670,3.8798828125000018,0,57,0.050000000000000044,0.012093243189156055
4655,320771,7.65742187499999,0,101,0.050000000000000044,0.18079271912574768
4656,320825,3.6991210937499996,0,54,0.050000000000000044,0.024287711828947067
4657,321035,21.243652343750004,3,210,0.050000000000000044,0.008340793661773205
4658,321149,10.549023437500013,1,114,0.050000000000000044,0.004164551384747028
4659,321186,2.3103515625,0,37,0.050000000000000044,0.010037047788500786
4660,321287,7.796582031249999,0,101,0.050000000000000044,0.005905422382056713
4661,321388,8.000585937499997,0,101,0.050000000000000044,0.009440697729587555
4662,321489,7.921875,0,101,0.050000000000000044,0.004438643343746662
4663,321533,2.8574218749999996,0,44,0.050000000000000044,0.29369300603866577
4664,321684,14.751171875000004,2,151,0.050000000000000044,0.012347254902124405
4665,321731,3.3584960937499995,0,47,0.050000000000000044,0.0553397536277771
4666,321832,8.337792968749998,0,101,0.050000000000000044,0.005743327084928751
4667,321909,5.9550781249999964,0,77,0.050000000000000044,0.008008932694792747
4668,321945,2.24296875,0,36,0.050000000000000044,0.009429389610886574
4669,322082,12.620605468750004,1,137,0.050000000000000044,0.012417266145348549
4670,322157,5.480273437500005,0,75,0.050000000000000044,0.16750216484069824
4671,322220,4.54208984375,0,63,0.050000000000000044,0.0045194244012236595
4672,322321,8.076269531250007,0,101,0.050000000000000044,0.02405497059226036
4673,322495,16.843945312500015,2,174,0.050000000000000044,0.002799422014504671
4674,322641,13.367968750000003,1,146,0.050000000000000044,0.008966007269918919
4675,322681,2.5929687500000007,0,40,0.050000000000000044,0.10249652713537216
4676,322715,2.0389648437499996,0,34,0.050000000000000044,0.008650414645671844
4677,322816,7.644921875000003,0,101,0.050000000000000044,0.009955846704542637
4678,322917,8.251269531250005,0,101,0.050000000000000044,0.004844050854444504
4679,322973,3.8424804687500007,0,56,0.050000000000000044,0.012968388386070728
4680,323039,4.5453125,0,66,0.050000000000000044,0.014066827483475208
4681,323083,2.9810546875000017,0,44,0.050000000000000044,0.0597221739590168
4682,323184,7.812792968750006,0,101,0.050000000000000044,0.1745966225862503
4683,323321,12.618750000000016,1,137,0.050000000000000044,0.01186360977590084
4684,323386,5.017480468750003,0,65,0.050000000000000044,0.13984324038028717
4685,323487,7.528613281250008,0,101,0.050000000000000044,0.003159919288009405
4686,323588,7.34619140625,0,101,0.050000000000000044,0.012766804546117783
4687,323762,17.13837890625001,2,174,0.050000000000000044,0.1714281141757965
4688,323836,5.731933593750001,0,74,0.050000000000000044,0.00514984829351306
4689,323937,8.214648437500001,0,101,0.050000000000000044,0.013391075655817986
4690,324122,18.525,2,185,0.050000000000000044,0.014319265261292458
4691,324159,2.301953124999999,0,37,0.050000000000000044,0.2162134051322937
4692,324260,8.038574218750005,0,101,0.050000000000000044,0.012976260855793953
4693,324361,8.098828124999992,0,101,0.050000000000000044,0.008329169824719429
4694,324571,21.55576171875003,3,210,0.050000000000000044,0.18667826056480408
4695,324679,8.768261718749986,0,108,0.050000000000000044,0.03769217059016228
4696,324712,1.7746093750000003,0,33,0.050000000000000044,0.005750630516558886
4697,324849,12.247363281249985,1,137,0.050000000000000044,0.007022890727967024
4698,324986,12.310937499999996,1,137,0.050000000000000044,0.16959655284881592
4699,325087,8.3154296875,0,101,0.050000000000000044,0.007716641761362553
4700,325131,2.7339843749999986,0,44,0.050000000000000044,0.17891135811805725
4701,325182,3.603613281250002,0,51,0.050000000000000044,0.3124261200428009
4702,325301,10.922558593749983,1,119,0.050000000000000044,0.03575178608298302
4703,325407,8.66621093750001,0,106,0.050000000000000044,0.010270633734762669
4704,325463,3.8211914062500023,0,56,0.050000000000000044,0.01401237677782774
4705,325496,1.972363281249999,0,33,0.050000000000000044,0.010297649540007114
4706,325597,8.274023437500007,0,101,0.050000000000000044,0.045220449566841125
4707,325698,7.8292968750000025,0,101,0.050000000000000044,0.1674717515707016
4708,325818,10.833007812500002,1,120,0.050000000000000044,0.025575201958417892
4709,325919,7.747167968749997,0,101,0.050000000000000044,0.026467803865671158
4710,325968,3.03046875,0,49,0.050000000000000044,0.014426234178245068
4711,326029,4.485546875000001,0,61,0.050000000000000044,0.007921156473457813
4712,326088,4.425097656249999,0,59,0.050000000000000044,0.04141944646835327
4713,326154,4.99150390625,0,66,0.050000000000000044,0.01115840207785368
4714,326189,2.22216796875,0,35,0.050000000000000044,0.14851397275924683
4715,326290,8.198046874999994,0,101,0.050000000000000044,0.03428385406732559
4716,326386,7.735449218749997,0,96,0.050000000000000044,0.18574857711791992
4717,326487,8.065234375000001,0,101,0.050000000000000044,0.02967993915081024
4718,326521,2.05283203125,0,34,0.050000000000000044,0.003822478000074625
4719,326668,13.41083984375,1,147,0.050000000000000044,0.004992085509002209
4720,326769,8.103710937499995,0,101,0.050000000000000044,0.02088598906993866
4721,326870,7.857128906249995,0,101,0.050000000000000044,0.005312087945640087
4722,326908,2.4441406249999997,0,38,0.050000000000000044,0.01553787849843502
4723,326946,2.350000000000001,0,38,0.050000000000000044,0.04337015748023987
4724,326977,1.69091796875,0,31,0.050000000000000044,0.10123180598020554
4725,327151,17.010253906250004,2,174,0.050000000000000044,0.17132996022701263
4726,327192,2.5201171875000004,0,41,0.050000000000000044,0.02046569064259529
4727,327293,8.248730468750002,0,101,0.050000000000000044,0.018899373710155487
4728,327430,13.047851562500009,1,137,0.050000000000000044,0.02262645587325096
4729,327570,13.06542968749999,1,140,0.050000000000000044,0.18378591537475586
4730,327759,19.57675781249999,3,189,0.050000000000000044,0.010940494947135448
4731,327860,8.32529296875,0,101,0.050000000000000044,0.02247176505625248
4732,328034,17.090429687500016,2,174,0.050000000000000044,0.008400127291679382
4733,328110,5.84453125,0,76,0.050000000000000044,0.029324635863304138
4734,328211,8.356835937499993,0,101,0.050000000000000044,0.006083728279918432
4735,328312,7.565234374999999,0,101,0.050000000000000044,0.02094830572605133
4736,328449,12.641503906249994,1,137,0.050000000000000044,0.019265402108430862
4737,328550,7.607714843749992,0,101,0.050000000000000044,0.24892285466194153
4738,328581,1.6869140625,0,31,0.050000000000000044,0.014838410541415215
4739,328718,12.602636718749999,1,137,0.050000000000000044,0.023447804152965546
4740,328757,2.454492187499999,0,39,0.050000000000000044,0.23068642616271973
4741,328808,3.6288085937500023,0,51,0.050000000000000044,0.011297723278403282
4742,328872,4.3748046875,0,64,0.050000000000000044,0.14076311886310577
4743,328993,11.415625000000004,1,121,0.050000000000000044,0.008312620222568512
4744,329107,10.428613281250014,1,114,0.050000000000000044,0.01997777260839939
4745,329140,1.9792968749999993,0,33,0.050000000000000044,0.008458461612462997
4746,329176,2.1836914062500004,0,36,0.050000000000000044,0.030769050121307373
4747,329283,8.909179687500005,0,107,0.050000000000000044,0.042705148458480835
4748,329326,2.94951171875,0,43,0.050000000000000044,0.00868978165090084
4749,329427,8.070996093749997,0,101,0.050000000000000044,0.18803252279758453
4750,329491,4.881738281250001,0,64,0.050000000000000044,0.004825651179999113
4751,329594,8.744824218749994,0,103,0.050000000000000044,0.00331395142711699
4752,329653,4.261718749999999,0,59,0.050000000000000044,0.15821340680122375
4753,329689,2.094921875000001,0,36,0.050000000000000044,0.18528451025485992
4754,329863,17.40498046874998,2,174,0.050000000000000044,0.030411068350076675
4755,329917,3.8499023437499984,0,54,0.050000000000000044,0.007320743519812822
4756,330054,12.546777343750012,1,137,0.050000000000000044,0.005574725102633238
4757,330264,22.228515625000007,3,210,0.050000000000000044,0.12071187049150467
4758,330369,7.983203125000005,0,105,0.050000000000000044,0.07435663044452667
4759,330404,1.9352539062500007,0,35,0.050000000000000044,0.005631179083138704
4760,330472,5.211230468750003,0,68,0.050000000000000044,0.006160415709018707
4761,330621,15.148437499999996,2,149,0.050000000000000044,0.03072008118033409
4762,330758,12.803906250000002,1,137,0.050000000000000044,0.183200865983963
4763,330895,12.893652343749999,1,137,0.050000000000000044,0.006355438381433487
4764,331007,10.12910156250001,1,112,0.050000000000000044,0.18191173672676086
4765,331113,8.11542968749999,0,106,0.050000000000000044,0.023563437163829803
4766,331231,10.788574218749998,1,118,0.050000000000000044,0.0050262403674423695
4767,331269,2.267480468750001,0,38,0.050000000000000044,0.16974496841430664
4768,331303,1.99365234375,0,34,0.050000000000000044,0.05010000988841057
4769,331486,18.397363281250012,2,183,0.050000000000000044,0.01395917683839798
4770,331602,10.46640625,1,116,0.050000000000000044,0.004111682064831257
4771,331682,5.549902343750002,0,80,0.050000000000000044,0.004513459280133247
4772,331819,12.52685546875001,1,137,0.050000000000000044,0.02384824864566326
4773,331933,10.589257812499996,1,114,0.050000000000000044,0.0073687233962118626
4774,332034,8.238378906249999,0,101,0.050000000000000044,0.010334230959415436
4775,332303,28.9919921875,5,269,0.050000000000000044,0.01962379366159439
4776,332404,7.784570312500007,0,101,0.050000000000000044,0.16006290912628174
4777,332473,4.780761718749999,0,69,0.050000000000000044,0.009047122672200203
4778,332531,4.2943359375,0,58,0.050000000000000044,0.014806362800300121
4779,332601,5.4097656249999995,0,70,0.050000000000000044,0.024866586551070213
4780,332634,1.93115234375,0,33,0.050000000000000044,0.006380297243595123
4781,332750,10.872851562500001,1,116,0.050000000000000044,0.004533659666776657
4782,332851,7.921972656249999,0,101,0.050000000000000044,0.017459258437156677
4783,333039,19.380078125000033,3,188,0.050000000000000044,0.02401110529899597
4784,333140,8.093359374999999,0,101,0.050000000000000044,0.18661221861839294
4785,333192,3.635937499999998,0,52,0.050000000000000044,0.004747048951685429
4786,333296,8.860839843750002,0,104,0.050000000000000044,0.015548458322882652
4787,333401,8.518066406249996,0,105,0.050000000000000044,0.174947589635849
4788,333471,4.819140625000001,0,70,0.050000000000000044,0.008067965507507324
4789,333572,8.493066406250003,0,101,0.050000000000000044,0.02128628082573414
4790,333673,7.612500000000004,0,101,0.050000000000000044,0.005601635202765465
4791,333774,7.893261718750006,0,101,0.050000000000000044,0.010037152096629143
4792,333882,8.776660156250006,0,108,0.050000000000000044,0.012162324041128159
4793,333948,4.928124999999996,0,66,0.050000000000000044,0.00807199440896511
4794,334007,3.9616210937500025,0,59,0.050000000000000044,0.0245400071144104
4795,334125,10.35214843749999,1,118,0.050000000000000044,0.045704446732997894
4796,334244,10.84375000000001,1,119,0.050000000000000044,0.006183031015098095
4797,334345,8.062109374999991,0,101,0.050000000000000044,0.008451821282505989
4798,334390,3.1329101562500004,0,45,0.050000000000000044,0.005697847343981266
4799,334508,11.156152343750001,1,118,0.050000000000000044,0.1729862093925476
4800,334547,2.3420898437499993,0,39,0.050000000000000044,0.012449126690626144
4801,334590,2.71796875,0,43,0.050000000000000044,0.007529682479798794
4802,334727,13.05478515625001,1,137,0.050000000000000044,0.17348997294902802
4803,334828,8.085937499999995,0,101,0.050000000000000044,0.019330110400915146
4804,334911,6.488085937500004,0,83,0.050000000000000044,0.006625994108617306
4805,334974,4.755859375000003,0,63,0.050000000000000044,0.013161959126591682
4806,335088,10.418066406250004,1,114,0.050000000000000044,0.003991219215095043
4807,335189,8.1798828125,0,101,0.050000000000000044,0.006744401529431343
4808,335222,1.9445312500000003,0,33,0.050000000000000044,0.013097692281007767
4809,335326,8.670898437500004,0,104,0.050000000000000044,0.01775149628520012
4810,335388,4.657128906249996,0,62,0.050000000000000044,0.005799632053822279
4811,335489,7.885156250000001,0,101,0.050000000000000044,0.00782062765210867
4812,335553,4.752148437499998,0,64,0.050000000000000044,0.1821698546409607
4813,335607,3.86474609375,0,54,0.050000000000000044,0.005004909820854664
4814,335642,2.0763671875000007,0,35,0.050000000000000044,0.17568686604499817
4815,335677,2.1851562499999995,0,35,0.050000000000000044,0.14863036572933197
4816,335795,10.72958984375,1,118,0.050000000000000044,0.005797132849693298
4817,335859,4.3799804687499995,0,64,0.050000000000000044,0.16044215857982635
4818,335960,7.986035156250004,0,101,0.050000000000000044,0.00840116385370493
4819,336061,7.770703124999988,0,101,0.050000000000000044,0.001871747663244605
4820,336198,12.853417968749984,1,137,0.050000000000000044,0.009446852840483189
4821,336381,18.412890625000017,2,183,0.050000000000000044,0.18237875401973724
4822,336482,7.427734375,0,101,0.050000000000000044,0.48844364285469055
4823,336550,4.75478515625,0,68,0.050000000000000044,0.005847197957336903
4824,336651,7.815039062499986,0,101,0.050000000000000044,0.029055744409561157
4825,336714,4.6000976562500036,0,63,0.050000000000000044,0.007196058984845877
4826,336747,1.9154296875000005,0,33,0.050000000000000044,0.017207015305757523
4827,336802,3.936718749999999,0,55,0.050000000000000044,0.01731245592236519
4828,336849,3.265624999999999,0,47,0.050000000000000044,0.04320518299937248
4829,336900,3.48662109375,0,51,0.050000000000000044,0.008699331432580948
4830,336932,1.8587890625,0,32,0.050000000000000044,0.02167193777859211
4831,336984,3.564453124999999,0,52,0.050000000000000044,0.005380951799452305
4832,337053,4.898535156249998,0,69,0.050000000000000044,0.15585176646709442
4833,337154,7.908984375000008,0,101,0.050000000000000044,0.01331859827041626
4834,337404,26.17197265624998,4,250,0.050000000000000044,0.008871142752468586
4835,337515,8.706835937500003,0,111,0.050000000000000044,0.02665027417242527
4836,337616,7.677246093749993,0,101,0.050000000000000044,0.007225947454571724
4837,337717,7.47138671874999,0,101,0.050000000000000044,0.013243687339127064
4838,337907,19.51601562499998,3,190,0.050000000000000044,0.028940461575984955
4839,338052,13.038281250000004,1,145,0.050000000000000044,0.20530866086483002
4840,338204,14.538671874999999,2,152,0.050000000000000044,0.014205984771251678
4841,338241,2.1877929687500006,0,37,0.050000000000000044,0.08197495341300964
4842,338359,10.624707031250013,1,118,0.050000000000000044,0.009432447142899036
4843,338424,4.5003906250000005,0,65,0.050000000000000044,0.013110660016536713
4844,338525,7.659374999999992,0,101,0.050000000000000044,0.056687600910663605
4845,338636,8.686328125000001,0,111,0.050000000000000044,0.16297514736652374
4846,338676,2.4931640625,0,40,0.050000000000000044,0.17262189090251923
4847,338731,3.677441406249997,0,55,0.050000000000000044,0.0104261739179492
4848,338776,3.1203125000000007,0,45,0.050000000000000044,0.03945036977529526
4849,338876,7.3734375,0,100,0.050000000000000044,0.007512603420764208
4850,338917,2.5480468749999994,0,41,0.050000000000000044,0.011348892003297806
4851,339018,7.673242187499994,0,101,0.050000000000000044,0.1936083883047104
4852,339155,11.929394531250002,1,137,0.050000000000000044,0.006857411004602909
4853,339271,10.277050781250011,1,116,0.050000000000000044,0.006859384942799807
4854,339493,23.771874999999994,4,222,0.050000000000000044,0.19064700603485107
4855,339594,7.746289062499988,0,101,0.050000000000000044,0.00862568337470293
4856,339740,13.071484374999997,1,146,0.050000000000000044,0.19940558075904846
4857,339853,10.394531250000002,1,113,0.050000000000000044,0.018608948215842247
4858,339990,12.721289062500015,1,137,0.050000000000000044,0.43936586380004883
4859,340062,5.503027343750001,0,72,0.050000000000000044,0.007961063645780087
4860,340106,3.0101562500000005,0,44,0.050000000000000044,0.01549263671040535
4861,340156,3.3728515625,0,50,0.050000000000000044,0.010416249744594097
4862,340237,6.21298828125,0,81,0.050000000000000044,0.012881624512374401
4863,340339,8.444921875000002,0,102,0.050000000000000044,0.22818168997764587
4864,340452,10.47294921874999,1,113,0.050000000000000044,0.30568039417266846
4865,340502,3.1921874999999993,0,50,0.050000000000000044,0.013566439040005207
4866,340563,4.284765625000001,0,61,0.050000000000000044,0.02835569716989994
4867,340634,5.51162109375,0,71,0.050000000000000044,0.005310042295604944
4868,340785,14.867871093749999,2,151,0.050000000000000044,0.021554365754127502
4869,340886,8.399316406250003,0,101,0.050000000000000044,0.028893789276480675
4870,340923,2.29443359375,0,37,0.050000000000000044,0.009767522104084492
4871,341008,6.754296875000005,0,85,0.050000000000000044,0.034449946135282516
4872,341109,8.4169921875,0,101,0.050000000000000044,0.012256682850420475
4873,341154,2.9993164062499997,0,45,0.050000000000000044,0.01150957029312849
4874,341291,12.661230468749991,1,137,0.050000000000000044,0.033362120389938354
4875,341467,17.78535156250001,2,176,0.050000000000000044,0.009335331618785858
4876,341641,17.093554687499985,2,174,0.050000000000000044,0.185517355799675
4877,341780,13.04716796875,1,139,0.050000000000000044,0.007543135434389114
4878,341881,7.991796875000002,0,101,0.050000000000000044,0.32636547088623047
4879,342028,13.86162109375,1,147,0.050000000000000044,0.013468047603964806
4880,342165,12.734082031249994,1,137,0.050000000000000044,0.008739408105611801
4881,342245,5.614355468749994,0,80,0.050000000000000044,0.028260719031095505
4882,342355,9.253417968749995,0,110,0.050000000000000044,0.027272256091237068
4883,342465,9.131347656249988,0,110,0.050000000000000044,0.1358540952205658
4884,342649,18.35927734374999,2,184,0.050000000000000044,0.004694918170571327
4885,342798,15.006445312500006,2,149,0.050000000000000044,0.008579449728131294
4886,342851,3.84697265625,0,53,0.050000000000000044,0.011624776758253574
4887,342988,12.538085937500004,1,137,0.050000000000000044,0.006312420591711998
4888,343053,4.7068359375,0,65,0.050000000000000044,0.025792857632040977
4889,343154,8.106250000000008,0,101,0.050000000000000044,0.35705655813217163
4890,343255,8.004785156249993,0,101,0.050000000000000044,0.014476770535111427
4891,343358,8.32646484375,0,103,0.050000000000000044,0.16937875747680664
4892,343390,1.8092773437500003,0,32,0.050000000000000044,0.025058859959244728
4893,343497,9.1818359375,0,107,0.050000000000000044,0.010719864629209042
4894,343542,2.955957031250001,0,45,0.050000000000000044,0.008397847414016724
4895,343587,2.8599609375,0,45,0.050000000000000044,0.029509086161851883
4896,343688,8.239941406249997,0,101,0.050000000000000044,0.004847638309001923
4897,343742,3.8132812499999984,0,54,0.050000000000000044,0.009177420288324356
4898,343845,8.647363281249996,0,103,0.050000000000000044,0.022032376378774643
4899,343908,4.379687499999999,0,63,0.050000000000000044,0.08500199019908905
4900,343963,3.9952148437499986,0,55,0.050000000000000044,0.009163444861769676
4901,344173,21.939648437499983,3,210,0.050000000000000044,0.11820729821920395
4902,344234,4.546484375000004,0,61,0.050000000000000044,0.007955662906169891
4903,344421,19.390332031249994,3,187,0.050000000000000044,0.006516590714454651
4904,344558,12.528710937500014,1,137,0.050000000000000044,0.01646450348198414
4905,344671,10.083789062499998,1,113,0.050000000000000044,0.0063263121992349625
4906,344732,4.09716796875,0,61,0.050000000000000044,0.014010857790708542
4907,344869,12.759570312500012,1,137,0.050000000000000044,0.004983317106962204
4908,345079,21.616503906250003,3,210,0.050000000000000044,0.1813795119524002
4909,345180,8.209667968750006,0,101,0.050000000000000044,0.004606147762387991
4910,345354,16.9052734375,2,174,0.050000000000000044,0.03518056496977806
4911,345491,12.771582031249999,1,137,0.050000000000000044,0.006207595579326153
4912,345573,6.266992187500002,0,82,0.050000000000000044,0.014791076071560383
4913,345610,2.2700195312499987,0,37,0.050000000000000044,0.1806250810623169
4914,345764,15.321191406250005,2,154,0.050000000000000044,0.011153781786561012
4915,345811,3.2615234375,0,47,0.050000000000000044,0.19238273799419403
4916,345870,4.396484375000002,0,59,0.050000000000000044,0.006257976405322552
4917,346017,13.966503906250004,1,147,0.050000000000000044,0.00793331116437912
4918,346127,9.322070312500006,0,110,0.050000000000000044,0.17356745898723602
4919,346283,15.635742187499993,2,156,0.050000000000000044,0.1705055683851242
4920,346457,17.382617187499996,2,174,0.050000000000000044,0.02545536309480667
4921,346502,3.044921875000001,0,45,0.050000000000000044,0.017718691378831863
4922,346608,8.982128906250002,0,106,0.050000000000000044,0.02974282205104828
4923,346745,12.62802734374999,1,137,0.050000000000000044,0.006601562257856131
4924,346853,8.485449218749999,0,108,0.050000000000000044,0.009921816177666187
4925,346918,4.883886718749999,0,65,0.050000000000000044,0.015079667791724205
4926,347019,8.42060546875,0,101,0.050000000000000044,0.0026271832175552845
4927,347133,10.55712890625001,1,114,0.050000000000000044,0.03543630614876747
4928,347234,8.229785156250006,0,101,0.050000000000000044,0.010794219560921192
4929,347342,8.957421875000001,0,108,0.050000000000000044,0.016896937042474747
4930,347443,7.552734374999998,0,101,0.050000000000000044,0.008942563086748123
4931,347545,8.326367187499997,0,102,0.050000000000000044,0.004337609745562077
4932,347771,24.331542968749993,4,226,0.050000000000000044,0.004465571604669094
4933,347947,17.162109375000007,2,176,0.050000000000000044,0.008392736315727234
4934,348084,12.608496093749988,1,137,0.050000000000000044,0.18820634484291077
4935,348194,9.367968749999989,0,110,0.050000000000000044,0.023718584328889847
4936,348496,33.548144531250045,6,302,0.050000000000000044,0.009733151644468307
4937,348530,2.0539062500000003,0,34,0.050000000000000044,0.021508723497390747
4938,348563,1.9953124999999998,0,33,0.050000000000000044,0.004858468659222126
4939,348664,8.317773437499998,0,101,0.050000000000000044,0.11452287435531616
4940,348806,13.340917968750011,1,142,0.050000000000000044,0.0268244631588459
4941,348943,12.577539062500003,1,137,0.050000000000000044,0.028342800214886665
4942,349123,17.713378906249993,2,180,0.050000000000000044,0.0062280986458063126
4943,349162,2.4046875000000005,0,39,0.050000000000000044,0.01269936840981245
4944,349283,11.38173828125001,1,121,0.050000000000000044,0.019644850865006447
4945,349311,1.53369140625,0,28,0.050000000000000044,0.005925231147557497
4946,349340,1.5983398437500003,0,29,0.050000000000000044,0.056178927421569824
4947,349406,4.920996093750002,0,66,0.050000000000000044,0.007878156378865242
4948,349523,10.810644531250007,1,117,0.050000000000000044,0.007560852915048599
4949,349563,2.6690429687499995,0,40,0.050000000000000044,0.2310892939567566
4950,349612,3.192480468750002,0,49,0.050000000000000044,0.004485846497118473
4951,349749,12.945410156249995,1,137,0.050000000000000044,0.006822554394602776
4952,349851,8.217773437499991,0,102,0.050000000000000044,0.01062462106347084
4953,349960,9.048144531250001,0,109,0.050000000000000044,0.010233413428068161
4954,349989,1.5926757812499996,0,29,0.050000000000000044,0.1847168356180191
4955,350040,3.4200195312499995,0,51,0.050000000000000044,0.025576196610927582
4956,350159,10.984277343750012,1,119,0.050000000000000044,0.016997043043375015
4957,350296,12.69707031249999,1,137,0.050000000000000044,0.02131292223930359
4958,350397,7.5810546875000036,0,101,0.050000000000000044,0.014344820752739906
4959,350484,6.106738281250001,0,87,0.050000000000000044,0.1888686567544937
4960,350629,13.63544921875001,1,145,0.050000000000000044,0.005761382635682821
4961,350673,2.6744140625,0,44,0.050000000000000044,0.023542918264865875
4962,350818,13.593261718749996,1,145,0.050000000000000044,0.00580829381942749
4963,350854,2.093457031250001,0,36,0.050000000000000044,0.01816640794277191
4964,350955,8.356738281249996,0,101,0.050000000000000044,0.004609336145222187
4965,351067,10.447070312499998,1,112,0.050000000000000044,0.021565424278378487
4966,351136,5.180468750000001,0,69,0.050000000000000044,0.013178344815969467
4967,351237,7.918261718749992,0,101,0.050000000000000044,0.010763073340058327
4968,351338,8.425000000000004,0,101,0.050000000000000044,0.008147969841957092
4969,351512,17.083593749999988,2,174,0.050000000000000044,0.029010269790887833
4970,351739,24.28359374999999,4,227,0.050000000000000044,0.007837804034352303
4971,351803,4.789257812500003,0,64,0.050000000000000044,0.34231773018836975
4972,351904,8.406347656249999,0,101,0.050000000000000044,0.008534334599971771
4973,352116,21.75908203124999,3,212,0.050000000000000044,0.1799846887588501
4974,352217,8.552343749999999,0,101,0.050000000000000044,0.01674189232289791
4975,352371,15.754394531249986,2,154,0.050000000000000044,0.1827051341533661
4976,352449,6.2921875000000025,0,78,0.050000000000000044,0.005318733863532543
4977,352550,8.50478515624999,0,101,0.050000000000000044,0.00824720598757267
4978,352665,10.634570312499987,1,115,0.050000000000000044,0.28196030855178833
4979,352802,12.843554687499996,1,137,0.050000000000000044,0.18241310119628906
4980,352908,8.945312500000005,0,106,0.050000000000000044,0.0065149785950779915
4981,353026,10.87705078125,1,118,0.050000000000000044,0.019214551895856857
4982,353128,8.448828125000002,0,102,0.050000000000000044,0.00931791216135025
4983,353265,12.77646484375001,1,137,0.050000000000000044,0.017643488943576813
4984,353301,2.2254882812499996,0,36,0.050000000000000044,0.0336359404027462
4985,353475,17.586035156250006,2,174,0.050000000000000044,0.006289310287684202
4986,353576,8.452734375000006,0,101,0.050000000000000044,0.011583303101360798
4987,353713,12.784277343750004,1,137,0.050000000000000044,0.007110767066478729
4988,353777,4.582812499999999,0,64,0.050000000000000044,0.02231820672750473
4989,354025,26.41582031249996,4,248,0.050000000000000044,0.041214216500520706
4990,354162,12.859765624999994,1,137,0.050000000000000044,0.20268967747688293
4991,354299,13.078906250000005,1,137,0.050000000000000044,0.0068522049114108086
4992,354404,8.82880859375,0,105,0.050000000000000044,0.0067855557426810265
4993,354444,2.61904296875,0,40,0.050000000000000044,0.005926508456468582
4994,354545,8.135156249999998,0,101,0.050000000000000044,0.02789468877017498
4995,354577,1.8884765624999993,0,32,0.050000000000000044,0.006483397912234068
4996,354714,12.97978515625,1,137,0.050000000000000044,0.005862732883542776
4997,354888,17.424999999999994,2,174,0.050000000000000044,0.004791241604834795
4998,354989,8.551953125000004,0,101,0.050000000000000044,0.2155134081840515
4999,355090,8.415332031250006,0,101,0.050000000000000044,0.019334526732563972
5000,355285,20.856640625000004,3,195,0.050000000000000044,0.03164584934711456
5001,355495,22.085449218749975,3,210,0.050000000000000044,0.1858513057231903
5002,355632,13.114746093750016,1,137,0.050000000000000044,0.10934600234031677
5003,355998,41.47304687499996,7,366,0.050000000000000044,0.0031040525063872337
5004,356098,8.280664062500005,0,100,0.050000000000000044,0.17022664844989777
5005,356199,8.395019531250002,0,101,0.050000000000000044,0.0027797757647931576
5006,356336,12.904296874999988,1,137,0.050000000000000044,0.1764991581439972
5007,356437,8.118261718749995,0,101,0.050000000000000044,0.011627992615103722
5008,356538,8.335253906249994,0,101,0.050000000000000044,0.009844196029007435
5009,356689,15.481835937500009,2,151,0.050000000000000044,0.010174192488193512
5010,356790,8.102441406249989,0,101,0.050000000000000044,0.006322301924228668
5011,356927,13.00390625,1,137,0.050000000000000044,0.005105705000460148
5012,357028,8.440332031250005,0,101,0.050000000000000044,0.18103574216365814
5013,357129,8.2962890625,0,101,0.050000000000000044,0.014434137381613255
5014,357303,17.754296875,2,174,0.050000000000000044,0.1826419234275818
5015,357404,8.079199218750006,0,101,0.050000000000000044,0.07111995667219162
5016,357555,14.869726562500006,2,151,0.050000000000000044,0.012987502850592136
5017,357656,8.219140625000003,0,101,0.050000000000000044,0.008892284706234932
5018,357760,8.153515624999994,0,104,0.050000000000000044,0.19750547409057617
5019,357867,8.9314453125,0,107,0.050000000000000044,0.005885223858058453
5020,358004,12.833398437500005,1,137,0.050000000000000044,0.009547983296215534
5021,358178,17.425292968750004,2,174,0.050000000000000044,0.003160238265991211
5022,358220,2.80263671875,0,42,0.050000000000000044,0.005475515965372324
5023,358269,3.406445312499999,0,49,0.050000000000000044,0.02003486268222332
5024,358418,14.814843750000007,2,149,0.050000000000000044,0.06780146062374115
5025,358469,3.1921875,0,51,0.050000000000000044,0.011342495679855347
5026,358575,9.018164062500004,0,106,0.050000000000000044,0.3227141499519348
5027,358676,8.12734375,0,101,0.050000000000000044,0.009483431465923786
5028,358731,3.9763671874999984,0,55,0.050000000000000044,0.17995944619178772
5029,358832,8.1015625,0,101,0.050000000000000044,0.016254406422376633
5030,358969,12.789453125000014,1,137,0.050000000000000044,0.18125514686107635
5031,359027,4.113671874999999,0,58,0.050000000000000044,0.005578191485255957
5032,359237,22.257812500000004,3,210,0.050000000000000044,0.019391866400837898
5033,359338,8.005273437499996,0,101,0.050000000000000044,0.04153195768594742
5034,359439,7.9048828125,0,101,0.050000000000000044,0.032453231513500214
5035,359659,23.013378906249994,3,220,0.050000000000000044,0.020687362179160118
5036,359760,8.055468750000003,0,101,0.050000000000000044,0.006919677834957838
5037,359900,13.166113281249988,1,140,0.050000000000000044,0.015780039131641388
5038,359948,2.993554687499999,0,48,0.050000000000000044,0.011263467371463776
5039,360049,8.253710937499996,0,101,0.050000000000000044,0.2417011708021164
5040,360115,5.087499999999999,0,66,0.050000000000000044,0.010190265253186226
5041,360180,4.9500976562500005,0,65,0.050000000000000044,0.0031132211443036795
5042,360281,8.386230468750005,0,101,0.050000000000000044,0.00931963138282299
5043,360334,3.5363281250000007,0,53,0.050000000000000044,0.19210860133171082
5044,360455,11.271386718749987,1,121,0.050000000000000044,0.01661987230181694
5045,360556,8.40917968749999,0,101,0.050000000000000044,0.010263285599648952
5046,360730,16.968066406250003,2,174,0.050000000000000044,0.19751772284507751
5047,360770,2.62978515625,0,40,0.050000000000000044,0.011043230071663857
5048,360818,3.17529296875,0,48,0.050000000000000044,0.1817181408405304
5049,360955,12.880859375000007,1,137,0.050000000000000044,0.015246085822582245
5050,361057,8.455273437500006,0,102,0.050000000000000044,0.005520639009773731
5051,361169,10.7328125,1,112,0.050000000000000044,0.5001224875450134
5052,361205,2.21171875,0,36,0.050000000000000044,0.02865523099899292
5053,361248,2.7162109375,0,43,0.050000000000000044,0.006547803059220314
5054,361338,6.8415039062500025,0,90,0.050000000000000044,0.004799846559762955
5055,361512,17.66162109374998,2,174,0.050000000000000044,0.014784237369894981
5056,361613,8.27939453125001,0,101,0.050000000000000044,0.11956799030303955
5057,361754,13.059082031250012,1,141,0.050000000000000044,0.006048348732292652
5058,361855,8.5947265625,0,101,0.050000000000000044,0.012299668043851852
5059,361956,8.385253906249996,0,101,0.050000000000000044,0.17928960919380188
5060,362029,5.538769531249999,0,73,0.050000000000000044,0.004614915233105421
5061,362130,8.36962890625,0,101,0.050000000000000044,0.013177933171391487
5062,362340,22.21210937499999,3,210,0.050000000000000044,0.1072571650147438
5063,362441,8.602539062499995,0,101,0.050000000000000044,0.005953245330601931
5064,362542,7.6251953125000025,0,101,0.050000000000000044,0.029758531600236893
5065,362716,17.423632812499996,2,174,0.050000000000000044,0.006600555498152971
5066,362853,12.639453125000008,1,137,0.050000000000000044,0.002654892858117819
5067,362931,6.21015625,0,78,0.050000000000000044,0.0866171196103096
5068,363032,7.883300781250002,0,101,0.050000000000000044,0.00596063956618309
5069,363142,9.186816406249989,0,110,0.050000000000000044,0.1854795217514038
5070,363317,17.680273437499974,2,175,0.050000000000000044,0.005226545501500368
5071,363367,3.52763671875,0,50,0.050000000000000044,0.003077557310461998
5072,363505,12.9861328125,1,138,0.050000000000000044,0.009764071553945541
5073,363726,23.115234375000014,3,221,0.050000000000000044,0.006296505220234394
5074,363827,8.59208984375,0,101,0.050000000000000044,0.0061426106840372086
5075,363855,1.5338867187499998,0,28,0.050000000000000044,0.08392851054668427
5076,363890,2.164453124999999,0,35,0.050000000000000044,0.006198312155902386
5077,364030,13.206054687499995,1,140,0.050000000000000044,0.006331045646220446
5078,364131,8.230273437499998,0,101,0.050000000000000044,0.0059327310882508755
5079,364234,8.77060546875,0,103,0.050000000000000044,0.00536949560046196
5080,364451,22.708105468749984,3,217,0.050000000000000044,0.1910446733236313
5081,364665,22.562499999999993,3,214,0.050000000000000044,0.07321245968341827
5082,364728,4.43369140625,0,63,0.050000000000000044,0.006976785138249397
5083,364794,4.807714843749996,0,66,0.050000000000000044,0.005385641939938068
5084,364870,5.844531250000006,0,76,0.050000000000000044,0.01474408432841301
5085,364973,8.793066406249999,0,103,0.050000000000000044,0.18673746287822723
5086,365110,13.09443359375,1,137,0.050000000000000044,0.0021263970993459225
5087,365284,17.46416015625,2,174,0.050000000000000044,0.013542360626161098
5088,365320,2.252441406249999,0,36,0.050000000000000044,0.004646617919206619
5089,365421,8.121386718749994,0,101,0.050000000000000044,0.010272673331201077
5090,365512,7.218847656250002,0,91,0.050000000000000044,0.005557074211537838
5091,365613,8.218457031250006,0,101,0.050000000000000044,0.3381938636302948
5092,365823,21.98232421874998,3,210,0.050000000000000044,0.013389312662184238
5093,365924,8.65791015624999,0,101,0.050000000000000044,0.010677546262741089
5094,366108,18.4537109375,2,184,0.050000000000000044,0.004140995908528566
5095,366222,10.488476562500006,1,114,0.050000000000000044,0.006826009601354599
5096,366325,8.379687500000003,0,103,0.050000000000000044,0.012956908904016018
5097,366426,8.210253906250005,0,101,0.050000000000000044,0.03209303319454193
5098,366541,10.877636718750011,1,115,0.050000000000000044,0.19047905504703522
5099,366592,3.4198242187499988,0,51,0.050000000000000044,0.20165321230888367
5100,366729,12.458007812500007,1,137,0.050000000000000044,0.00562428031116724
5101,366838,9.16435546874999,0,109,0.050000000000000044,0.017932672053575516
5102,366888,3.5337890624999977,0,50,0.050000000000000044,0.011457612738013268
5103,366954,4.891308593749997,0,66,0.050000000000000044,0.005243011750280857
5104,367136,17.716601562499985,2,182,0.050000000000000044,0.030297107994556427
5105,367253,10.515039062499998,1,117,0.050000000000000044,0.01762767694890499
5106,367354,7.667773437500001,0,101,0.050000000000000044,0.03064514324069023
5107,367466,10.348144531249995,1,112,0.050000000000000044,0.042371731251478195
5108,367529,4.830566406250001,0,63,0.050000000000000044,0.0100598419085145
5109,367558,1.6287109374999997,0,29,0.050000000000000044,0.06195443496108055
5110,367659,8.091210937500007,0,101,0.050000000000000044,0.023818623274564743
5111,367707,3.2595703125,0,48,0.050000000000000044,0.011187429539859295
5112,367762,4.0523437499999995,0,55,0.050000000000000044,0.01888718269765377
5113,367826,4.80458984375,0,64,0.050000000000000044,0.07011044025421143
5114,367934,9.092968749999994,0,108,0.050000000000000044,0.013835452497005463
5115,367976,2.7920898437500012,0,42,0.050000000000000044,0.013977214694023132
5116,368061,6.944433593749997,0,85,0.050000000000000044,0.005017578601837158
5117,368109,3.2081054687500004,0,48,0.050000000000000044,0.006039733067154884
5118,368210,8.279589843750006,0,101,0.050000000000000044,0.1914384514093399
5119,368328,11.0724609375,1,118,0.050000000000000044,0.0030576398130506277
5120,368429,8.405761718750004,0,101,0.050000000000000044,0.19549165666103363
5121,368497,5.187011718750001,0,68,0.050000000000000044,0.009276977740228176
5122,368598,8.351757812499992,0,101,0.050000000000000044,0.01165168546140194
5123,368699,8.453320312499994,0,101,0.050000000000000044,0.24592792987823486
5124,368770,5.427492187917235,0,71,0.050000000000000044,0.004359062761068344
5125,369025,27.014355468750015,4,255,0.050000000000000044,0.004546123556792736
5126,369126,8.003613281249999,0,101,0.050000000000000044,0.019023004919290543
5127,369163,2.3686523437499996,0,37,0.050000000000000044,0.12655137479305267
5128,369264,8.59208984375,0,101,0.050000000000000044,0.006691132206469774
5129,369586,35.715820312499964,6,322,0.050000000000000044,0.006661273073405027
5130,369834,26.529101562499953,4,248,0.050000000000000044,0.21233652532100677
5131,369935,8.396874999999998,0,101,0.050000000000000044,0.013390135020017624
5132,370072,12.934960937499987,1,137,0.050000000000000044,0.004969606176018715
5133,370209,12.955957031249998,1,137,0.050000000000000044,0.19522887468338013
5134,370310,8.320410156250004,0,101,0.050000000000000044,0.010101944208145142
5135,370528,22.710449218749993,3,218,0.050000000000000044,0.0026450813747942448
5136,370665,13.169238281250005,1,137,0.050000000000000044,0.0038607819005846977
5137,370778,10.791699218749997,1,113,0.050000000000000044,0.076521135866642
5138,370828,3.424511718749999,0,50,0.050000000000000044,0.0059867920354008675
5139,371076,26.87792968749998,4,248,0.050000000000000044,0.009578581899404526
5140,371181,8.695312500000002,0,105,0.050000000000000044,0.006463628727942705
5141,371224,2.8356445312500003,0,43,0.050000000000000044,0.5508727431297302
5142,371361,12.998242187499995,1,137,0.050000000000000044,0.18964025378227234
5143,371462,8.167480468749993,0,101,0.050000000000000044,0.004835532978177071
5144,371570,8.8046875,0,108,0.050000000000000044,0.03189193829894066
5145,371678,9.201660156250004,0,108,0.050000000000000044,0.15776017308235168
5146,371826,14.985546875000013,2,148,0.050000000000000044,0.002987328451126814
5147,372036,21.833886718749987,3,210,0.050000000000000044,0.17674003541469574
5148,372137,8.46318359375,0,101,0.050000000000000044,0.19503475725650787
5149,372347,21.78896484374998,3,210,0.050000000000000044,0.004046523943543434
5150,372390,2.9817890629172332,0,43,0.050000000000000044,0.016769031062722206
5151,372497,8.837792968749998,0,107,0.050000000000000044,0.06642422080039978
5152,372600,8.451562500000005,0,103,0.050000000000000044,0.008756509982049465
5153,372737,12.633886718750013,1,137,0.050000000000000044,0.01261877827346325
5154,372848,9.306152343749993,0,111,0.050000000000000044,0.0062181586399674416
5155,372987,12.795605468750004,1,139,0.050000000000000044,0.006545786280184984
5156,373088,8.405957031249997,0,101,0.050000000000000044,0.008449838496744633
5157,373139,3.5062031254172323,0,51,0.050000000000000044,0.0076616075821220875
5158,373276,12.884179687500005,1,137,0.050000000000000044,0.00713605061173439
5159,373413,12.680664062500007,1,137,0.050000000000000044,0.009094610810279846
5160,373550,13.012988281249992,1,137,0.050000000000000044,0.0055027552880346775
5161,373760,22.17988281250002,3,210,0.050000000000000044,0.16837942600250244
5162,373861,8.040820312500005,0,101,0.050000000000000044,0.0339527502655983
5163,374011,15.065429687500004,2,150,0.050000000000000044,0.19787205755710602
5164,374148,12.609179687499996,1,137,0.050000000000000044,0.21005643904209137
5165,374249,8.455859375,0,101,0.050000000000000044,0.02030026726424694
5166,374386,12.700878906249999,1,137,0.050000000000000044,0.010430018417537212
5167,374560,17.43222656250001,2,174,0.050000000000000044,0.03381619229912758
5168,374665,8.830468750000005,0,105,0.050000000000000044,0.10854082554578781
5169,374802,13.11074218749999,1,137,0.050000000000000044,0.005287487991154194
5170,374976,17.508984375000004,2,174,0.050000000000000044,0.18130241334438324
5171,375077,8.324316406249997,0,101,0.050000000000000044,0.006796889938414097
5172,375251,17.34121093750002,2,174,0.050000000000000044,0.011794268153607845
5173,375461,22.214257812499977,3,210,0.050000000000000044,0.006699341349303722
5174,375562,7.748730468750008,0,101,0.050000000000000044,0.007984940893948078
5175,375716,15.424414062500002,2,154,0.050000000000000044,0.016359999775886536
5176,376000,31.02958984374996,5,284,0.050000000000000044,0.025913776829838753
5177,376119,11.451464843750003,1,119,0.050000000000000044,0.03333557769656181
5178,376293,17.51611328124999,2,174,0.050000000000000044,0.05392289161682129
5179,376627,37.562109374999984,7,334,0.050000000000000044,0.016960013657808304
5180,376698,5.505468750000003,0,71,0.050000000000000044,0.004560690373182297
5181,376845,13.94042968749999,1,147,0.050000000000000044,0.22226163744926453
5182,376992,14.063085937499999,1,147,0.050000000000000044,0.01685691811144352
5183,377129,12.818359374999996,1,137,0.050000000000000044,0.053001731634140015
5184,377242,10.726855468750006,1,113,0.050000000000000044,0.0037556071765720844
5185,377363,11.299902343749993,1,121,0.050000000000000044,0.17636452615261078
5186,377475,10.532128906249994,1,112,0.050000000000000044,0.011147872544825077
5187,377576,8.568750000000001,0,101,0.050000000000000044,0.01229806151241064
5188,377677,8.396679687499997,0,101,0.050000000000000044,0.005894477013498545
5189,377816,13.247265625000002,1,139,0.050000000000000044,0.012905159033834934
5190,377971,15.825781249999995,2,155,0.050000000000000044,0.003991373814642429
5191,378085,10.577050781250012,1,114,0.050000000000000044,0.014777470380067825
5192,378277,20.40156249999997,3,192,0.050000000000000044,0.004411710426211357
5193,378356,6.182910156250006,0,79,0.050000000000000044,0.17197450995445251
5194,378477,11.49765625000001,1,121,0.050000000000000044,0.37654829025268555
5195,378558,6.311523437499998,0,81,0.050000000000000044,0.0026527110021561384
5196,378626,5.170605468750001,0,68,0.050000000000000044,0.012971725314855576
5197,378779,15.277246093750005,2,153,0.050000000000000044,0.005334015004336834
5198,378880,8.568652343750005,0,101,0.050000000000000044,0.00857181753963232
5199,378950,5.41806640625,0,70,0.050000000000000044,0.195200115442276
5200,379057,8.742675781250009,0,107,0.050000000000000044,0.017237426713109016
5201,379175,11.232128906249992,1,118,0.050000000000000044,0.004644211381673813
5202,379211,2.0719726562500003,0,36,0.050000000000000044,0.0123828686773777
5203,379312,8.695898437499995,0,101,0.050000000000000044,0.020917728543281555
5204,379449,12.669042968750002,1,137,0.050000000000000044,0.0032133827917277813
5205,379593,13.603613281249995,1,144,0.050000000000000044,0.003261734964326024
5206,379696,8.787695312500006,0,103,0.050000000000000044,0.010566514916718006
5207,379833,13.127246093750015,1,137,0.050000000000000044,0.005026279948651791
5208,379865,1.9594257816672327,0,32,0.050000000000000044,0.007163248956203461
5209,379945,6.248535156249998,0,80,0.050000000000000044,0.1980053037405014
5210,380046,8.171972656249995,0,101,0.050000000000000044,0.004376810975372791
5211,380241,20.908496093749985,3,195,0.050000000000000044,0.0077556585893034935
5212,380286,3.1616718754172313,0,45,0.050000000000000044,0.02118280529975891
5213,380318,1.9571796879172316,0,32,0.050000000000000044,0.02655692584812641
5214,380455,12.914355468750003,1,137,0.050000000000000044,0.013792406767606735
5215,380573,11.30732421875001,1,118,0.050000000000000044,0.006392116658389568
5216,380717,13.76328124999999,1,144,0.050000000000000044,0.027123283594846725
5217,380891,17.510546875000017,2,174,0.050000000000000044,0.006177165079861879
5218,380993,8.559179687500002,0,102,0.050000000000000044,0.008822130039334297
5219,381094,8.462499999999991,0,101,0.050000000000000044,0.005105308722704649
5220,381195,8.545898437500004,0,101,0.050000000000000044,0.1831876039505005
5221,381296,8.283007812499994,0,101,0.050000000000000044,0.19960112869739532
5222,381397,8.066406250000002,0,101,0.050000000000000044,0.010955596342682838
5223,381506,9.004492187499999,0,109,0.050000000000000044,0.021165205165743828
5224,381623,11.181152343750004,1,117,0.050000000000000044,0.0022612714674323797
5225,381760,12.941406250000004,1,137,0.050000000000000044,0.005274860188364983
5226,381934,17.31767578125,2,174,0.050000000000000044,0.1967751383781433
5227,382035,8.453515625000001,0,101,0.050000000000000044,0.06981442123651505
5228,382136,8.345703125000004,0,101,0.050000000000000044,0.0025713120121508837
5229,382237,8.558105468749995,0,101,0.050000000000000044,0.00523949321359396
5230,382338,8.701171874999995,0,101,0.050000000000000044,0.03429872915148735
5231,382449,9.520312500000012,0,111,0.050000000000000044,0.026640743017196655
5232,382641,20.36611328124999,3,192,0.050000000000000044,0.007256317883729935
5233,382780,12.988769531250007,1,139,0.050000000000000044,0.01597394049167633
5234,382881,8.374023437499998,0,101,0.050000000000000044,0.010820758529007435
5235,382982,7.6095703125000025,0,101,0.050000000000000044,0.18935953080654144
5236,383098,11.183593750000002,1,116,0.050000000000000044,0.17893767356872559
5237,383199,8.458886718750001,0,101,0.050000000000000044,0.004267001524567604
5238,383316,11.234375000000005,1,117,0.050000000000000044,0.006550346035510302
5239,383431,10.740234375000007,1,115,0.050000000000000044,0.04421732574701309
5240,383569,13.108105468750011,1,138,0.050000000000000044,0.0037942214403301477
5241,383670,8.050292968750002,0,101,0.050000000000000044,0.10747773200273514
5242,383771,8.411816406249988,0,101,0.050000000000000044,0.22062274813652039
5243,383872,8.654492187499995,0,101,0.050000000000000044,0.19775521755218506
5244,383935,4.9492187500000036,0,63,0.050000000000000044,0.004709378816187382
5245,384036,8.35244140625,0,101,0.050000000000000044,0.007233752869069576
5246,384137,8.486816406249996,0,101,0.050000000000000044,0.00572687154635787
5247,384347,22.169140625000033,3,210,0.050000000000000044,0.1561667025089264
5248,384484,13.309472656250007,1,137,0.050000000000000044,0.018252244219183922
5249,384585,8.672460937500007,0,101,0.050000000000000044,0.0012810094049200416
5250,384686,8.574902343749994,0,101,0.050000000000000044,0.010414090938866138
5251,384787,8.769140625000002,0,101,0.050000000000000044,0.011780720204114914
5252,384888,8.693554687500002,0,101,0.050000000000000044,0.010755151510238647
5253,384990,8.46513671874999,0,102,0.050000000000000044,0.19042865931987762
5254,385091,8.664257812500004,0,101,0.050000000000000044,0.1962069571018219
5255,385192,8.551269531250004,0,101,0.050000000000000044,0.00282296072691679
5256,385366,17.565820312500026,2,174,0.050000000000000044,0.017015133053064346
5257,385517,15.47324218750001,2,151,0.050000000000000044,0.022396676242351532
5258,385581,5.009863281250007,0,64,0.050000000000000044,0.0026330514810979366
5259,385682,8.665820312500001,0,101,0.050000000000000044,0.016569392755627632
5260,385835,15.584570312500016,2,153,0.050000000000000044,0.011751517653465271
5261,385955,11.458007812500004,1,120,0.050000000000000044,0.016722537577152252
5262,386056,8.548828125000002,0,101,0.050000000000000044,0.006835490465164185
5263,386166,9.33447265625,0,110,0.050000000000000044,0.022139225155115128
5264,386340,17.51972656249999,2,174,0.050000000000000044,0.2042161375284195
5265,386441,8.474902343749996,0,101,0.050000000000000044,0.00416930066421628
5266,386553,10.661230468749997,1,112,0.050000000000000044,0.027934378013014793
5267,386710,15.845605468750001,2,157,0.050000000000000044,0.2069488912820816
5268,386861,15.629101562499997,2,151,0.050000000000000044,0.01642743870615959
5269,386965,8.840039062499997,0,104,0.050000000000000044,0.39023637771606445
5270,387139,17.70810546875001,2,174,0.050000000000000044,0.010153114795684814
5271,387240,8.688964843749996,0,101,0.050000000000000044,0.20378121733665466
5272,387341,8.58671875,0,101,0.050000000000000044,0.20780792832374573
5273,387458,11.013867187499997,1,117,0.050000000000000044,0.021852897480130196
5274,387668,21.91298828124997,3,210,0.050000000000000044,0.0104659553617239
5275,387806,13.256933593750007,1,138,0.050000000000000044,0.13796722888946533
5276,388025,23.181054687499994,3,219,0.050000000000000044,0.004361079540103674
5277,388078,3.822265625,0,53,0.050000000000000044,0.0072477576322853565
5278,388185,9.193359374999986,0,107,0.050000000000000044,0.14132572710514069
5279,388286,8.612792968750002,0,101,0.050000000000000044,0.014080120250582695
5280,388367,6.538476562499999,0,81,0.050000000000000044,0.0028344914317131042
5281,388504,13.095410156250011,1,137,0.050000000000000044,0.19756712019443512
5282,388605,8.499804687499996,0,101,0.050000000000000044,0.009478016756474972
5283,388706,8.60302734375,0,101,0.050000000000000044,0.0259455107152462
5284,388817,9.388769531249999,0,111,0.050000000000000044,0.007860391400754452
5285,388922,8.75185546875,0,105,0.050000000000000044,0.006362279877066612
5286,389132,22.21777343749999,3,210,0.050000000000000044,0.003204480977728963
5287,389269,13.215820312499988,1,137,0.050000000000000044,0.17324499785900116
5288,389479,22.238671874999998,3,210,0.050000000000000044,0.002189074642956257
5289,389580,8.72919921874999,0,101,0.050000000000000044,0.015435620211064816
5290,389673,7.606445312500002,0,93,0.050000000000000044,0.0068017784506082535
5291,389774,8.635644531250009,0,101,0.050000000000000044,0.01359692681580782
5292,389887,10.718359374999993,1,113,0.050000000000000044,0.002647153800353408
5293,390024,13.06718749999999,1,137,0.050000000000000044,0.009845259599387646
5294,390198,17.622363281250014,2,174,0.050000000000000044,0.0028840145096182823
5295,390372,17.650488281249995,2,174,0.050000000000000044,0.398238867521286
5296,390474,8.71220703125,0,102,0.050000000000000044,0.023116711527109146
5297,390586,10.609179687500001,1,112,0.050000000000000044,0.007898643612861633
5298,390723,13.163769531250013,1,137,0.050000000000000044,0.3180606961250305
5299,390860,12.975976562500007,1,137,0.050000000000000044,0.004347831476479769
5300,391111,27.408496093749992,4,251,0.050000000000000044,0.008970707654953003
5301,391217,9.142578124999998,0,106,0.050000000000000044,0.009644657373428345
5302,391354,13.064746093749996,1,137,0.050000000000000044,0.0020337041933089495
5303,391455,8.630468749999995,0,101,0.050000000000000044,0.002350980881601572
5304,391557,8.315820312500005,0,102,0.050000000000000044,0.006501991301774979
5305,391731,17.7787109375,2,174,0.050000000000000044,0.2010211944580078
5306,391832,8.394042968749998,0,101,0.050000000000000044,0.018820494413375854
5307,391940,9.294726562499994,0,108,0.050000000000000044,0.008024944923818111
5308,392041,8.605761718750003,0,101,0.050000000000000044,0.0063932472839951515
5309,392215,17.38730468750002,2,174,0.050000000000000044,0.012183652259409428
5310,392316,8.336523437500006,0,101,0.050000000000000044,0.1946810930967331
5311,392417,8.134570312500003,0,101,0.050000000000000044,0.008806145749986172
5312,392518,8.688378906250003,0,101,0.050000000000000044,0.011531215161085129
5313,392583,4.936523437500002,0,65,0.050000000000000044,0.018969682976603508
5314,392757,17.49628906249998,2,174,0.050000000000000044,0.004026922397315502
5315,392840,6.681738281249997,0,83,0.050000000000000044,0.20194143056869507
5316,393014,17.61630859375,2,174,0.050000000000000044,0.02806592360138893
5317,393091,6.010546874999999,0,77,0.050000000000000044,0.08507800847291946
5318,393228,12.966992187499986,1,137,0.050000000000000044,0.016497045755386353
5319,393329,8.36562499999999,0,101,0.050000000000000044,0.01059697475284338
5320,393477,14.933593749999993,2,148,0.050000000000000044,0.19052599370479584
5321,393578,8.168261718749998,0,101,0.050000000000000044,0.009904496371746063
5322,393788,22.102929687499973,3,210,0.050000000000000044,0.011070992797613144
5323,393889,8.39091796874999,0,101,0.050000000000000044,0.013769607990980148
5324,394033,13.667089843749988,1,144,0.050000000000000044,0.03472023829817772
5325,394095,4.627832031250002,0,62,0.050000000000000044,0.003739728592336178
5326,394196,8.559667968749991,0,101,0.050000000000000044,0.00794113241136074
5327,394280,6.778417968750001,0,84,0.050000000000000044,0.028572866693139076
5328,394454,17.5982421875,2,174,0.050000000000000044,0.017814991995692253
5329,394555,8.542285156250001,0,101,0.050000000000000044,0.007280167657881975
5330,394656,8.48544921875,0,101,0.050000000000000044,0.013016692362725735
5331,394830,17.63564453125001,2,174,0.050000000000000044,0.2161942720413208
5332,395004,17.86054687500001,2,174,0.050000000000000044,0.002475232584401965
5333,395070,4.84072265625,0,66,0.050000000000000044,0.01796390861272812
5334,395140,5.267675781250001,0,70,0.050000000000000044,0.034191299229860306
5335,395241,8.112011718750004,0,101,0.050000000000000044,0.006942447740584612
5336,395343,8.36513671875,0,102,0.050000000000000044,0.005702158901840448
5337,395531,19.697656249999994,3,188,0.050000000000000044,0.006654946133494377
5338,395668,12.976074218750002,1,137,0.050000000000000044,0.004649938549846411
5339,395769,7.982421874999998,0,101,0.050000000000000044,0.01743943803012371
5340,395882,10.605175781250004,1,113,0.050000000000000044,0.0029637874104082584
5341,396019,12.889160156249998,1,137,0.050000000000000044,0.014260385185480118
5342,396126,9.283496093750001,0,107,0.050000000000000044,0.005550378002226353
5343,396227,8.081347656249996,0,101,0.050000000000000044,0.008507768623530865
5344,396401,17.795117187500022,2,174,0.050000000000000044,0.018197447061538696
5345,396502,8.003808593750009,0,101,0.050000000000000044,0.008040069602429867
5346,396566,4.883691406249998,0,64,0.050000000000000044,0.043537937104701996
5347,396676,9.452246093749993,0,110,0.050000000000000044,0.19634708762168884
5348,396818,13.386425781249999,1,142,0.050000000000000044,0.027503080666065216
5349,396939,11.607910156249996,1,121,0.050000000000000044,0.040678542107343674
5350,397046,8.735351562499995,0,107,0.050000000000000044,0.006689590867608786
5351,397098,3.69951171875,0,52,0.050000000000000044,0.008201591670513153
5352,397199,8.255371093750004,0,101,0.050000000000000044,0.004147399682551622
5353,397373,17.217089843750014,2,174,0.050000000000000044,0.08854088932275772
5354,397474,7.963281249999994,0,101,0.050000000000000044,0.012405529618263245
5355,397648,17.30390624999999,2,174,0.050000000000000044,0.06170697510242462
5356,397688,2.612890624999999,0,40,0.050000000000000044,0.01456109993159771
5357,397825,12.664062499999991,1,137,0.050000000000000044,0.004617000930011272
5358,398003,17.730273437499996,2,178,0.050000000000000044,0.08827954530715942
5359,398104,8.050195312499998,0,101,0.050000000000000044,0.027674252167344093
5360,398205,7.782226562499993,0,101,0.050000000000000044,0.3909468352794647
5361,398306,7.7890625,0,101,0.050000000000000044,0.005485260859131813
5362,398355,3.428124999999998,0,49,0.050000000000000044,0.19504928588867188
5363,398492,12.492285156250004,1,137,0.050000000000000044,0.012988721951842308
5364,398611,10.786718749999988,1,119,0.050000000000000044,0.19171199202537537
5365,398712,8.018457031250001,0,101,0.050000000000000044,0.005916273221373558
5366,398782,5.3064453125,0,70,0.050000000000000044,0.0064718397334218025
5367,398820,2.470410156249999,0,38,0.050000000000000044,0.010154577903449535
5368,398921,7.712695312499999,0,101,0.050000000000000044,0.015164431184530258
5369,399029,8.605664062500008,0,108,0.050000000000000044,0.003857067320495844
5370,399099,5.202050781250005,0,70,0.050000000000000044,0.004716726951301098
5371,399146,3.2334960937499995,0,47,0.050000000000000044,0.02243325114250183
5372,399371,24.50244140625,4,225,0.050000000000000044,0.1968919336795807
5373,399472,7.662500000000003,0,101,0.050000000000000044,0.19563870131969452
5374,399509,2.4060546875,0,37,0.050000000000000044,0.009521151892840862
5375,399610,8.09345703125,0,101,0.050000000000000044,0.039797522127628326
5376,399711,8.377441406249995,0,101,0.050000000000000044,0.1946059912443161
5377,399784,5.634179687500003,0,73,0.050000000000000044,0.017740603536367416
5378,399864,5.964648437499998,0,80,0.050000000000000044,0.004763592034578323
5379,399934,5.437597656249997,0,70,0.050000000000000044,0.1844484657049179
5380,400035,7.690136718749999,0,101,0.050000000000000044,0.0031371177174150944
5381,400080,2.831152343749999,0,45,0.050000000000000044,0.004185517318546772
5382,400116,2.107324218750001,0,36,0.050000000000000044,0.16867922246456146
5383,400183,4.746386718749999,0,67,0.050000000000000044,0.006293045356869698
5384,400223,2.3417968749999987,0,40,0.050000000000000044,0.1902484893798828
5385,400263,2.674609374999999,0,40,0.050000000000000044,0.012312470003962517
5386,400312,3.0252929687500005,0,49,0.050000000000000044,0.04793103039264679
5387,400365,3.7466796874999995,0,53,0.050000000000000044,0.0133412666618824
5388,400406,2.7068359374999993,0,41,0.050000000000000044,0.01778825744986534
5389,400493,6.487499999999999,0,87,0.050000000000000044,0.014614593237638474
5390,400594,7.916503906250005,0,101,0.050000000000000044,0.018321514129638672
5391,400695,7.997949218750007,0,101,0.050000000000000044,0.009460054337978363
5392,400735,2.3940429687500004,0,40,0.050000000000000044,0.008360626175999641
5393,400853,10.607031249999997,1,118,0.050000000000000044,0.023562708869576454
5394,400918,4.293652343749999,0,65,0.050000000000000044,0.009928902611136436
5395,400952,2.0872070312499993,0,34,0.050000000000000044,0.006544650997966528
5396,401053,8.044042968749999,0,101,0.050000000000000044,0.007392138708382845
5397,401106,3.787597656249999,0,53,0.050000000000000044,0.19725580513477325
5398,401148,2.4983398437499997,0,42,0.050000000000000044,0.21076789498329163
5399,401249,7.330664062500002,0,101,0.050000000000000044,0.02431228756904602
5400,401283,2.0169921875,0,34,0.050000000000000044,0.004850073251873255
5401,401384,7.838671875000006,0,101,0.050000000000000044,0.032483622431755066
5402,401521,12.612304687500012,1,137,0.050000000000000044,0.01832401007413864
5403,401558,2.32421875,0,37,0.050000000000000044,0.003804013831540942
5404,401651,6.624218750000005,0,93,0.050000000000000044,0.03693295642733574
5405,401726,5.458496093750003,0,75,0.050000000000000044,0.20240209996700287
5406,401827,8.343261718750004,0,101,0.050000000000000044,0.386698454618454
5407,401889,4.326171875000001,0,62,0.050000000000000044,0.004264424555003643
5408,401943,3.42451171875,0,54,0.050000000000000044,0.004414037801325321
5409,402044,8.249609375,0,101,0.050000000000000044,0.008744724094867706
5410,402073,1.5134765625000006,0,29,0.050000000000000044,0.015198169276118279
5411,402226,15.28203125,2,153,0.050000000000000044,0.008222609758377075
5412,402286,4.314746093749998,0,60,0.050000000000000044,0.3769267797470093
5413,402423,12.23681640624999,1,137,0.050000000000000044,0.0032831754069775343
5414,402560,12.785644531249996,1,137,0.050000000000000044,0.004314003977924585
5415,402603,2.8743164062499993,0,43,0.050000000000000044,0.21990980207920074
5416,402701,6.9093749999999945,0,98,0.050000000000000044,0.09845230728387833
5417,402731,1.6902343750000006,0,30,0.050000000000000044,0.045755065977573395
5418,402868,12.350488281250023,1,137,0.050000000000000044,0.25712135434150696
5419,402969,7.25205078125,0,101,0.050000000000000044,0.004417896270751953
5420,403070,7.77939453125,0,101,0.050000000000000044,0.19350171089172363
5421,403135,4.427246093749997,0,65,0.050000000000000044,0.014939909800887108
5422,403228,7.192089843750001,0,93,0.050000000000000044,0.005160685628652573
5423,403340,10.418261718750003,1,112,0.050000000000000044,0.20223738253116608
5424,403382,2.7877929687500007,0,42,0.050000000000000044,0.017482982948422432
5425,403483,8.318066406249999,0,101,0.050000000000000044,0.015857137739658356
5426,403620,12.976464843749993,1,137,0.050000000000000044,0.022644029930233955
5427,403771,15.144921875000005,2,151,0.050000000000000044,0.008898630738258362
5428,403829,4.2210937500000005,0,58,0.050000000000000044,0.018782269209623337
5429,403930,8.257910156250004,0,101,0.050000000000000044,0.029766399413347244
5430,403964,2.027734375,0,34,0.050000000000000044,0.0027913341764360666
5431,404065,8.084570312500006,0,101,0.050000000000000044,0.0026873983442783356
5432,404150,6.550683593749997,0,85,0.050000000000000044,0.015725787729024887
5433,404221,5.323339843749999,0,71,0.050000000000000044,0.004614435136318207
5434,404322,7.255761718750007,0,101,0.050000000000000044,0.1805308610200882
5435,404459,12.973144531250005,1,137,0.050000000000000044,0.17815019190311432
5436,404560,7.759277343750002,0,101,0.050000000000000044,0.19728927314281464
5437,404661,8.320019531249997,0,101,0.050000000000000044,0.005099658388644457
5438,404814,15.628027343750006,2,153,0.050000000000000044,0.15086475014686584
5439,404894,5.9873046875,0,80,0.050000000000000044,0.2101750671863556
5440,404995,8.487988281249999,0,101,0.050000000000000044,0.009973324835300446
5441,405177,18.355078125000006,2,182,0.050000000000000044,0.017177321016788483
5442,405278,7.9263671875,0,101,0.050000000000000044,0.16706104576587677
5443,405372,6.814550781250005,0,94,0.050000000000000044,0.01991204172372818
5444,405473,8.202050781250005,0,101,0.050000000000000044,0.024169987067580223
5445,405574,8.310546874999998,0,101,0.050000000000000044,0.25294235348701477
5446,405642,5.260742187499999,0,68,0.050000000000000044,0.19525647163391113
5447,405816,17.256640625000014,2,174,0.050000000000000044,0.011885800398886204
5448,405870,3.6665039062499982,0,54,0.050000000000000044,0.005267012864351273
5449,405925,4.001464843750001,0,55,0.050000000000000044,0.006484351120889187
5450,405967,2.83359375,0,42,0.050000000000000044,0.0069581312127411366
5451,406068,8.0140625,0,101,0.050000000000000044,0.02116839773952961
5452,406169,8.205273437500004,0,101,0.050000000000000044,0.0023089060559868813
5453,406270,8.095800781249999,0,101,0.050000000000000044,0.006637535057961941
5454,406324,4.027734375,0,54,0.050000000000000044,0.007293852977454662
5455,406433,9.096679687499993,0,109,0.050000000000000044,0.03860996291041374
5456,406495,4.6841796875,0,62,0.050000000000000044,0.012097945436835289
5457,406632,12.69228515624999,1,137,0.050000000000000044,0.007906299084424973
5458,406707,5.863281249999999,0,75,0.050000000000000044,0.005005671177059412
5459,406757,3.4748046875000007,0,50,0.050000000000000044,0.004672763869166374
5460,406858,8.027148437499996,0,101,0.050000000000000044,0.00679421192035079
5461,406959,8.30595703125,0,101,0.050000000000000044,0.003344811499118805
5462,407097,12.692968749999991,1,138,0.050000000000000044,0.0070230732671916485
5463,407198,8.484082031250002,0,101,0.050000000000000044,0.05008680745959282
5464,407244,3.143066406250001,0,46,0.050000000000000044,0.020327255129814148
5465,407357,10.415234375000006,1,113,0.050000000000000044,0.003261338686570525
5466,407405,3.208496093749999,0,48,0.050000000000000044,0.010405993089079857
5467,407461,3.883496093749997,0,56,0.050000000000000044,0.005579191725701094
5468,407562,8.5095703125,0,101,0.050000000000000044,0.1854945719242096
5469,407683,11.505664062499996,1,121,0.050000000000000044,0.004969187080860138
5470,407784,8.145703124999997,0,101,0.050000000000000044,0.03488629311323166
5471,407994,22.029003906249983,3,210,0.050000000000000044,0.004041107837110758
5472,408095,8.210449218750009,0,101,0.050000000000000044,0.37667033076286316
5473,408196,8.369433593749994,0,101,0.050000000000000044,0.18180789053440094
5474,408370,17.391015625000012,2,174,0.050000000000000044,0.0014303855132311583
5475,408508,13.135546875000024,1,138,0.050000000000000044,0.006098235957324505
5476,408662,15.462304687500001,2,154,0.050000000000000044,0.27832743525505066
5477,408799,13.323828124999999,1,137,0.050000000000000044,0.0010566569399088621
5478,408843,3.051222656667231,0,44,0.050000000000000044,0.09850863367319107
5479,408959,10.922949218750007,1,116,0.050000000000000044,0.013317661359906197
5480,408991,1.9299335941672333,0,32,0.050000000000000044,0.006011206191033125
5481,409092,7.796582031250004,0,101,0.050000000000000044,0.0027570240199565887
5482,409302,21.94765625,3,210,0.050000000000000044,0.0064577702432870865
5483,409403,8.436230468749997,0,101,0.050000000000000044,0.01935594528913498
5484,409540,12.86943359375001,1,137,0.050000000000000044,0.02295234613120556
5485,409645,8.860839843749996,0,105,0.050000000000000044,0.004733261652290821
5486,409782,12.872070312500007,1,137,0.050000000000000044,0.20817117393016815
5487,409919,12.889843749999995,1,137,0.050000000000000044,0.004668314475566149
5488,410137,22.76865234374999,3,218,0.050000000000000044,0.011143727228045464
5489,410326,20.231933593750014,3,189,0.050000000000000044,0.004116055555641651
5490,410574,26.82685546874998,4,248,0.050000000000000044,0.013784509152173996
5491,410695,11.664746093750004,1,121,0.050000000000000044,0.003128627547994256
5492,410815,11.357031250000004,1,120,0.050000000000000044,0.0016556866466999054
5493,411034,23.0958984375,3,219,0.050000000000000044,0.19010622799396515
5494,411135,8.642773437499995,0,101,0.050000000000000044,0.013046498410403728
5495,411236,8.56513671875,0,101,0.050000000000000044,0.003023076569661498
5496,411389,15.673828125000004,2,153,0.050000000000000044,0.016368867829442024
5497,411505,10.869921874999992,1,116,0.050000000000000044,0.012707548215985298
5498,411796,31.91757812499999,5,291,0.050000000000000044,0.006495410110801458
5499,411897,8.493164062499996,0,101,0.050000000000000044,0.040148697793483734
5500,411998,8.384570312499996,0,101,0.050000000000000044,0.3988637626171112
5501,412172,17.394335937499996,2,174,0.050000000000000044,0.005797169171273708
5502,412402,24.655761718750025,4,230,0.050000000000000044,0.0031097515020519495
5503,412510,9.051171875000003,0,108,0.050000000000000044,0.40332892537117004
5504,412647,13.090332031249998,1,137,0.050000000000000044,0.06429371237754822
5505,412748,8.267480468749994,0,101,0.050000000000000044,0.0024069901555776596
5506,412866,11.013867187500002,1,118,0.050000000000000044,0.002677417825907469
5507,413060,20.450195312499982,3,194,0.050000000000000044,0.010290995240211487
5508,413181,11.423828125000004,1,121,0.050000000000000044,0.008236348628997803
5509,413282,8.572558593750001,0,101,0.050000000000000044,0.0049591464921832085
5510,413504,24.16484375,4,222,0.050000000000000044,0.20368407666683197
5511,413609,8.95615234375,0,105,0.050000000000000044,0.0029790373519062996
5512,413783,17.671289062500005,2,174,0.050000000000000044,0.007234485819935799
5513,413898,10.87714843750001,1,115,0.050000000000000044,0.02708890661597252
5514,414014,10.825390624999997,1,116,0.050000000000000044,0.09503507614135742
5515,414131,10.97187499999999,1,117,0.050000000000000044,0.20329880714416504
5516,414360,24.846972656249974,4,229,0.050000000000000044,0.007825908251106739
5517,414461,8.500683593750013,0,101,0.050000000000000044,0.01009672973304987
5518,414578,10.99960937499999,1,117,0.050000000000000044,0.004265317693352699
5519,414697,11.169335937499994,1,119,0.050000000000000044,0.002332470379769802
5520,414815,10.93505859375,1,118,0.050000000000000044,0.012309474870562553
5521,414928,10.558984374999993,1,113,0.050000000000000044,0.013933077454566956
5522,415029,8.048339843750009,0,101,0.050000000000000044,0.001915185828693211
5523,415130,8.651757812499998,0,101,0.050000000000000044,0.18333563208580017
5524,415276,13.880957031249997,1,146,0.050000000000000044,0.0033378840889781713
5525,415421,13.721289062500002,1,145,0.050000000000000044,0.02254834957420826
5526,415558,12.808691406249986,1,137,0.050000000000000044,0.003488197224214673
5527,415675,11.125488281249991,1,117,0.050000000000000044,0.0009577675373293459
5528,415776,8.274999999999997,0,101,0.050000000000000044,0.002788771875202656
5529,415930,15.71728515625,2,154,0.050000000000000044,0.20723691582679749
5530,416067,12.89033203125,1,137,0.050000000000000044,0.19092202186584473
5531,416105,2.3990234374999995,0,38,0.050000000000000044,0.0074419123120605946
5532,416242,12.782910156249999,1,137,0.050000000000000044,0.01227464061230421
5533,416427,18.22451171875001,2,185,0.050000000000000044,0.0074758268892765045
5534,416528,8.199609375,0,101,0.050000000000000044,0.0430435836315155
5535,416702,17.485156250000003,2,174,0.050000000000000044,0.001170652569271624
5536,416924,24.366210937499982,4,222,0.050000000000000044,0.005162284709513187
5537,417098,17.433300781250004,2,174,0.050000000000000044,0.19203677773475647
5538,417199,8.172265624999998,0,101,0.050000000000000044,0.011543373577296734
5539,417300,8.412207031249997,0,101,0.050000000000000044,0.21562930941581726
5540,417437,12.805859374999986,1,137,0.050000000000000044,0.011844342574477196
5541,417548,9.3765625,0,111,0.050000000000000044,0.22300368547439575
5542,417685,12.991992187500001,1,137,0.050000000000000044,0.011912287212908268
5543,417786,8.13486328125,0,101,0.050000000000000044,0.10135509818792343
5544,417940,15.856347656249998,2,154,0.050000000000000044,0.012497441843152046
5545,418082,13.337597656249995,1,142,0.050000000000000044,0.007305717095732689
5546,418183,8.554296875000006,0,101,0.050000000000000044,0.013479859568178654
5547,418284,8.535156249999996,0,101,0.050000000000000044,0.0028511593118309975
5548,418385,8.153320312500002,0,101,0.050000000000000044,0.005981987342238426
5549,418496,9.483300781249998,0,111,0.050000000000000044,0.003224695334210992
5550,418652,15.758593749999985,2,156,0.050000000000000044,0.4107588827610016
5551,418789,12.74033203124999,1,137,0.050000000000000044,0.014035750180482864
5552,418890,8.271777343750003,0,101,0.050000000000000044,0.027248414233326912
5553,418991,8.245703124999999,0,101,0.050000000000000044,0.022255726158618927
5554,419128,12.855175781250004,1,137,0.050000000000000044,0.005788939539343119
5555,419265,12.938085937500002,1,137,0.050000000000000044,0.02569342404603958
5556,419402,12.582812500000005,1,137,0.050000000000000044,0.18017229437828064
5557,419503,8.209277343750003,0,101,0.050000000000000044,0.19380487501621246
5558,419604,8.3162109375,0,101,0.050000000000000044,0.07651793211698532
5559,419741,12.930566406250009,1,137,0.050000000000000044,0.03088318184018135
5560,419878,12.588183593750008,1,137,0.050000000000000044,0.003136984072625637
5561,420015,12.923144531249989,1,137,0.050000000000000044,0.20512956380844116
5562,420116,8.175,0,101,0.050000000000000044,0.006178852170705795
5563,420290,17.74570312499999,2,174,0.050000000000000044,0.01909760944545269
5564,420464,17.721875000000004,2,174,0.050000000000000044,0.00659722276031971
5565,420601,13.065820312499996,1,137,0.050000000000000044,0.012527508661150932
5566,420702,8.522753906250005,0,101,0.050000000000000044,0.005094381049275398
5567,420876,17.55888671875,2,174,0.050000000000000044,0.12004411220550537
5568,420977,8.351171874999999,0,101,0.050000000000000044,0.009844610467553139
5569,421040,4.725292968750003,0,63,0.050000000000000044,0.014597732573747635
5570,421096,4.16337890625,0,56,0.050000000000000044,0.0815410390496254
5571,421197,8.383789062500012,0,101,0.050000000000000044,0.04990210384130478
5572,421289,7.437011718749998,0,92,0.050000000000000044,0.1981275975704193
5573,421405,10.379980468750004,1,116,0.050000000000000044,0.7712873220443726
5574,421439,2.0966796875,0,34,0.050000000000000044,0.005008385516703129
5575,421613,17.41562500000001,2,174,0.050000000000000044,0.004689473658800125
5576,421803,20.042578124999988,3,190,0.050000000000000044,0.012819514609873295
5577,421903,8.188867187500005,0,100,0.050000000000000044,0.002050050999969244
5578,422004,8.513671875000007,0,101,0.050000000000000044,0.00688167754560709
5579,422105,8.250195312500008,0,101,0.050000000000000044,0.1926756501197815
5580,422206,8.508789062499995,0,101,0.050000000000000044,0.39963605999946594
5581,422343,13.030468750000008,1,137,0.050000000000000044,0.02648930624127388
5582,422444,8.553222656249993,0,101,0.050000000000000044,0.194085493683815
5583,422545,8.568066406249994,0,101,0.050000000000000044,0.007063097320497036
5584,422646,8.363574218750001,0,101,0.050000000000000044,0.19156718254089355
5585,422754,8.90166015625,0,108,0.050000000000000044,0.008201554417610168
5586,422855,8.493261718749999,0,101,0.050000000000000044,0.014127026312053204
5587,422964,9.291406249999994,0,109,0.050000000000000044,0.018459338694810867
5588,423101,12.969726562500009,1,137,0.050000000000000044,0.27386507391929626
5589,423202,8.477148437499999,0,101,0.050000000000000044,0.20206154882907867
5590,423339,12.975292968749988,1,137,0.050000000000000044,0.017578892409801483
5591,423440,8.485156249999998,0,101,0.050000000000000044,0.03705199062824249
5592,423541,8.303906250000006,0,101,0.050000000000000044,0.004019861575216055
5593,423610,5.195214843750002,0,69,0.050000000000000044,0.0019569722935557365
5594,423723,10.652441406250002,1,113,0.050000000000000044,0.02080271579325199
5595,423841,11.120507812500012,1,118,0.050000000000000044,0.03891640901565552
5596,423955,10.939648437499999,1,114,0.050000000000000044,0.007544192019850016
5597,424092,13.003515625000006,1,137,0.050000000000000044,0.17285776138305664
5598,424193,8.309960937500007,0,101,0.050000000000000044,0.004606264643371105
5599,424305,10.570605468749996,1,112,0.050000000000000044,0.0036422917619347572
5600,424406,8.654980468750004,0,101,0.050000000000000044,0.014414715580642223
5601,424507,8.371875000000001,0,101,0.050000000000000044,0.04383555427193642
5602,424608,8.495410156249998,0,101,0.050000000000000044,0.010017883032560349
5603,424709,8.478808593749994,0,101,0.050000000000000044,0.18651078641414642
5604,424810,8.415722656249997,0,101,0.050000000000000044,0.23860101401805878
5605,424919,9.209375000000001,0,109,0.050000000000000044,0.1953612118959427
5606,425020,7.885351562499997,0,101,0.050000000000000044,0.008251151069998741
5607,425127,8.978906250000009,0,107,0.050000000000000044,0.022964851930737495
5608,425228,8.373632812500002,0,101,0.050000000000000044,0.2069704830646515
5609,425378,15.279589843750006,2,150,0.050000000000000044,0.20592482388019562
5610,425531,15.666406250000012,2,153,0.050000000000000044,0.0023784246295690536
5611,425651,11.424023437499983,1,120,0.050000000000000044,0.010000811889767647
5612,425752,8.154882812499986,0,101,0.050000000000000044,0.0059663401916623116
5613,425853,8.615820312499999,0,101,0.050000000000000044,0.01858501508831978
5614,425990,13.081640624999993,1,137,0.050000000000000044,0.008406825363636017
5615,426091,8.5294921875,0,101,0.050000000000000044,0.0026672906242311
5616,426207,10.98779296875,1,116,0.050000000000000044,0.007653775624930859
5617,426308,8.272460937499996,0,101,0.050000000000000044,0.0027787936851382256
5618,426409,8.392871093750003,0,101,0.050000000000000044,0.12501350045204163
5619,426546,12.858593749999992,1,137,0.050000000000000044,0.0016332591185346246
5620,426739,20.396582031250016,3,193,0.050000000000000044,0.006671103648841381
5621,426891,15.47109375000002,2,152,0.050000000000000044,0.0077278101816773415
5622,426992,8.598046874999994,0,101,0.050000000000000044,0.0043910350650548935
5623,427093,8.42392578125001,0,101,0.050000000000000044,0.0024002064019441605
5624,427194,8.54091796875001,0,101,0.050000000000000044,0.014870275743305683
5625,427295,8.598339843750008,0,101,0.050000000000000044,0.0036862543784081936
5626,427432,12.869824218749988,1,137,0.050000000000000044,0.0024413708597421646
5627,427533,8.254003906250007,0,101,0.050000000000000044,0.004336589016020298
5628,427634,8.441992187499991,0,101,0.050000000000000044,0.0037492322735488415
5629,427771,12.957910156250001,1,137,0.050000000000000044,0.001960656139999628
5630,427872,8.099414062499994,0,101,0.050000000000000044,0.4160603880882263
5631,427975,8.776953124999999,0,103,0.050000000000000044,0.0102823032066226
5632,428076,8.497070312500004,0,101,0.050000000000000044,0.1076115146279335
5633,428304,24.945214843749987,4,228,0.050000000000000044,0.009542486630380154
5634,428416,10.56103515625,1,112,0.050000000000000044,0.005785348825156689
5635,428532,10.91386718750001,1,116,0.050000000000000044,0.003103113966062665
5636,428633,7.681835937500001,0,101,0.050000000000000044,0.006067683920264244
5637,428734,7.996874999999996,0,101,0.050000000000000044,0.009249236434698105
5638,428842,9.275488281249988,0,108,0.050000000000000044,0.006950698792934418
5639,428908,4.636718750000002,0,66,0.050000000000000044,0.037322744727134705
5640,429028,11.318847656250002,1,120,0.050000000000000044,0.10090310871601105
5641,429129,8.091503906249995,0,101,0.050000000000000044,0.00641213683411479
5642,429236,8.679296874999999,0,107,0.050000000000000044,0.002580823376774788
5643,429373,12.56914062499999,1,137,0.050000000000000044,0.011373437009751797
5644,429516,13.194238281250001,1,143,0.050000000000000044,0.012524253688752651
5645,429726,21.900390625000036,3,210,0.050000000000000044,0.001558145391754806
5646,429840,10.407226562500005,1,114,0.050000000000000044,0.011001614853739738
5647,429977,12.869921874999987,1,137,0.050000000000000044,0.019169025123119354
5648,430052,5.745019531249997,0,75,0.050000000000000044,0.003057256108149886
5649,430130,5.9620117187499995,0,78,0.050000000000000044,0.008668528869748116
5650,430176,2.946777343750001,0,46,0.050000000000000044,0.014471059665083885
5651,430291,10.58466796875,1,115,0.050000000000000044,0.006135320290923119
5652,430363,5.538378906250003,0,72,0.050000000000000044,0.0057213399559259415
5653,430544,17.862207031250005,2,181,0.050000000000000044,0.0024261781945824623
5654,430682,12.577441406250003,1,138,0.050000000000000044,0.0019908626563847065
5655,430768,6.697558593750003,0,86,0.050000000000000044,0.19867999851703644
5656,430822,3.743652343749999,0,54,0.050000000000000044,0.005493886768817902
5657,430923,8.407617187499998,0,101,0.050000000000000044,0.005122730508446693
5658,430968,2.7070312499999987,0,45,0.050000000000000044,0.00904568936675787
5659,431068,7.502734375000001,0,100,0.050000000000000044,0.18899400532245636
5660,431169,8.122656250000007,0,101,0.050000000000000044,0.02862703613936901
5661,431243,5.67490234375,0,74,0.050000000000000044,0.20331218838691711
5662,431344,8.026855468750009,0,101,0.050000000000000044,0.18219193816184998
5663,431404,4.050097656250001,0,60,0.050000000000000044,0.008785001002252102
5664,431447,2.8417968749999996,0,43,0.050000000000000044,0.0038226344622671604
5665,431487,2.5464843750000004,0,40,0.050000000000000044,0.004383854102343321
5666,431519,1.90234375,0,32,0.050000000000000044,0.011509353294968605
5667,431663,13.21494140624999,1,144,0.050000000000000044,0.013959930278360844
5668,431707,2.8149414062500004,0,44,0.050000000000000044,0.010252619162201881
5669,431810,8.176074218750006,0,103,0.050000000000000044,0.14375810325145721
5670,431947,12.40341796875001,1,137,0.050000000000000044,0.0032214890234172344
5671,432063,10.323339843749997,1,116,0.050000000000000044,0.009250004775822163
5672,432164,8.209765625000003,0,101,0.050000000000000044,0.013467271812260151
5673,432270,8.333105468749997,0,106,0.050000000000000044,0.006811502389609814
5674,432346,5.733300781250002,0,76,0.050000000000000044,0.009187720715999603
5675,432378,1.7326171874999994,0,32,0.050000000000000044,0.006561590358614922
5676,432568,19.859179687500006,3,190,0.050000000000000044,0.20312628149986267
5677,432743,17.460156249999997,2,175,0.050000000000000044,0.0013141545932739973
5678,432783,2.6382812500000012,0,40,0.050000000000000044,0.1967918872833252
5679,432893,8.614160156249987,0,110,0.050000000000000044,0.025065690279006958
5680,432934,2.694433593750001,0,41,0.050000000000000044,0.38376569747924805
5681,433035,7.823046875000003,0,101,0.050000000000000044,0.003690781071782112
5682,433136,8.35859375000001,0,101,0.050000000000000044,0.2115410417318344
5683,433178,2.7998046875000013,0,42,0.050000000000000044,0.003788155969232321
5684,433279,8.231445312499996,0,101,0.050000000000000044,0.006711414083838463
5685,433348,4.88115234375,0,69,0.050000000000000044,0.011499607004225254
5686,433389,2.7247070312500017,0,41,0.050000000000000044,0.01686290092766285
5687,433449,4.411425781250001,0,60,0.050000000000000044,0.007640242576599121
5688,433555,8.398730468749994,0,106,0.050000000000000044,0.04091739282011986
5689,433589,1.9628906250000004,0,34,0.050000000000000044,0.008768048137426376
5690,433629,2.71533203125,0,40,0.050000000000000044,0.006541925482451916
5691,433671,2.8305664062499987,0,42,0.050000000000000044,0.0037765265442430973
5692,433713,2.852929687500001,0,42,0.050000000000000044,0.003702020039781928
5693,433750,2.3125976562500004,0,37,0.050000000000000044,0.011275969445705414
5694,433825,5.6875976562499995,0,75,0.050000000000000044,0.20710740983486176
5695,433893,5.1270507812499995,0,68,0.050000000000000044,0.02045324258506298
5696,433994,8.01894531249999,0,101,0.050000000000000044,0.005913929082453251
5697,434048,3.6971679687500005,0,54,0.050000000000000044,0.19871969521045685
5698,434086,2.3897460937500012,0,38,0.050000000000000044,0.0180547833442688
5699,434187,7.504003906250009,0,101,0.050000000000000044,0.20243443548679352
5700,434250,4.606152343750002,0,63,0.050000000000000044,0.008147910237312317
5701,434330,6.200292968749993,0,80,0.050000000000000044,0.08429940789937973
5702,434361,1.7727539062500002,0,31,0.050000000000000044,0.028823785483837128
5703,434397,2.2552734375,0,36,0.050000000000000044,0.09719749540090561
5704,434446,3.1377929687500004,0,49,0.050000000000000044,0.20097829401493073
5705,434508,4.378808593750002,0,62,0.050000000000000044,0.012767527252435684
5706,434583,5.618457031249999,0,75,0.050000000000000044,0.012499348260462284
5707,434647,4.729687500000001,0,64,0.050000000000000044,0.011323903687298298
5708,434690,2.7489257812499996,0,43,0.050000000000000044,0.012975700199604034
5709,434778,6.927343749999995,0,88,0.050000000000000044,0.18701009452342987
5710,434952,17.205468749999998,2,174,0.050000000000000044,0.009399134665727615
5711,435025,5.434277343749997,0,73,0.050000000000000044,0.011644148267805576
5712,435126,7.9532226562500075,0,101,0.050000000000000044,0.03413540869951248
5713,435202,5.825878906249999,0,76,0.050000000000000044,0.003955554217100143
5714,435388,19.69560546875,3,186,0.050000000000000044,0.004121962934732437
5715,435468,6.306640624999999,0,80,0.050000000000000044,0.00215425668284297
5716,435572,8.877246093750006,0,104,0.050000000000000044,0.005301371216773987
5717,435709,12.474902343749996,1,137,0.050000000000000044,0.21363474428653717
5718,435846,12.88486328125001,1,137,0.050000000000000044,0.2850303649902344
5719,435947,7.704492187500003,0,101,0.050000000000000044,0.005649805534631014
5720,436084,12.611621093750005,1,137,0.050000000000000044,0.009262625128030777
5721,436161,5.5057617187500005,0,77,0.050000000000000044,0.007201644126325846
5722,436262,8.183496093749996,0,101,0.050000000000000044,0.00709154037758708
5723,436371,9.08496093750001,0,109,0.050000000000000044,0.002160337520763278
5724,436581,21.613183593749994,3,210,0.050000000000000044,0.1882210522890091
5725,436659,5.935449218750008,0,78,0.050000000000000044,0.027196619659662247
5726,436701,2.78515625,0,42,0.050000000000000044,0.0037787766195833683
5727,436770,5.237988281249997,0,69,0.050000000000000044,0.19757618010044098
5728,436816,3.042968749999999,0,46,0.050000000000000044,0.004785963334143162
5729,436886,5.25986328125,0,70,0.050000000000000044,0.011520778760313988
5730,436994,8.559863281249996,0,108,0.050000000000000044,0.012476696632802486
5731,437131,12.611132812500019,1,137,0.050000000000000044,0.011556909419596195
5732,437276,13.411230468750013,1,145,0.050000000000000044,0.19245123863220215
5733,437539,28.74560546875001,5,263,0.050000000000000044,0.0033328451681882143
5734,437640,8.146191406250004,0,101,0.050000000000000044,0.020425457507371902
5735,437741,7.93925781249999,0,101,0.050000000000000044,0.008453642949461937
5736,437845,8.485839843749993,0,104,0.050000000000000044,0.018545769155025482
5737,437885,2.6940429687500007,0,40,0.050000000000000044,0.005334274377673864
5738,437986,8.476464843750001,0,101,0.050000000000000044,0.005468224175274372
5739,438087,7.748339843750003,0,101,0.050000000000000044,0.0057084206491708755
5740,438205,10.926562500000003,1,118,0.050000000000000044,0.01114063523709774
5741,438312,8.671191406250006,0,107,0.050000000000000044,0.014672827906906605
5742,438413,7.8992187499999975,0,101,0.050000000000000044,0.020777368918061256
5743,438476,4.424707031249999,0,63,0.050000000000000044,0.026002557948231697
5744,438529,3.9242187500000005,0,53,0.050000000000000044,0.23292279243469238
5745,438600,5.345214843750004,0,71,0.050000000000000044,0.0010754166869446635
5746,438644,2.794335937500001,0,44,0.050000000000000044,0.004288572818040848
5747,438818,17.048046875000022,2,174,0.050000000000000044,0.009013489820063114
5748,438887,5.34931640625,0,69,0.050000000000000044,0.20420803129673004
5749,439037,15.126660156250004,2,150,0.050000000000000044,0.03488321602344513
5750,439138,8.409570312499998,0,101,0.050000000000000044,0.20258991420269012
5751,439239,7.990625,0,101,0.050000000000000044,0.011684959754347801
5752,439416,17.864648437499998,2,177,0.050000000000000044,0.005472547374665737
5753,439492,5.891601562499997,0,76,0.050000000000000044,0.012207156047224998
5754,439593,7.676367187499999,0,101,0.050000000000000044,0.012063486501574516
5755,439675,6.576171875000001,0,82,0.050000000000000044,0.0028231428004801273
5756,439738,4.764648437499997,0,63,0.050000000000000044,0.009918070398271084
5757,439855,10.813281250000012,1,117,0.050000000000000044,0.006911006756126881
5758,439956,8.035156249999995,0,101,0.050000000000000044,0.20605213940143585
5759,440057,8.115332031249993,0,101,0.050000000000000044,0.020449945703148842
5760,440158,8.342480468749992,0,101,0.050000000000000044,0.004869250580668449
5761,440295,12.720800781250007,1,137,0.050000000000000044,0.004169946536421776
5762,440396,8.698242187500004,0,101,0.050000000000000044,0.0017755689332261682
5763,440453,4.1615234375,0,57,0.050000000000000044,0.005336021073162556
5764,440590,12.778320312499996,1,137,0.050000000000000044,0.18964436650276184
5765,440691,8.6455078125,0,101,0.050000000000000044,0.0060040829703211784
5766,440809,10.99912109374999,1,118,0.050000000000000044,0.0039673177525401115
5767,440910,8.090527343749995,0,101,0.050000000000000044,0.002688441425561905
5768,441084,17.132128906250006,2,174,0.050000000000000044,0.016565944999456406
5769,441235,14.923339843750009,2,151,0.050000000000000044,0.004539895802736282
5770,441308,5.695117187500005,0,73,0.050000000000000044,0.0039059482514858246
5771,441409,7.947460937499992,0,101,0.050000000000000044,0.19139514863491058
5772,441476,4.9706054687500005,0,67,0.050000000000000044,0.003455760423094034
5773,441621,13.52197265625,1,145,0.050000000000000044,0.003365903627127409
5774,441663,2.7884765625000005,0,42,0.050000000000000044,0.3996785283088684
5775,441764,7.964257812500007,0,101,0.050000000000000044,0.0025795793626457453
5776,441901,12.687890624999998,1,137,0.050000000000000044,0.040204841643571854
5777,442011,9.244140625000004,0,110,0.050000000000000044,0.005111838690936565
5778,442112,8.444726562500005,0,101,0.050000000000000044,0.23101498186588287
5779,442213,8.072460937499995,0,101,0.050000000000000044,0.0016614383785054088
5780,442290,6.156933593750001,0,77,0.050000000000000044,0.008934377692639828
5781,442357,4.8550781249999995,0,67,0.050000000000000044,0.059831563383340836
5782,442510,15.5427734375,2,153,0.050000000000000044,0.04643213748931885
5783,442612,8.146582031249997,0,102,0.050000000000000044,0.011583196930587292
5784,442713,7.895898437500005,0,101,0.050000000000000044,0.2909875512123108
5785,442903,20.251464843749993,3,190,0.050000000000000044,0.005721184890717268
5786,443004,8.270898437499993,0,101,0.050000000000000044,0.19486850500106812
5787,443047,2.9259765625,0,43,0.050000000000000044,0.012146180495619774
5788,443164,10.902734375000003,1,117,0.050000000000000044,0.2692390978336334
5789,443374,22.076074218750005,3,210,0.050000000000000044,0.0019381607417017221
5790,443443,5.330273437500002,0,69,0.050000000000000044,0.0968029648065567
5791,443580,12.478124999999988,1,137,0.050000000000000044,0.19171921908855438
5792,443681,8.007714843749996,0,101,0.050000000000000044,0.00744975358247757
5793,443757,5.976757812499999,0,76,0.050000000000000044,0.010272173210978508
5794,444020,29.489062500000003,5,263,0.050000000000000044,0.01081329956650734
5795,444104,6.650781250000004,0,84,0.050000000000000044,0.004421100486069918
5796,444261,15.808105468750004,2,157,0.050000000000000044,0.16700616478919983
5797,444435,17.407519531249985,2,174,0.050000000000000044,0.004870765842497349
5798,444548,10.492285156249999,1,113,0.050000000000000044,0.019655399024486542
5799,444758,21.575097656250005,3,210,0.050000000000000044,0.006964698433876038
5800,444807,3.52099609375,0,49,0.050000000000000044,0.24641485512256622
5801,444944,12.495019531249998,1,137,0.050000000000000044,0.3681158721446991
5802,445001,3.96796875,0,57,0.050000000000000044,0.004570230841636658
5803,445120,10.883105468750001,1,119,0.050000000000000044,0.008336782455444336
5804,445207,6.695507812500002,0,87,0.050000000000000044,0.0036364831030368805
5805,445247,2.6454101562499996,0,40,0.050000000000000044,0.015366356819868088
5806,445348,7.987792968749993,0,101,0.050000000000000044,0.006843289360404015
5807,445418,5.4115234375000005,0,70,0.050000000000000044,0.18088683485984802
5808,445480,4.677929687499999,0,62,0.050000000000000044,0.0060262479819357395
5809,445535,3.9749023437499993,0,55,0.050000000000000044,0.06265374273061752
5810,445672,12.770019531249991,1,137,0.050000000000000044,0.0016943641239777207
5811,445773,8.303320312499999,0,101,0.050000000000000044,0.19649212062358856
5812,445885,10.5076171875,1,112,0.050000000000000044,0.012133046984672546
5813,446080,20.248828125000003,3,195,0.050000000000000044,0.3711699843406677
5814,446217,12.408789062500002,1,137,0.050000000000000044,0.21377472579479218
5815,446318,7.811132812499999,0,101,0.050000000000000044,0.18045663833618164
5816,446369,3.365039062500001,0,51,0.050000000000000044,0.017315775156021118
5817,446415,3.163769531249999,0,46,0.050000000000000044,0.008598355576395988
5818,446461,3.0990234375000005,0,46,0.050000000000000044,0.004135161638259888
5819,446610,14.51484375000002,2,149,0.050000000000000044,0.2166024148464203
5820,446661,3.489062500000002,0,51,0.050000000000000044,0.01667393371462822
5821,446736,5.726660156250006,0,75,0.050000000000000044,0.006046639755368233
5822,446792,3.6161132812500005,0,56,0.050000000000000044,0.06741741299629211
5823,446855,4.254101562499999,0,63,0.050000000000000044,0.04098672792315483
5824,446992,12.419433593749986,1,137,0.050000000000000044,0.024503879249095917
5825,447093,8.390234375000002,0,101,0.050000000000000044,0.0419592410326004
5826,447184,6.994042968749999,0,91,0.050000000000000044,0.22020915150642395
5827,447285,7.93544921875,0,101,0.050000000000000044,0.19485345482826233
5828,447386,7.8019531250000025,0,101,0.050000000000000044,0.19100600481033325
5829,447523,12.927636718749998,1,137,0.050000000000000044,0.0016932785511016846
5830,447624,8.542480468750005,0,101,0.050000000000000044,0.003401169553399086
5831,447738,10.995800781249995,1,114,0.050000000000000044,0.2137947976589203
5832,447839,8.552441406249994,0,101,0.050000000000000044,0.20412881672382355
5833,447940,8.460351562500005,0,101,0.050000000000000044,0.006352720782160759
5834,447985,3.158496093750001,0,45,0.050000000000000044,0.00390182645060122
5835,448122,12.683300781249995,1,137,0.050000000000000044,0.21021032333374023
5836,448228,9.0876953125,0,106,0.050000000000000044,0.009655745700001717
5837,448329,8.394335937499996,0,101,0.050000000000000044,0.008431978523731232
5838,448423,7.630371093749993,0,94,0.050000000000000044,0.014475075528025627
5839,448560,12.719824218749995,1,137,0.050000000000000044,0.011110290884971619
5840,448734,17.5482421875,2,174,0.050000000000000044,0.18648754060268402
5841,448881,13.93974609375,1,147,0.050000000000000044,0.0028754386585205793
5842,448994,10.153027343749988,1,113,0.050000000000000044,0.0078324805945158
5843,449095,8.425195312499998,0,101,0.050000000000000044,0.10618369281291962
5844,449196,8.448437499999992,0,101,0.050000000000000044,0.0037571138236671686
5845,449333,12.64541015625001,1,137,0.050000000000000044,0.011246245354413986
5846,449507,17.701855468749994,2,174,0.050000000000000044,0.01256018877029419
5847,449538,1.8166992187500002,0,31,0.050000000000000044,0.0025818422436714172
5848,449659,11.170312499999994,1,121,0.050000000000000044,0.018420366570353508
5849,449833,17.645312500000003,2,174,0.050000000000000044,0.004854370839893818
5850,449872,2.418554687500001,0,39,0.050000000000000044,0.005831284448504448
5851,449908,2.2351562499999984,0,36,0.050000000000000044,0.017229607328772545
5852,449983,5.581398437917235,0,75,0.050000000000000044,0.029233749955892563
5853,450097,10.843652343749996,1,114,0.050000000000000044,0.3039563000202179
5854,450234,13.021484375000002,1,137,0.050000000000000044,0.004368504974991083
5855,450351,11.26523437500001,1,117,0.050000000000000044,0.03046269342303276
5856,450452,8.022363281249996,0,101,0.050000000000000044,0.03504546731710434
5857,450500,3.0811523437499995,0,48,0.050000000000000044,0.002396369818598032
5858,450535,2.1603515625,0,35,0.050000000000000044,0.19378872215747833
5859,450672,12.827246093750002,1,137,0.050000000000000044,0.1892874389886856
5860,450809,12.964941406250007,1,137,0.050000000000000044,0.20081569254398346
5861,450957,15.251074218750002,2,148,0.050000000000000044,0.21308591961860657
5862,451058,8.46044921875,0,101,0.050000000000000044,0.004905794747173786
5863,451167,9.255664062499998,0,109,0.050000000000000044,0.21173414587974548
5864,451341,17.711230468750024,2,174,0.050000000000000044,0.004530955106019974
5865,451387,3.0395507812500018,0,46,0.050000000000000044,0.018893582746386528
5866,451524,12.702148437499995,1,137,0.050000000000000044,0.008392322808504105
5867,451643,10.806835937499992,1,119,0.050000000000000044,0.04809846356511116
5868,451744,8.309863281249998,0,101,0.050000000000000044,0.010776113718748093
5869,451853,9.373925781249996,0,109,0.050000000000000044,0.003188934177160263
5870,452101,26.249414062500005,4,248,0.050000000000000044,0.011873389594256878
5871,452311,21.73671875,3,210,0.050000000000000044,0.1915455162525177
5872,452412,8.410058593749993,0,101,0.050000000000000044,0.0029625711031258106
5873,452513,8.538476562500007,0,101,0.050000000000000044,0.19779294729232788
5874,452669,15.978515624999993,2,156,0.050000000000000044,0.04289275035262108
5875,452815,13.899609375000002,1,146,0.050000000000000044,0.050248824059963226
5876,452916,8.133398437500004,0,101,0.050000000000000044,0.3806638717651367
5877,453058,13.521972656249998,1,142,0.050000000000000044,0.03569214791059494
5878,453232,17.585253906250003,2,174,0.050000000000000044,0.1953282207250595
5879,453406,17.26767578124998,2,174,0.050000000000000044,0.0052733467891812325
5880,453507,8.218066406250003,0,101,0.050000000000000044,0.005192069336771965
5881,453655,14.920800781250009,2,148,0.050000000000000044,0.0021174773573875427
5882,453829,17.79511718750001,2,174,0.050000000000000044,0.0012860286515206099
5883,453966,12.875292968750001,1,137,0.050000000000000044,0.20504505932331085
5884,454103,12.861718749999994,1,137,0.050000000000000044,0.030905306339263916
5885,454204,8.143164062499993,0,101,0.050000000000000044,0.012415564619004726
5886,454341,12.937207031250002,1,137,0.050000000000000044,0.025326449424028397
5887,454420,6.2330078124999995,0,79,0.050000000000000044,0.004294989630579948
5888,454521,8.113769531250002,0,101,0.050000000000000044,0.001794031704775989
5889,454695,17.058398437499996,2,174,0.050000000000000044,0.00401754304766655
5890,454796,7.723242187499995,0,101,0.050000000000000044,0.007572277914732695
5891,454835,2.4129882812499988,0,39,0.050000000000000044,0.023118793964385986
5892,454987,14.595019531249998,2,152,0.050000000000000044,0.0074027893133461475
5893,455088,8.675000000000002,0,101,0.050000000000000044,0.007948792539536953
5894,455189,8.605566406249997,0,101,0.050000000000000044,0.0300238449126482
5895,455290,8.379882812500007,0,101,0.050000000000000044,0.0037338831461966038
5896,455391,8.289062500000005,0,101,0.050000000000000044,0.20015700161457062
5897,455429,2.47275390625,0,38,0.050000000000000044,0.013629363849759102
5898,455520,7.617968749999996,0,91,0.050000000000000044,0.020885365083813667
5899,455634,10.667089843749999,1,114,0.050000000000000044,0.005489228293299675
5900,455808,17.152539062499994,2,174,0.050000000000000044,0.00828923936933279
5901,455851,2.6879882812500004,0,43,0.050000000000000044,0.003150117350742221
5902,455910,4.219628906249999,0,59,0.050000000000000044,0.006607608404010534
5903,455952,2.5222656249999997,0,42,0.050000000000000044,0.18449532985687256
5904,456089,12.327441406249996,1,137,0.050000000000000044,0.0025429208762943745
5905,456263,17.221191406250004,2,174,0.050000000000000044,0.07207184284925461
5906,456364,7.517187500000006,0,101,0.050000000000000044,0.015138668939471245
5907,456480,10.709667968749988,1,116,0.050000000000000044,0.013204112648963928
5908,456581,8.09589843749999,0,101,0.050000000000000044,0.00658447528257966
5909,456718,13.106542968749995,1,137,0.050000000000000044,0.009098660200834274
5910,456756,2.3499023437499993,0,38,0.050000000000000044,0.017505625262856483
5911,456893,12.824316406249991,1,137,0.050000000000000044,0.028199397027492523
5912,457030,12.690820312499998,1,137,0.050000000000000044,0.1839895248413086
5913,457131,7.781152343749994,0,101,0.050000000000000044,0.002186552621424198
5914,457268,13.157324218749995,1,137,0.050000000000000044,0.003784099593758583
5915,457388,11.097656249999991,1,120,0.050000000000000044,0.0022892297711223364
5916,457489,7.475683593749997,0,101,0.050000000000000044,0.21276512742042542
5917,457590,8.210058593749999,0,101,0.050000000000000044,0.0048765460960567
5918,457728,12.870996093750001,1,138,0.050000000000000044,0.005933859851211309
5919,457759,1.71328125,0,31,0.050000000000000044,0.010437831282615662
5920,457906,14.018945312499996,1,147,0.050000000000000044,0.10691183060407639
5921,458157,27.14511718749999,4,251,0.050000000000000044,0.012687338516116142
5922,458232,5.314550781249999,0,75,0.050000000000000044,0.0032719650771468878
5923,458295,4.689062499999997,0,63,0.050000000000000044,0.011641331948339939
5924,458351,4.08359375,0,56,0.050000000000000044,0.09397784620523453
5925,458415,4.769042968749997,0,64,0.050000000000000044,0.1968906819820404
5926,458516,7.915917968750005,0,101,0.050000000000000044,0.05077873170375824
5927,458617,8.513378906250002,0,101,0.050000000000000044,0.03619689866900444
5928,458718,8.235937499999993,0,101,0.050000000000000044,0.1871347874403
5929,458760,2.6959960937500003,0,42,0.050000000000000044,0.011383206583559513
5930,458861,7.655468749999995,0,101,0.050000000000000044,0.0143140172585845
5931,459083,23.7962890625,4,222,0.050000000000000044,0.3399186134338379
5932,459220,12.577539062500001,1,137,0.050000000000000044,0.20774616301059723
5933,459256,2.2657226562500004,0,36,0.050000000000000044,0.24283653497695923
5934,459357,7.542382812499998,0,101,0.050000000000000044,0.015519200824201107
5935,459567,21.98496093750001,3,210,0.050000000000000044,0.013018973171710968
5936,459704,12.304785156249999,1,137,0.050000000000000044,0.006039319559931755
5937,459843,13.035156249999998,1,139,0.050000000000000044,0.00897359848022461
5938,460017,17.347363281250004,2,174,0.050000000000000044,0.013497699983417988
5939,460161,13.793359374999994,1,144,0.050000000000000044,0.0015651450958102942
5940,460193,1.7495117187500004,0,32,0.050000000000000044,0.20059481263160706
5941,460294,8.561718749999999,0,101,0.050000000000000044,0.006165680941194296
5942,460395,8.060839843749996,0,101,0.050000000000000044,0.0018161607440561056
5943,460590,20.799414062499988,3,195,0.050000000000000044,0.40271785855293274
5944,460653,4.3009765625,0,63,0.050000000000000044,0.00622129999101162
5945,460687,2.1036132812500004,0,34,0.050000000000000044,0.007577972486615181
5946,460804,10.593945312500011,1,117,0.050000000000000044,0.00379991065710783
5947,460978,17.01513671874998,2,174,0.050000000000000044,0.0979200080037117
5948,461011,1.8716796875000004,0,33,0.050000000000000044,0.02236311137676239
5949,461112,8.093750000000004,0,101,0.050000000000000044,0.20152626931667328
5950,461172,4.20751953125,0,60,0.050000000000000044,0.003493676194921136
5951,461204,1.8684570312500006,0,32,0.050000000000000044,0.01563066989183426
5952,461285,6.0072265625000005,0,81,0.050000000000000044,0.0034929229877889156
5953,461357,5.533203125,0,72,0.050000000000000044,0.004938683472573757
5954,461396,2.5338867187500007,0,39,0.050000000000000044,0.009620577096939087
5955,461479,6.100000000000006,0,83,0.050000000000000044,0.00531863234937191
5956,461534,3.5291992187499988,0,55,0.050000000000000044,0.03446915000677109
5957,461618,6.622070312500001,0,84,0.050000000000000044,0.007845956832170486
5958,461719,7.5791992187499915,0,101,0.050000000000000044,0.19697566330432892
5959,461820,7.872167968749997,0,101,0.050000000000000044,0.013021149672567844
5960,461994,17.07832031249999,2,174,0.050000000000000044,0.013170195743441582
5961,462029,2.21572265625,0,35,0.050000000000000044,0.005475509446114302
5962,462203,16.7736328125,2,174,0.050000000000000044,0.009844197891652584
5963,462340,12.162695312499999,1,137,0.050000000000000044,0.039218075573444366
5964,462386,3.001953125,0,46,0.050000000000000044,0.002861892804503441
5965,462574,19.42822265625002,3,188,0.050000000000000044,0.21272191405296326
5966,462932,40.590429687500055,7,358,0.050000000000000044,0.005977346561849117
5967,462964,1.8560546875,0,32,0.050000000000000044,0.008451424539089203
5968,463212,27.090429687499984,4,248,0.050000000000000044,0.0051542017608881
5969,463400,20.125097656249988,3,188,0.050000000000000044,0.0036231616977602243
5970,463554,15.63847656250001,2,154,0.050000000000000044,0.019074173644185066
5971,463655,7.828417968749996,0,101,0.050000000000000044,0.004615332465618849
5972,463801,13.056738281250002,1,146,0.050000000000000044,0.17260468006134033
5973,463975,17.36982421875001,2,174,0.050000000000000044,0.16668909788131714
5974,464093,10.871093749999996,1,118,0.050000000000000044,0.013298127800226212
5975,464267,17.676171874999998,2,174,0.050000000000000044,0.004289089236408472
5976,464460,20.63994140625001,3,193,0.050000000000000044,0.1939466893672943
5977,464601,13.495312499999997,1,141,0.050000000000000044,0.20817211270332336
5978,464721,11.600292968749995,1,120,0.050000000000000044,0.006711977533996105
5979,464823,8.67802734375,0,102,0.050000000000000044,0.008651962503790855
5980,464940,11.059667968750006,1,117,0.050000000000000044,0.10059089213609695
5981,464997,3.6521484375,0,57,0.050000000000000044,0.18709734082221985
5982,465116,11.152636718750005,1,119,0.050000000000000044,0.010427783243358135
5983,465253,13.07363281249999,1,137,0.050000000000000044,0.03461300954222679
5984,465407,15.748925781249998,2,154,0.050000000000000044,0.01983131840825081
5985,465508,8.551562499999996,0,101,0.050000000000000044,0.5668731331825256
5986,465609,8.386914062500006,0,101,0.050000000000000044,0.20310121774673462
5987,465710,8.598535156250003,0,101,0.050000000000000044,0.008487696759402752
5988,465863,15.529687500000001,2,153,0.050000000000000044,0.19070111215114594
5989,465964,8.478613281249991,0,101,0.050000000000000044,0.021953627467155457
5990,466021,4.221093750000001,0,57,0.050000000000000044,0.010449811816215515
5991,466158,12.791308593749985,1,137,0.050000000000000044,0.005266600754112005
5992,466265,9.053417968750004,0,107,0.050000000000000044,0.18764880299568176
5993,466380,10.770507812499996,1,115,0.050000000000000044,0.005102216266095638
5994,466499,11.179199218750012,1,119,0.050000000000000044,0.07579994201660156
5995,466602,8.50273437500001,0,103,0.050000000000000044,0.00749019393697381
5996,466640,2.4495117187499997,0,38,0.050000000000000044,0.006836497224867344
5997,467036,45.17890625000004,8,396,0.050000000000000044,0.005825867876410484
5998,467148,10.802246093750002,1,112,0.050000000000000044,0.13190703094005585
5999,467252,8.917675781250004,0,104,0.050000000000000044,0.00680891890078783
6000,467462,22.374023437499996,3,210,0.050000000000000044,0.01905910111963749
6001,467636,17.761914062500004,2,174,0.050000000000000044,0.1958276629447937
6002,467738,8.740625000000001,0,102,0.050000000000000044,0.008899250067770481
6003,467810,5.6856445312499995,0,72,0.050000000000000044,0.2047053724527359
6004,468058,26.39912109374999,4,248,0.050000000000000044,0.017007045447826385
6005,468232,17.424707031249994,2,174,0.050000000000000044,0.030159741640090942
6006,468373,13.471972656249985,1,141,0.050000000000000044,0.003703362075611949
6007,468479,8.748730468750002,0,106,0.050000000000000044,0.029219290241599083
6008,468580,8.428613281249998,0,101,0.050000000000000044,0.013639876618981361
6009,468681,8.31767578125,0,101,0.050000000000000044,0.2044042944908142
6010,468782,8.3521484375,0,101,0.050000000000000044,0.0046279714442789555
6011,468901,11.072265624999993,1,119,0.050000000000000044,0.013795551843941212
6012,468973,5.60869140625,0,72,0.050000000000000044,0.022121258080005646
6013,469074,8.177929687499997,0,101,0.050000000000000044,0.00707483384758234
6014,469211,12.796679687499996,1,137,0.050000000000000044,0.0050547076389193535
6015,469432,23.490625000000048,3,221,0.050000000000000044,0.2326292246580124
6016,469533,7.927246093750007,0,101,0.050000000000000044,0.00900259055197239
6017,469690,15.663281249999983,2,157,0.050000000000000044,0.010260561481118202
6018,469791,8.412792968750002,0,101,0.050000000000000044,0.18804293870925903
6019,469873,6.598535156250001,0,82,0.050000000000000044,0.18244369328022003
6020,470049,17.882617187500017,2,176,0.050000000000000044,0.008765626698732376
6021,470098,3.049218749999998,0,49,0.050000000000000044,0.003997976426035166
6022,470138,2.2874999999999988,0,40,0.050000000000000044,0.004909138195216656
6023,470245,9.20234375,0,107,0.050000000000000044,0.005376969464123249
6024,470356,9.683007812500009,0,111,0.050000000000000044,0.17967332899570465
6025,470456,8.062109374999991,0,100,0.050000000000000044,0.008481763303279877
6026,470674,22.87080078125,3,218,0.050000000000000044,0.18999981880187988
6027,470780,8.61943359374999,0,106,0.050000000000000044,0.010111979208886623
6028,470881,7.632324218750002,0,101,0.050000000000000044,0.20422400534152985
6029,470939,3.92255859375,0,58,0.050000000000000044,0.049271345138549805
6030,471047,9.202148437499995,0,108,0.050000000000000044,0.2059997022151947
6031,471122,5.581835937500002,0,75,0.050000000000000044,0.007412658538669348
6032,471259,12.532812500000011,1,137,0.050000000000000044,0.02455458790063858
6033,471360,7.603710937499999,0,101,0.050000000000000044,0.003560212440788746
6034,471429,4.765234374999998,0,69,0.050000000000000044,0.5725522041320801
6035,471530,8.108300781250009,0,101,0.050000000000000044,0.2314002513885498
6036,471633,8.120019531249998,0,103,0.050000000000000044,0.026849474757909775
6037,471684,3.6045898437499995,0,51,0.050000000000000044,0.01829880103468895
6038,471804,11.106835937499998,1,120,0.050000000000000044,0.006545131094753742
6039,471839,2.2217773437500004,0,35,0.050000000000000044,0.005763385444879532
6040,471980,12.638574218749985,1,141,0.050000000000000044,0.012408300302922726
6041,472081,7.782226562499991,0,101,0.050000000000000044,0.031082207337021828
6042,472188,8.777148437500001,0,107,0.050000000000000044,0.009106077253818512
6043,472234,3.116015625,0,46,0.050000000000000044,0.01400694064795971
6044,472335,7.3080078125,0,101,0.050000000000000044,0.002334103686735034
6045,472485,14.564746093749998,2,150,0.050000000000000044,0.02124664932489395
6046,472542,4.180468749999999,0,57,0.050000000000000044,0.016085544601082802
6047,472629,6.1865234375,0,87,0.050000000000000044,0.19634751975536346
6048,472736,8.562500000000004,0,107,0.050000000000000044,0.07104787230491638
6049,472916,17.311328125000017,2,180,0.050000000000000044,0.1112571582198143
6050,472986,5.1385742187500005,0,70,0.050000000000000044,0.0164656825363636
6051,473050,4.6794921875,0,64,0.050000000000000044,0.08323878049850464
6052,473130,5.853808593750002,0,80,0.050000000000000044,0.006805397570133209
6053,473202,5.071484375,0,72,0.050000000000000044,0.12488660961389542
6054,473345,13.051953124999999,1,143,0.050000000000000044,0.1769367903470993
6055,473464,10.64541015625,1,119,0.050000000000000044,0.18480536341667175
6056,473565,7.992968749999994,0,101,0.050000000000000044,0.002255880506709218
6057,473613,3.2928710937499996,0,48,0.050000000000000044,0.0041287862695753574
6058,473676,4.3915039062500005,0,63,0.050000000000000044,0.015596175566315651
6059,473747,4.928222656250001,0,71,0.050000000000000044,0.0021907160989940166
6060,473782,2.16318359375,0,35,0.050000000000000044,0.0026846856344491243
6061,473840,4.314453125,0,58,0.050000000000000044,0.05104996636509895
6062,473917,5.835937500000001,0,77,0.050000000000000044,0.02582733705639839
6063,474018,8.10048828124999,0,101,0.050000000000000044,0.005318181589245796
6064,474317,33.18378906249996,6,299,0.050000000000000044,0.04129592701792717
6065,474418,7.9637695312500085,0,101,0.050000000000000044,0.0055113788694143295
6066,474469,3.3235351562499984,0,51,0.050000000000000044,0.003932691179215908
6067,474502,1.8659179687500007,0,33,0.050000000000000044,0.17788614332675934
6068,474620,10.81083984374999,1,118,0.050000000000000044,0.022654306143522263
6069,474685,4.527343750000001,0,65,0.050000000000000044,0.011011822149157524
6070,474786,8.260156250000003,0,101,0.050000000000000044,0.07191453874111176
6071,474923,12.391308593750004,1,137,0.050000000000000044,0.003636058419942856
6072,475024,7.938476562499991,0,101,0.050000000000000044,0.017890218645334244
6073,475142,10.969042968750001,1,118,0.050000000000000044,0.19681155681610107
6074,475258,10.657910156249997,1,116,0.050000000000000044,0.034541767090559006
6075,475446,19.977148437500013,3,188,0.050000000000000044,0.19416438043117523
6076,475637,20.231152343750033,3,191,0.050000000000000044,0.0031360837165266275
6077,475778,13.339257812500003,1,141,0.050000000000000044,0.020564736798405647
6078,475834,3.9237304687500005,0,56,0.050000000000000044,0.00378968333825469
6079,475863,1.5796875,0,29,0.050000000000000044,0.003916880115866661
6080,475982,11.159570312500016,1,119,0.050000000000000044,0.0069326008670032024
6081,476092,9.069042968750008,0,110,0.050000000000000044,0.04326128959655762
6082,476340,26.199023437500035,4,248,0.050000000000000044,0.3434973955154419
6083,476517,17.14335937499999,2,177,0.050000000000000044,0.0016069114208221436
6084,476765,26.73105468749999,4,248,0.050000000000000044,0.009966113604605198
6085,476914,14.436718750000002,2,149,0.050000000000000044,0.009442374110221863
6086,477051,12.337890625,1,137,0.050000000000000044,0.003686080453917384
6087,477152,7.257714843750003,0,101,0.050000000000000044,0.003022085875272751
6088,477253,8.706347656250006,0,101,0.050000000000000044,0.005736787803471088
6089,477354,7.978320312500006,0,101,0.050000000000000044,0.03819076344370842
6090,477579,24.449218750000004,4,225,0.050000000000000044,0.020209738984704018
6091,477614,1.9098632812499998,0,35,0.050000000000000044,0.02126518450677395
6092,477656,2.596289062499999,0,42,0.050000000000000044,0.06438730657100677
6093,477775,11.21259765625,1,119,0.050000000000000044,0.004763677716255188
6094,477985,22.000488281250007,3,210,0.050000000000000044,0.01526936236768961
6095,478042,4.1694843754172295,0,57,0.050000000000000044,0.18948309123516083
6096,478179,12.761230468749995,1,137,0.050000000000000044,0.23784472048282623
6097,478366,19.848828124999986,3,187,0.050000000000000044,0.18130438029766083
6098,478479,10.497460937500009,1,113,0.050000000000000044,0.009501389227807522
6099,478515,2.2513671875,0,36,0.050000000000000044,0.19338902831077576
6100,478548,1.79091796875,0,33,0.050000000000000044,0.19941926002502441
6101,478697,15.04931640625001,2,149,0.050000000000000044,0.20488771796226501
6102,479175,55.32304687499996,10,478,0.050000000000000044,0.007706968113780022
6103,479284,9.393847656249998,0,109,0.050000000000000044,0.004775180481374264
6104,479458,17.51943359374999,2,174,0.050000000000000044,0.006289547309279442
6105,479560,8.757226562500001,0,102,0.050000000000000044,0.0037000346928834915
6106,479623,4.780859374999998,0,63,0.050000000000000044,0.007855808362364769
6107,479907,31.61884765624999,5,284,0.050000000000000044,0.09732547402381897
6108,480044,12.852343750000006,1,137,0.050000000000000044,0.004948906134814024
6109,480262,23.205371093749996,3,218,0.050000000000000044,0.011646176688373089
6110,480323,4.624855469167229,0,61,0.050000000000000044,0.024836955592036247
6111,480435,10.239355468749999,1,112,0.050000000000000044,0.00620898324996233
6112,480615,18.13740234375001,2,180,0.050000000000000044,0.0027470365166664124
6113,480789,17.344921875000008,2,174,0.050000000000000044,0.034278012812137604
6114,480890,8.415527343749995,0,101,0.050000000000000044,0.005412070080637932
6115,481027,12.691210937500003,1,137,0.050000000000000044,0.004069325048476458
6116,481138,9.133007812499994,0,111,0.050000000000000044,0.0018058239948004484
6117,481239,8.360156249999996,0,101,0.050000000000000044,0.007120437454432249
6118,481271,1.9574726566672314,0,32,0.050000000000000044,0.00633895443752408
6119,481445,17.67363281250002,2,174,0.050000000000000044,0.006699368357658386
6120,481546,8.211523437500004,0,101,0.050000000000000044,0.20311512053012848
6121,481662,10.531152343750001,1,116,0.050000000000000044,0.003180701984092593
6122,481846,18.569042968749994,2,184,0.050000000000000044,0.006092333234846592
6123,481947,8.050292968750004,0,101,0.050000000000000044,0.005304841324687004
6124,482121,17.73789062499999,2,174,0.050000000000000044,0.029456622898578644
6125,482234,10.506835937500002,1,113,0.050000000000000044,0.018871473148465157
6126,482287,4.004835937917235,0,53,0.050000000000000044,0.011643042787909508
6127,482405,11.068359374999996,1,118,0.050000000000000044,0.0012338218512013555
6128,482506,8.17939453125,0,101,0.050000000000000044,0.005117624066770077
6129,482607,8.383984374999994,0,101,0.050000000000000044,0.38978129625320435
6130,482760,15.794726562500003,2,153,0.050000000000000044,0.17069590091705322
6131,482867,9.123730468749994,0,107,0.050000000000000044,0.016979601234197617
6132,482938,5.675390624999997,0,71,0.050000000000000044,0.002457959810271859
6133,483148,22.03232421875003,3,210,0.050000000000000044,0.03626948595046997
6134,483264,10.72158203125,1,116,0.050000000000000044,0.021097980439662933
6135,483380,10.892285156249999,1,116,0.050000000000000044,0.008374189957976341
6136,483481,8.523925781250004,0,101,0.050000000000000044,0.3975561261177063
6137,483598,11.09287109375001,1,117,0.050000000000000044,0.0031536584720015526
6138,483793,20.454589843749986,3,195,0.050000000000000044,0.18941986560821533
6139,483907,10.875000000000002,1,114,0.050000000000000044,0.01749420166015625
6140,484049,13.448437499999999,1,142,0.050000000000000044,0.003625592216849327
6141,484155,8.876171875000006,0,106,0.050000000000000044,0.17006827890872955
6142,484256,8.671289062499993,0,101,0.050000000000000044,0.004935506731271744
6143,484393,12.9275390625,1,137,0.050000000000000044,0.004772664979100227
6144,484494,8.502832031250005,0,101,0.050000000000000044,0.01848415471613407
6145,484668,17.739941406249976,2,174,0.050000000000000044,0.19905723631381989
6146,484769,8.45869140625,0,101,0.050000000000000044,0.41892150044441223
6147,484906,12.8806640625,1,137,0.050000000000000044,0.011498025618493557
6148,485018,10.61933593750001,1,112,0.050000000000000044,0.05407112464308739
6149,485136,11.45742187499999,1,118,0.050000000000000044,0.17263568937778473
6150,485310,17.72392578125001,2,174,0.050000000000000044,0.0060845231637358665
6151,485450,13.594433593750004,1,140,0.050000000000000044,0.12714071571826935
6152,485590,13.59375,1,140,0.050000000000000044,0.18063046038150787
6153,485691,8.549121093750006,0,101,0.050000000000000044,0.006325484253466129
6154,485883,20.411718750000006,3,192,0.050000000000000044,0.02909054607152939
6155,486131,26.88085937499999,4,248,0.050000000000000044,0.004896568134427071
6156,486232,8.483593749999995,0,101,0.050000000000000044,0.0019357502460479736
6157,486480,27.029882812499984,4,248,0.050000000000000044,0.010741609148681164
6158,486582,8.426074218750001,0,102,0.050000000000000044,0.010906245559453964
6159,486698,11.230371093749994,1,116,0.050000000000000044,0.0057516032829880714
6160,486810,10.416699218749994,1,112,0.050000000000000044,0.037530623376369476
6161,486984,17.839257812500005,2,174,0.050000000000000044,0.006986687891185284
6162,487158,17.762988281249992,2,174,0.050000000000000044,0.01835111528635025
6163,487259,8.473339843749999,0,101,0.050000000000000044,0.005985047668218613
6164,487360,8.024902343750007,0,101,0.050000000000000044,0.1923559457063675
6165,487461,8.525488281249999,0,101,0.050000000000000044,0.004363330081105232
6166,487570,9.423925781250007,0,109,0.050000000000000044,0.01670200750231743
6167,487707,13.060742187499986,1,137,0.050000000000000044,0.015566602349281311
6168,487808,8.601660156249993,0,101,0.050000000000000044,0.012188734486699104
6169,487916,9.383007812499997,0,108,0.050000000000000044,0.007512644398957491
6170,488034,10.943945312500011,1,118,0.050000000000000044,0.002074179472401738
6171,488143,9.37998046875,0,109,0.050000000000000044,0.003674966050311923
6172,488317,17.63154296875,2,174,0.050000000000000044,0.024937421083450317
6173,488436,11.470019531250012,1,119,0.050000000000000044,0.1328469216823578
6174,488587,15.394140625000013,2,151,0.050000000000000044,0.03279999643564224
6175,488808,23.48291015625005,3,221,0.050000000000000044,0.020204858854413033
6176,488914,9.280175781250001,0,106,0.050000000000000044,0.008850705809891224
6177,489099,18.669531250000023,2,185,0.050000000000000044,0.0022507491521537304
6178,489284,18.96230468750002,2,185,0.050000000000000044,0.024811239913105965
6179,489385,8.628320312499994,0,101,0.050000000000000044,0.0054697077721357346
6180,489537,15.617285156249988,2,152,0.050000000000000044,0.005671828053891659
6181,489638,8.472265624999993,0,101,0.050000000000000044,0.015706133097410202
6182,489739,8.650488281249997,0,101,0.050000000000000044,0.004168326035141945
6183,489812,5.6313476562499964,0,73,0.050000000000000044,0.017486482858657837
6184,489918,9.120507812499998,0,106,0.050000000000000044,0.007482236251235008
6185,490033,10.723925781250001,1,115,0.050000000000000044,0.005848327185958624
6186,490207,17.651367187499996,2,174,0.050000000000000044,0.0030772448517382145
6187,490354,13.833105468749988,1,147,0.050000000000000044,0.003915959969162941
6188,490506,15.72509765624999,2,152,0.050000000000000044,0.007255055941641331
6189,490607,8.379980468749999,0,101,0.050000000000000044,0.004435613285750151
6190,490719,10.72841796875,1,112,0.050000000000000044,0.010036501102149487
6191,490945,24.96337890624999,4,226,0.050000000000000044,0.009870403446257114
6192,491082,12.638281249999986,1,137,0.050000000000000044,0.003248512977734208
6193,491191,9.10673828125001,0,109,0.050000000000000044,0.005392951890826225
6194,491445,27.506933593749988,4,254,0.050000000000000044,0.2080291211605072
6195,491594,15.30244140625,2,149,0.050000000000000044,0.006534305401146412
6196,491707,10.640429687500005,1,113,0.050000000000000044,0.08099594712257385
6197,491852,13.763085937500012,1,145,0.050000000000000044,0.1867118775844574
6198,491957,8.775976562500004,0,105,0.050000000000000044,0.0031556866597384214
6199,492058,8.177050781249998,0,101,0.050000000000000044,0.005398143082857132
6200,492159,8.370410156249998,0,101,0.050000000000000044,0.003255263902246952
6201,492407,26.913085937499975,4,248,0.050000000000000044,0.0022289366461336613
6202,492544,12.900683593749992,1,137,0.050000000000000044,0.008991261012852192
6203,492616,5.710109374672174,0,72,0.050000000000000044,0.006492079701274633
6204,492717,8.420312500000005,0,101,0.050000000000000044,0.008266462944447994
6205,492818,8.208398437499994,0,101,0.050000000000000044,0.039742179214954376
6206,492919,8.26396484375,0,101,0.050000000000000044,0.015041973441839218
6207,493093,17.397851562499987,2,174,0.050000000000000044,0.0028206361457705498
6208,493234,13.433203125000002,1,141,0.050000000000000044,0.01275224145501852
6209,493426,20.35214843749999,3,192,0.050000000000000044,0.18337132036685944
6210,493475,3.5216328129172343,0,49,0.050000000000000044,0.016034217551350594
6211,493612,12.899023437500004,1,137,0.050000000000000044,0.05948856845498085
6212,493786,17.670410156250014,2,174,0.050000000000000044,0.20227982103824615
6213,493996,21.949023437499978,3,210,0.050000000000000044,0.01181991957128048
6214,494144,14.953125,2,148,0.050000000000000044,0.18988609313964844
6215,494245,8.567089843750004,0,101,0.050000000000000044,0.00803663395345211
6216,494346,8.30068359374999,0,101,0.050000000000000044,0.1877206414937973
6217,494447,7.979394531250001,0,101,0.050000000000000044,0.01615070551633835
6218,494521,5.729445312917234,0,74,0.050000000000000044,0.18173076212406158
6219,494622,8.45703125,0,101,0.050000000000000044,0.0025369380600750446
6220,494741,11.190820312499994,1,119,0.050000000000000044,0.19320082664489746
6221,494845,8.45087890625,0,104,0.050000000000000044,0.002126535400748253
6222,494912,5.110792969167235,0,67,0.050000000000000044,0.3659968078136444
6223,495049,12.822460937499999,1,137,0.050000000000000044,0.0031789352651685476
6224,495272,24.570605468750006,4,223,0.050000000000000044,0.006614210084080696
6225,495373,8.000878906250007,0,101,0.050000000000000044,0.012572413310408592
6226,495409,2.31689453125,0,36,0.050000000000000044,0.0015327415894716978
6227,495619,21.680078124999987,3,210,0.050000000000000044,0.20302240550518036
6228,495685,4.714355468749997,0,66,0.050000000000000044,0.002315217861905694
6229,495786,8.351562499999993,0,101,0.050000000000000044,0.004279174841940403
6230,495923,13.00058593749999,1,137,0.050000000000000044,0.0027538652066141367
6231,496024,8.453027343749998,0,101,0.050000000000000044,0.02528040111064911
6232,496136,10.475878906249992,1,112,0.050000000000000044,0.16352862119674683
6233,496254,11.145996093749996,1,118,0.050000000000000044,0.005658543203026056
6234,496355,8.349218749999991,0,101,0.050000000000000044,0.0175487007945776
6235,496476,11.316699218749983,1,121,0.050000000000000044,0.20289359986782074
6236,496577,8.348242187499993,0,101,0.050000000000000044,0.026801079511642456
6237,496696,11.16933593749999,1,119,0.050000000000000044,0.005106820724904537
6238,496788,7.520605468749995,0,92,0.050000000000000044,0.010474246926605701
6239,496906,11.239648437500003,1,118,0.050000000000000044,0.1746748387813568
6240,497017,9.556054687500005,0,111,0.050000000000000044,0.009561607614159584
6241,497130,10.661132812500002,1,113,0.050000000000000044,0.2050771266222
6242,497231,8.303906250000002,0,101,0.050000000000000044,0.03512003272771835
6243,497441,21.968066406249996,3,210,0.050000000000000044,0.009919974952936172
6244,497542,8.393847656249996,0,101,0.050000000000000044,0.014023167081177235
6245,497679,12.806640625000004,1,137,0.050000000000000044,0.005968790035694838
6246,497719,2.6623046875,0,40,0.050000000000000044,0.008210419677197933
6247,497780,4.345117187500001,0,61,0.050000000000000044,0.018001457676291466
6248,497887,8.888476562499998,0,107,0.050000000000000044,0.004365245811641216
6249,497990,8.65810546875,0,103,0.050000000000000044,0.010503478348255157
6250,498173,18.66142578124999,2,183,0.050000000000000044,0.23644429445266724
6251,498290,10.981347656250009,1,117,0.050000000000000044,0.005938985385000706
6252,498356,5.042335937917231,0,66,0.050000000000000044,0.032759346067905426
6253,498462,8.802929687500002,0,106,0.050000000000000044,0.015969038009643555
6254,498615,15.321679687499998,2,153,0.050000000000000044,0.009255170822143555
6255,498752,12.865917968750013,1,137,0.050000000000000044,0.005426178686320782
6256,498862,9.220898437499994,0,110,0.050000000000000044,0.3347323536872864
6257,499018,15.909374999999997,2,156,0.050000000000000044,0.0031626098789274693
6258,499158,13.178222656250007,1,140,0.050000000000000044,0.06482107192277908
6259,499259,8.09638671875,0,101,0.050000000000000044,0.013664280995726585
6260,499411,15.481054687499991,2,152,0.050000000000000044,0.02967764064669609
6261,499548,12.834179687499992,1,137,0.050000000000000044,0.019824031740427017
6262,499577,1.6236328125,0,29,0.050000000000000044,0.020092956721782684
6263,499730,15.587890624999996,2,153,0.050000000000000044,0.007249077316373587
6264,499768,2.419531250000001,0,38,0.050000000000000044,0.030405405908823013
