episode,step,reward,score,length,epsilon,loss
1,31,2.0000000000000013,0,31,0.9997055,nan
2,61,1.9000000000000012,0,30,0.9994205,nan
3,93,2.1000000000000014,0,32,0.9991165,nan
4,126,2.2000000000000015,0,33,0.998803,nan
5,157,2.0000000000000013,0,31,0.9985085,nan
6,188,2.0000000000000013,0,31,0.998214,nan
7,220,2.1000000000000014,0,32,0.99791,nan
8,251,2.0000000000000013,0,31,0.9976155,nan
9,281,1.9000000000000012,0,30,0.9973305,nan
10,314,2.2000000000000015,0,33,0.997017,nan
11,347,2.2000000000000015,0,33,0.9967035,nan
12,377,1.9000000000000012,0,30,0.9964185,nan
13,406,1.8000000000000012,0,29,0.996143,nan
14,438,2.1000000000000014,0,32,0.995839,nan
15,470,2.1000000000000014,0,32,0.995535,nan
16,500,1.9000000000000012,0,30,0.99525,nan
17,530,1.9000000000000012,0,30,0.994965,nan
18,561,2.0000000000000013,0,31,0.9946705,nan
19,591,1.9000000000000012,0,30,0.9943855,nan
20,621,1.9000000000000012,0,30,0.9941005,nan
21,655,2.3000000000000016,0,34,0.9937775,nan
22,685,1.9000000000000012,0,30,0.9934925,nan
23,716,2.0000000000000013,0,31,0.993198,nan
24,745,1.8000000000000012,0,29,0.9929225,nan
25,779,2.3000000000000016,0,34,0.9925995,nan
26,809,1.9000000000000012,0,30,0.9923145,nan
27,842,2.2000000000000015,0,33,0.992001,nan
28,873,2.0000000000000013,0,31,0.9917065,nan
29,903,1.9000000000000012,0,30,0.9914215,nan
30,935,2.1000000000000014,0,32,0.9911175,nan
31,965,1.9000000000000012,0,30,0.9908325,nan
32,995,1.9000000000000012,0,30,0.9905475,nan
33,1027,2.1000000000000014,0,32,0.9902435,nan
34,1058,2.0000000000000013,0,31,0.989949,nan
35,1090,2.1000000000000014,0,32,0.989645,nan
36,1121,2.0000000000000013,0,31,0.9893505,nan
37,1152,2.0000000000000013,0,31,0.989056,nan
38,1183,2.0000000000000013,0,31,0.9887615,nan
39,1213,1.9000000000000012,0,30,0.9884765,nan
40,1252,2.800000000000002,0,39,0.988106,nan
41,1283,2.0000000000000013,0,31,0.9878115,nan
42,1314,2.0000000000000013,0,31,0.987517,nan
43,1345,2.0000000000000013,0,31,0.9872225,nan
44,1380,2.4000000000000017,0,35,0.98689,nan
45,1410,1.9000000000000012,0,30,0.986605,nan
46,1442,2.1000000000000014,0,32,0.986301,nan
47,1472,1.9000000000000012,0,30,0.986016,nan
48,1503,2.0000000000000013,0,31,0.9857215,nan
49,1532,1.8000000000000012,0,29,0.985446,nan
50,1561,1.8000000000000012,0,29,0.9851705,nan
51,1593,2.1000000000000014,0,32,0.9848665,nan
52,1626,2.2000000000000015,0,33,0.984553,nan
53,1657,2.0000000000000013,0,31,0.9842585,nan
54,1687,1.9000000000000012,0,30,0.9839735000000001,nan
55,1716,1.8000000000000012,0,29,0.983698,nan
56,1747,2.0000000000000013,0,31,0.9834035,nan
57,1778,2.0000000000000013,0,31,0.983109,nan
58,1808,1.9000000000000012,0,30,0.982824,nan
59,1838,1.9000000000000012,0,30,0.982539,nan
60,1867,1.8000000000000012,0,29,0.9822635,nan
61,1898,2.0000000000000013,0,31,0.981969,nan
62,1930,2.1000000000000014,0,32,0.981665,nan
63,1960,1.9000000000000012,0,30,0.98138,nan
64,1990,1.9000000000000012,0,30,0.981095,nan
65,2022,2.1000000000000014,0,32,0.980791,nan
66,2053,2.0000000000000013,0,31,0.9804965,nan
67,2083,1.9000000000000012,0,30,0.9802115,nan
68,2114,2.0000000000000013,0,31,0.979917,nan
69,2145,2.0000000000000013,0,31,0.9796225,nan
70,2175,1.9000000000000012,0,30,0.9793375,nan
71,2208,2.2000000000000015,0,33,0.979024,nan
72,2240,2.1000000000000014,0,32,0.97872,nan
73,2270,1.9000000000000012,0,30,0.9784349999999999,nan
74,2302,2.1000000000000014,0,32,0.978131,nan
75,2335,2.2000000000000015,0,33,0.9778175,nan
76,2365,1.9000000000000012,0,30,0.9775325,nan
77,2397,2.1000000000000014,0,32,0.9772285,nan
78,2427,1.9000000000000012,0,30,0.9769435,nan
79,2458,2.0000000000000013,0,31,0.976649,nan
80,2490,2.1000000000000014,0,32,0.976345,nan
81,2521,2.0000000000000013,0,31,0.9760505,nan
82,2551,1.9000000000000012,0,30,0.9757655,nan
83,2582,2.0000000000000013,0,31,0.975471,nan
84,2615,2.2000000000000015,0,33,0.9751575,nan
85,2646,2.0000000000000013,0,31,0.974863,nan
86,2678,2.1000000000000014,0,32,0.974559,nan
87,2708,1.9000000000000012,0,30,0.974274,nan
88,2738,1.9000000000000012,0,30,0.973989,nan
89,2768,1.9000000000000012,0,30,0.973704,nan
90,2800,2.1000000000000014,0,32,0.9734,nan
91,2831,2.0000000000000013,0,31,0.9731055,nan
92,2861,1.9000000000000012,0,30,0.9728205,nan
93,2892,2.0000000000000013,0,31,0.972526,nan
94,2927,2.4000000000000017,0,35,0.9721935,nan
95,2959,2.1000000000000014,0,32,0.9718895,nan
96,2990,2.0000000000000013,0,31,0.971595,nan
97,3025,2.4000000000000017,0,35,0.9712625,nan
98,3057,2.1000000000000014,0,32,0.9709585000000001,nan
99,3089,2.1000000000000014,0,32,0.9706545,nan
100,3120,2.0000000000000013,0,31,0.97036,nan
101,3149,1.8000000000000012,0,29,0.9700845,nan
102,3184,2.4000000000000017,0,35,0.969752,nan
103,3214,1.9000000000000012,0,30,0.969467,nan
104,3245,2.0000000000000013,0,31,0.9691725,nan
105,3279,2.3000000000000016,0,34,0.9688495,nan
106,3310,2.0000000000000013,0,31,0.968555,nan
107,3339,1.8000000000000012,0,29,0.9682795,nan
108,3372,2.2000000000000015,0,33,0.967966,nan
109,3403,2.0000000000000013,0,31,0.9676715,nan
110,3434,2.0000000000000013,0,31,0.967377,nan
111,3464,1.9000000000000012,0,30,0.9670920000000001,nan
112,3495,2.0000000000000013,0,31,0.9667975,nan
113,3525,1.9000000000000012,0,30,0.9665125,nan
114,3558,2.2000000000000015,0,33,0.966199,nan
115,3593,2.4000000000000017,0,35,0.9658665,nan
116,3623,1.9000000000000012,0,30,0.9655815,nan
117,3654,2.0000000000000013,0,31,0.965287,nan
118,3683,1.8000000000000012,0,29,0.9650115,nan
119,3712,1.8000000000000012,0,29,0.964736,nan
120,3744,2.1000000000000014,0,32,0.964432,nan
121,3774,1.9000000000000012,0,30,0.964147,nan
122,3803,1.8000000000000012,0,29,0.9638715,nan
123,3832,1.8000000000000012,0,29,0.963596,nan
124,3862,1.9000000000000012,0,30,0.963311,nan
125,3893,2.0000000000000013,0,31,0.9630165,nan
126,3926,2.2000000000000015,0,33,0.962703,nan
127,3956,1.9000000000000012,0,30,0.962418,nan
128,3988,2.1000000000000014,0,32,0.962114,nan
129,4020,2.1000000000000014,0,32,0.96181,nan
130,4054,2.3000000000000016,0,34,0.961487,nan
131,4089,2.4000000000000017,0,35,0.9611545,nan
132,4119,1.9000000000000012,0,30,0.9608695,nan
133,4150,2.0000000000000013,0,31,0.960575,nan
134,4179,1.8000000000000012,0,29,0.9602995,nan
135,4211,2.1000000000000014,0,32,0.9599955,nan
136,4240,1.8000000000000012,0,29,0.95972,nan
137,4270,1.9000000000000012,0,30,0.959435,nan
138,4302,2.1000000000000014,0,32,0.959131,nan
139,4335,2.2000000000000015,0,33,0.9588175,nan
140,4368,2.2000000000000015,0,33,0.958504,nan
141,4399,2.0000000000000013,0,31,0.9582095,nan
142,4429,1.9000000000000012,0,30,0.9579245,nan
143,4460,2.0000000000000013,0,31,0.95763,nan
144,4492,2.1000000000000014,0,32,0.957326,nan
145,4522,1.9000000000000012,0,30,0.957041,nan
146,4552,1.9000000000000012,0,30,0.956756,nan
147,4581,1.8000000000000012,0,29,0.9564805,nan
148,4614,2.2000000000000015,0,33,0.956167,nan
149,4644,1.9000000000000012,0,30,0.955882,nan
150,4674,1.9000000000000012,0,30,0.955597,nan
151,4705,2.0000000000000013,0,31,0.9553024999999999,nan
152,4735,1.9000000000000012,0,30,0.9550175,nan
153,4766,2.0000000000000013,0,31,0.954723,nan
154,4801,2.4000000000000017,0,35,0.9543905,nan
155,4832,2.0000000000000013,0,31,0.954096,nan
156,4863,2.0000000000000013,0,31,0.9538015,nan
157,4895,2.1000000000000014,0,32,0.9534975,nan
158,4926,2.0000000000000013,0,31,0.953203,nan
159,4956,1.9000000000000012,0,30,0.952918,nan
160,4987,2.0000000000000013,0,31,0.9526235,nan
161,5018,2.0000000000000013,0,31,0.952329,0.008406528271734715
162,5051,2.2000000000000015,0,33,0.9520155,0.011759827844798565
163,5084,2.2000000000000015,0,33,0.951702,0.011758735403418541
164,5114,1.9000000000000012,0,30,0.951417,0.010814729146659374
165,5146,2.1000000000000014,0,32,0.951113,0.015879511833190918
166,5176,1.9000000000000012,0,30,0.950828,0.010676385834813118
167,5205,1.8000000000000012,0,29,0.9505525,0.016214845702052116
168,5238,2.2000000000000015,0,33,0.9502390000000001,0.010024895891547203
169,5268,1.9000000000000012,0,30,0.949954,0.01150781475007534
170,5300,2.1000000000000014,0,32,0.94965,0.0015275863697752357
171,5331,2.0000000000000013,0,31,0.9493555,0.02588682621717453
172,5362,2.0000000000000013,0,31,0.949061,0.0029336761217564344
173,5392,1.9000000000000012,0,30,0.948776,0.001708367490209639
174,5421,1.8000000000000012,0,29,0.9485005,0.013029823079705238
175,5451,1.9000000000000012,0,30,0.9482155,0.019826740026474
176,5481,1.9000000000000012,0,30,0.9479305,0.009609369561076164
177,5514,2.2000000000000015,0,33,0.947617,0.013772190548479557
178,5546,2.1000000000000014,0,32,0.947313,0.004105848725885153
179,5576,1.9000000000000012,0,30,0.947028,0.001811579568311572
180,5612,2.5000000000000018,0,36,0.946686,0.0055983103811740875
181,5641,1.8000000000000012,0,29,0.9464105,0.004094291944056749
182,5673,2.1000000000000014,0,32,0.9461065,0.01128409244120121
183,5704,2.0000000000000013,0,31,0.945812,0.003185628680512309
184,5734,1.9000000000000012,0,30,0.945527,0.0034010859671980143
185,5764,1.9000000000000012,0,30,0.945242,0.005245070438832045
186,5798,2.3000000000000016,0,34,0.9449190000000001,0.002104594837874174
187,5831,2.2000000000000015,0,33,0.9446055,0.0046478863805532455
188,5861,1.9000000000000012,0,30,0.9443205,0.008694479241967201
189,5891,1.9000000000000012,0,30,0.9440355,0.005372974090278149
190,5921,1.9000000000000012,0,30,0.9437505,0.013361671939492226
191,5950,1.8000000000000012,0,29,0.9434750000000001,0.005201751831918955
192,5979,1.8000000000000012,0,29,0.9431995,0.0051385327242314816
193,6010,2.0000000000000013,0,31,0.942905,0.0028706006705760956
194,6039,1.8000000000000012,0,29,0.9426295,0.0012292342726141214
195,6070,2.0000000000000013,0,31,0.942335,0.0067347576841712
196,6100,1.9000000000000012,0,30,0.94205,0.004391265567392111
197,6131,2.0000000000000013,0,31,0.9417555,0.001295683323405683
198,6163,2.1000000000000014,0,32,0.9414515,0.002621255349367857
199,6195,2.1000000000000014,0,32,0.9411475,0.0021529546938836575
200,6224,1.8000000000000012,0,29,0.940872,0.0014984097797423601
201,6254,1.9000000000000012,0,30,0.9405870000000001,0.002667356515303254
202,6284,1.9000000000000012,0,30,0.940302,0.001177314086817205
203,6314,1.9000000000000012,0,30,0.940017,0.001995608676224947
204,6349,2.4000000000000017,0,35,0.9396845,0.001165296183899045
205,6379,1.9000000000000012,0,30,0.9393995,0.0026038584765046835
206,6411,2.1000000000000014,0,32,0.9390955,0.006796902511268854
207,6440,1.8000000000000012,0,29,0.93882,0.0017675868002697825
208,6469,1.8000000000000012,0,29,0.9385445,0.0013052683789283037
209,6503,2.3000000000000016,0,34,0.9382215,0.0035022408701479435
210,6533,1.9000000000000012,0,30,0.9379365,0.001404015114530921
211,6562,1.8000000000000012,0,29,0.937661,0.0032295547425746918
212,6595,2.2000000000000015,0,33,0.9373475,0.002867261879146099
213,6627,2.1000000000000014,0,32,0.9370435,0.0011508995667099953
214,6660,2.2000000000000015,0,33,0.93673,0.0008515727240592241
215,6692,2.1000000000000014,0,32,0.936426,0.0015590947587043047
216,6721,1.8000000000000012,0,29,0.9361505,0.0009642458171583712
217,6752,2.0000000000000013,0,31,0.935856,0.003822664264589548
218,6784,2.1000000000000014,0,32,0.935552,0.0032495628111064434
219,6820,2.5000000000000018,0,36,0.93521,0.005556359421461821
220,6851,2.0000000000000013,0,31,0.9349155,0.0017930868780240417
221,6881,1.9000000000000012,0,30,0.9346305,0.005899989046156406
222,6912,2.0000000000000013,0,31,0.934336,0.001357444329187274
223,6949,2.600000000000002,0,37,0.9339845,0.0012983429478481412
224,6978,1.8000000000000012,0,29,0.933709,0.004188987426459789
225,7009,2.0000000000000013,0,31,0.9334145,0.003766172332689166
226,7040,2.0000000000000013,0,31,0.93312,0.00038285256596282125
227,7071,2.0000000000000013,0,31,0.9328255,0.0005012945621274412
228,7105,2.3000000000000016,0,34,0.9325025,0.00020334977307356894
229,7134,1.8000000000000012,0,29,0.932227,0.0004388717352412641
230,7165,2.0000000000000013,0,31,0.9319325,0.00016898383910302073
231,7196,2.0000000000000013,0,31,0.931638,0.0011983407894149423
232,7228,2.1000000000000014,0,32,0.931334,0.00011120233830297366
233,7261,2.2000000000000015,0,33,0.9310205,0.00024403122370131314
234,7291,1.9000000000000012,0,30,0.9307355,0.0005891473265364766
235,7322,2.0000000000000013,0,31,0.930441,0.0006820103735662997
236,7351,1.8000000000000012,0,29,0.9301655,0.0009396165842190385
237,7381,1.9000000000000012,0,30,0.9298805,0.0006213035667315125
238,7410,1.8000000000000012,0,29,0.929605,0.0010142254177480936
239,7440,1.9000000000000012,0,30,0.92932,0.0009821903659030795
240,7470,1.9000000000000012,0,30,0.929035,0.0005247901426628232
241,7504,2.3000000000000016,0,34,0.928712,6.957069126656279e-05
242,7538,2.3000000000000016,0,34,0.928389,0.0006002394366078079
243,7568,1.9000000000000012,0,30,0.928104,0.00011475813516881317
244,7600,2.1000000000000014,0,32,0.9278,0.00019401044119149446
245,7629,1.8000000000000012,0,29,0.9275245,0.00048377487109974027
246,7660,2.0000000000000013,0,31,0.92723,7.802432810422033e-05
247,7690,1.9000000000000012,0,30,0.926945,0.0016615890199318528
248,7721,2.0000000000000013,0,31,0.9266505,0.0005561431753449142
249,7753,2.1000000000000014,0,32,0.9263465,0.0006230776198208332
250,7782,1.8000000000000012,0,29,0.926071,0.0004445642698556185
251,7812,1.9000000000000012,0,30,0.925786,0.0009417404653504491
252,7844,2.1000000000000014,0,32,0.925482,0.0006889770156703889
253,7874,1.9000000000000012,0,30,0.925197,0.00011891248868778348
254,7904,1.9000000000000012,0,30,0.924912,0.0001657674292800948
255,7934,1.9000000000000012,0,30,0.924627,0.00012393045471981168
256,7966,2.1000000000000014,0,32,0.924323,0.0006531985709443688
257,7996,1.9000000000000012,0,30,0.924038,6.290554301813245e-05
258,8030,2.3000000000000016,0,34,0.9237150000000001,0.0008888723677955568
259,8059,1.8000000000000012,0,29,0.9234395,0.00023777612659614533
260,8092,2.2000000000000015,0,33,0.923126,0.0005395961343310773
261,8122,1.9000000000000012,0,30,0.922841,0.000628124107606709
262,8151,1.8000000000000012,0,29,0.9225655,0.0005941827548667789
263,8183,2.1000000000000014,0,32,0.9222615,0.0006538764573633671
264,8214,2.0000000000000013,0,31,0.921967,0.00042900460539385676
265,8244,1.9000000000000012,0,30,0.921682,0.0002556414401624352
266,8275,2.0000000000000013,0,31,0.9213875,0.0005379868089221418
267,8306,2.0000000000000013,0,31,0.921093,0.0004091208102181554
268,8336,1.9000000000000012,0,30,0.920808,9.930931992130354e-05
269,8366,1.9000000000000012,0,30,0.920523,0.00040408835047855973
270,8398,2.1000000000000014,0,32,0.920219,0.0001198325480800122
271,8430,2.1000000000000014,0,32,0.919915,0.00016492462600581348
272,8461,2.0000000000000013,0,31,0.9196205,0.00027271450380794704
273,8500,2.800000000000002,0,39,0.91925,0.00028739141998812556
274,8531,2.0000000000000013,0,31,0.9189555,7.702088623773307e-05
275,8561,1.9000000000000012,0,30,0.9186705,0.00023086860892362893
276,8592,2.0000000000000013,0,31,0.918376,0.00030758502543903887
277,8623,2.0000000000000013,0,31,0.9180815,0.00012664057430811226
278,8653,1.9000000000000012,0,30,0.9177965,0.0001504156389273703
279,8687,2.3000000000000016,0,34,0.9174735,0.0003686161944642663
280,8719,2.1000000000000014,0,32,0.9171695,0.00033447289024479687
281,8753,2.3000000000000016,0,34,0.9168465,0.00037820066791027784
282,8782,1.8000000000000012,0,29,0.916571,8.318884647451341e-05
283,8812,1.9000000000000012,0,30,0.916286,0.0001571866450831294
284,8844,2.1000000000000014,0,32,0.915982,0.0002829995646607131
285,8875,2.0000000000000013,0,31,0.9156875,0.0004342177708167583
286,8906,2.0000000000000013,0,31,0.915393,0.00015086760686244816
287,8937,2.0000000000000013,0,31,0.9150985,0.0003370532067492604
288,8969,2.1000000000000014,0,32,0.9147945,0.0002033022465184331
289,9001,2.1000000000000014,0,32,0.9144905,0.0059036556631326675
290,9031,1.9000000000000012,0,30,0.9142055,0.00043754783109761775
291,9061,1.9000000000000012,0,30,0.9139205,0.00034595892066136
292,9094,2.2000000000000015,0,33,0.9136070000000001,0.0004556388594210148
293,9124,1.9000000000000012,0,30,0.913322,0.0002468399179633707
294,9153,1.8000000000000012,0,29,0.9130465,0.0016027481760829687
295,9183,1.9000000000000012,0,30,0.9127615,0.0006129593239165843
296,9215,2.1000000000000014,0,32,0.9124575,0.0004861707566305995
297,9246,2.0000000000000013,0,31,0.9121630000000001,0.00020718372252304107
298,9276,1.9000000000000012,0,30,0.911878,0.0004997259238734841
299,9307,2.0000000000000013,0,31,0.9115835,0.0005267420201562345
300,9337,1.9000000000000012,0,30,0.9112985,0.00018575221474748105
301,9368,2.0000000000000013,0,31,0.911004,0.00016908877296373248
302,9399,2.0000000000000013,0,31,0.9107095000000001,0.00010691403440432623
303,9430,2.0000000000000013,0,31,0.910415,0.00012356301886029541
304,9463,2.2000000000000015,0,33,0.9101015,0.00020467303693294525
305,9494,2.0000000000000013,0,31,0.909807,0.0003410187491681427
306,9523,1.8000000000000012,0,29,0.9095315,0.000881127780303359
307,9555,2.1000000000000014,0,32,0.9092275,0.0004073355230502784
308,9585,1.9000000000000012,0,30,0.9089425,0.0001731008233036846
309,9616,2.0000000000000013,0,31,0.908648,9.399643022334203e-05
310,9650,2.3000000000000016,0,34,0.908325,0.0003948947414755821
311,9682,2.1000000000000014,0,32,0.908021,0.0002030016912613064
312,9714,2.1000000000000014,0,32,0.907717,0.00022331600484903902
313,9746,2.1000000000000014,0,32,0.907413,0.00028670488973148167
314,9776,1.9000000000000012,0,30,0.907128,0.00030293245799839497
315,9807,2.0000000000000013,0,31,0.9068335,0.0006990090478211641
316,9838,2.0000000000000013,0,31,0.906539,9.704998228698969e-05
317,9869,2.0000000000000013,0,31,0.9062445,0.00012880902795586735
318,9900,2.0000000000000013,0,31,0.90595,0.00024696235777810216
319,9929,1.8000000000000012,0,29,0.9056745,0.000336813332978636
320,9959,1.9000000000000012,0,30,0.9053895,0.0002711947599891573
321,9993,2.3000000000000016,0,34,0.9050665,0.0001225791493197903
322,10023,1.9000000000000012,0,30,0.9047815,0.0006070318631827831
323,10054,2.0000000000000013,0,31,0.904487,0.00046581903006881475
324,10086,2.1000000000000014,0,32,0.904183,0.00027894810773432255
325,10116,1.9000000000000012,0,30,0.903898,0.00011298706522211432
326,10146,1.9000000000000012,0,30,0.903613,0.00017948650929611176
327,10175,1.8000000000000012,0,29,0.9033375,0.00013957482588011771
328,10206,2.0000000000000013,0,31,0.903043,0.00014201451267581433
329,10238,2.1000000000000014,0,32,0.902739,0.0002015533682424575
330,10269,2.0000000000000013,0,31,0.9024445,0.00029121077386662364
331,10300,2.0000000000000013,0,31,0.90215,0.00022365334734786302
332,10331,2.0000000000000013,0,31,0.9018555,5.9577250794973224e-05
333,10361,1.9000000000000012,0,30,0.9015705,0.00021183822536841035
334,10392,2.0000000000000013,0,31,0.901276,8.001836977200583e-05
335,10426,2.3000000000000016,0,34,0.900953,0.0001534095936222002
336,10456,1.9000000000000012,0,30,0.900668,0.00019745870667975396
337,10489,2.2000000000000015,0,33,0.9003545,0.00011108019680250436
338,10519,1.9000000000000012,0,30,0.9000695,0.00025585811818018556
339,10551,2.1000000000000014,0,32,0.8997655,0.00024802505504339933
340,10581,1.9000000000000012,0,30,0.8994805,6.623493391089141e-05
341,10611,1.9000000000000012,0,30,0.8991955,0.00017985861632041633
342,10645,2.3000000000000016,0,34,0.8988725,2.838486761902459e-05
343,10677,2.1000000000000014,0,32,0.8985685,0.00019845271890517324
344,10709,2.1000000000000014,0,32,0.8982645,0.0004127969150431454
345,10738,1.8000000000000012,0,29,0.897989,0.0001512864837422967
346,10771,2.2000000000000015,0,33,0.8976755,9.984266944229603e-05
347,10801,1.9000000000000012,0,30,0.8973905,0.00017463447875343263
348,10831,1.9000000000000012,0,30,0.8971055,8.541989518562332e-05
349,10861,1.9000000000000012,0,30,0.8968205,0.00024901621509343386
350,10893,2.1000000000000014,0,32,0.8965165,0.0001658157561905682
351,10923,1.9000000000000012,0,30,0.8962315000000001,0.00010113397001987323
352,10953,1.9000000000000012,0,30,0.8959465,0.00015216635074466467
353,10985,2.1000000000000014,0,32,0.8956425,1.2394517398206517e-05
354,11016,2.0000000000000013,0,31,0.895348,0.0010288830380886793
355,11046,1.9000000000000012,0,30,0.8950629999999999,0.00018463146989233792
356,11076,1.9000000000000012,0,30,0.894778,6.349413888528943e-05
357,11107,2.0000000000000013,0,31,0.8944835,0.00012619630433619022
358,11138,2.0000000000000013,0,31,0.894189,0.00013305226457305253
359,11171,2.2000000000000015,0,33,0.8938755,0.0002580188156571239
360,11202,2.0000000000000013,0,31,0.893581,0.00021158417803235352
361,11234,2.1000000000000014,0,32,0.893277,8.431174501311034e-05
362,11263,1.8000000000000012,0,29,0.8930015,0.00030872237402945757
363,11302,2.800000000000002,0,39,0.892631,0.00015481130685657263
364,11331,1.8000000000000012,0,29,0.8923555,0.00012849346967414021
365,11361,1.9000000000000012,0,30,0.8920705,0.00016117125051096082
366,11391,1.9000000000000012,0,30,0.8917855,5.291846173349768e-05
367,11424,2.2000000000000015,0,33,0.891472,8.624848123872653e-05
368,11454,1.9000000000000012,0,30,0.891187,5.90383933740668e-05
369,11485,2.0000000000000013,0,31,0.8908925,6.343751738313586e-05
370,11517,2.1000000000000014,0,32,0.8905885,7.887819083407521e-05
371,11547,1.9000000000000012,0,30,0.8903035,8.59293359098956e-05
372,11578,2.0000000000000013,0,31,0.890009,0.00018189530237577856
373,11611,2.2000000000000015,0,33,0.8896955,0.0002416589850327
374,11640,1.8000000000000012,0,29,0.88942,7.06623395672068e-05
375,11673,2.2000000000000015,0,33,0.8891065,6.787692109355703e-05
376,11706,2.2000000000000015,0,33,0.888793,7.049222767818719e-05
377,11742,2.5000000000000018,0,36,0.888451,0.00013215013314038515
378,11772,1.9000000000000012,0,30,0.888166,7.716105756117031e-05
379,11805,2.2000000000000015,0,33,0.8878525,0.00043969263788312674
380,11837,2.1000000000000014,0,32,0.8875485,9.55340001382865e-05
381,11871,2.3000000000000016,0,34,0.8872255,0.00022912322310730815
382,11901,1.9000000000000012,0,30,0.8869405,0.00010529064456932247
383,11931,1.9000000000000012,0,30,0.8866555,0.00015694710600655526
384,11961,1.9000000000000012,0,30,0.8863705,0.00035758360172621906
385,11994,2.2000000000000015,0,33,0.886057,0.00013895142183173448
386,12023,1.8000000000000012,0,29,0.8857815,0.00010996857599820942
387,12054,2.0000000000000013,0,31,0.885487,5.284986400511116e-05
388,12086,2.1000000000000014,0,32,0.885183,5.225716085988097e-05
389,12128,3.1000000000000014,0,42,0.884784,6.182013021316379e-05
390,12166,2.700000000000002,0,38,0.884423,9.309629240306094e-05
391,12196,1.9000000000000012,0,30,0.884138,0.00012086218339391053
392,12228,2.1000000000000014,0,32,0.883834,0.0002919382823165506
393,12261,2.2000000000000015,0,33,0.8835205,0.00011218003783142194
394,12293,2.1000000000000014,0,32,0.8832165,5.2181236242176965e-05
395,12324,2.0000000000000013,0,31,0.882922,7.560521771665663e-05
396,12353,1.8000000000000012,0,29,0.8826465,9.73758360487409e-05
397,12383,1.9000000000000012,0,30,0.8823615,0.000284345296677202
398,12415,2.1000000000000014,0,32,0.8820575,0.0001742864988045767
399,12446,2.0000000000000013,0,31,0.881763,0.00011427117715356871
400,12481,2.4000000000000017,0,35,0.8814305,4.340152008808218e-05
401,12513,2.1000000000000014,0,32,0.8811265,5.515692100743763e-05
402,12545,2.1000000000000014,0,32,0.8808225,0.00020711333490908146
403,12575,1.9000000000000012,0,30,0.8805375,6.0290876717772335e-05
404,12606,2.0000000000000013,0,31,0.880243,0.00016551572480238974
405,12637,2.0000000000000013,0,31,0.8799485,8.917412924347445e-05
406,12669,2.1000000000000014,0,32,0.8796445,0.000112719222670421
407,12698,1.8000000000000012,0,29,0.879369,0.00030214409343898296
408,12728,1.9000000000000012,0,30,0.879084,8.140453428495675e-05
409,12758,1.9000000000000012,0,30,0.878799,5.209033042774536e-05
410,12789,2.0000000000000013,0,31,0.8785045,7.06051432644017e-05
411,12819,1.9000000000000012,0,30,0.8782195,6.150029366835952e-05
412,12850,2.0000000000000013,0,31,0.877925,6.493969704024494e-05
413,12883,2.2000000000000015,0,33,0.8776115,0.0001204729633172974
414,12914,2.0000000000000013,0,31,0.877317,8.465054270345718e-05
415,12945,2.0000000000000013,0,31,0.8770225,0.001960678957402706
416,12976,2.0000000000000013,0,31,0.8767280000000001,9.683392272563651e-05
417,13005,1.8000000000000012,0,29,0.8764525,0.0010205036960542202
418,13037,2.1000000000000014,0,32,0.8761485,0.00018892314983531833
419,13067,1.9000000000000012,0,30,0.8758635,8.497008820995688e-05
420,13097,1.9000000000000012,0,30,0.8755785,0.00011101163545390591
421,13129,2.1000000000000014,0,32,0.8752745,6.284785195020959e-05
422,13159,1.9000000000000012,0,30,0.8749895,8.454138151137158e-05
423,13194,2.4000000000000017,0,35,0.874657,8.091384370345622e-05
424,13226,2.1000000000000014,0,32,0.874353,8.647969661979005e-05
425,13257,2.0000000000000013,0,31,0.8740585000000001,6.735255010426044e-05
426,13289,2.1000000000000014,0,32,0.8737545,4.1276445699622855e-05
427,13323,2.3000000000000016,0,34,0.8734315,0.0001311739906668663
428,13354,2.0000000000000013,0,31,0.873137,9.648694685893133e-05
429,13385,2.0000000000000013,0,31,0.8728425,4.498288399190642e-05
430,13418,2.2000000000000015,0,33,0.872529,9.43796694627963e-05
431,13451,2.2000000000000015,0,33,0.8722155,0.00043395679676905274
432,13483,2.1000000000000014,0,32,0.8719115,0.0010290518403053284
433,13516,2.2000000000000015,0,33,0.871598,0.00010469567496329546
434,13547,2.0000000000000013,0,31,0.8713035,6.481631135102361e-05
435,13578,2.0000000000000013,0,31,0.871009,5.191272066440433e-05
436,13608,1.9000000000000012,0,30,0.870724,0.0001228604232892394
437,13648,2.900000000000002,0,40,0.870344,0.00011352596629876643
438,13679,2.0000000000000013,0,31,0.8700495,4.1158273234032094e-05
439,13711,2.1000000000000014,0,32,0.8697455000000001,8.874254854163155e-05
440,13742,2.0000000000000013,0,31,0.869451,5.012109249946661e-05
441,13774,2.1000000000000014,0,32,0.869147,0.00012719057849608362
442,13807,2.2000000000000015,0,33,0.8688335,5.3660125558963045e-05
443,13837,1.9000000000000012,0,30,0.8685485,0.00010998096695402637
444,13867,1.9000000000000012,0,30,0.8682635000000001,6.236744957277551e-05
445,13898,2.0000000000000013,0,31,0.867969,0.00014714364078827202
446,13934,2.5000000000000018,0,36,0.867627,0.00012941934983246028
447,13963,1.8000000000000012,0,29,0.8673515,7.41629337426275e-05
448,13993,1.9000000000000012,0,30,0.8670665,0.000133628593175672
449,14023,1.9000000000000012,0,30,0.8667815,0.0002390525332884863
450,14057,2.3000000000000016,0,34,0.8664585,0.00012448089546523988
451,14091,2.3000000000000016,0,34,0.8661355,6.949131784494966e-05
452,14125,2.3000000000000016,0,34,0.8658125,3.8595688238274306e-05
453,14155,1.9000000000000012,0,30,0.8655275,3.073761399718933e-05
454,14186,2.0000000000000013,0,31,0.865233,5.7313944125780836e-05
455,14219,2.2000000000000015,0,33,0.8649195000000001,0.00015489579527638853
456,14251,2.1000000000000014,0,32,0.8646155,0.0006202462245710194
457,14284,2.2000000000000015,0,33,0.864302,0.00014188815839588642
458,14319,2.4000000000000017,0,35,0.8639695000000001,0.00011875083873746917
459,14353,2.3000000000000016,0,34,0.8636465,8.859296940499917e-05
460,14384,2.0000000000000013,0,31,0.863352,0.00010536485933698714
461,14417,2.2000000000000015,0,33,0.8630385,8.390469884034246e-05
462,14448,2.0000000000000013,0,31,0.862744,0.0001736556296236813
463,14479,2.0000000000000013,0,31,0.8624495,7.757355342619121e-05
464,14512,2.2000000000000015,0,33,0.862136,5.949560727458447e-05
465,14541,1.8000000000000012,0,29,0.8618605,0.00014690379612147808
466,14575,2.3000000000000016,0,34,0.8615375000000001,6.255469634197652e-05
467,14607,2.1000000000000014,0,32,0.8612335,0.00029226316837593913
468,14637,1.9000000000000012,0,30,0.8609485,6.067095455364324e-05
469,14669,2.1000000000000014,0,32,0.8606445,6.137852324172854e-05
470,14700,2.0000000000000013,0,31,0.86035,9.1039233666379e-05
471,14731,2.0000000000000013,0,31,0.8600555,3.314886271255091e-05
472,14765,2.3000000000000016,0,34,0.8597325,0.00010821582691278309
473,14796,2.0000000000000013,0,31,0.859438,3.64161969628185e-05
474,14825,1.8000000000000012,0,29,0.8591625,0.00010296575055690482
475,14856,2.0000000000000013,0,31,0.858868,0.00016560114454478025
476,14888,2.1000000000000014,0,32,0.858564,0.0002418162184767425
477,14919,2.0000000000000013,0,31,0.8582695,8.956508827395737e-05
478,14948,1.8000000000000012,0,29,0.857994,4.394602729007602e-05
479,14980,2.1000000000000014,0,32,0.8576900000000001,8.352410804945976e-05
480,15015,2.4000000000000017,0,35,0.8573575,0.0011900097597390413
481,15048,2.2000000000000015,0,33,0.857044,6.913884863024577e-05
482,15078,1.9000000000000012,0,30,0.856759,3.532562550390139e-05
483,15108,1.9000000000000012,0,30,0.856474,4.966082633472979e-05
484,15138,1.9000000000000012,0,30,0.856189,7.546395499957725e-05
485,15169,2.0000000000000013,0,31,0.8558945,6.296081119216979e-05
486,15200,2.0000000000000013,0,31,0.8556,3.650219150586054e-05
487,15233,2.2000000000000015,0,33,0.8552865000000001,4.645478475140408e-05
488,15264,2.0000000000000013,0,31,0.854992,7.60029797675088e-05
489,15294,1.9000000000000012,0,30,0.854707,0.00012296078784856945
490,15324,1.9000000000000012,0,30,0.854422,9.00609593372792e-05
491,15356,2.1000000000000014,0,32,0.854118,9.505025809630752e-05
492,15387,2.0000000000000013,0,31,0.8538235000000001,9.147002128884196e-05
493,15419,2.1000000000000014,0,32,0.8535195,5.2853421948384494e-05
494,15450,2.0000000000000013,0,31,0.853225,5.923130811424926e-05
495,15480,1.9000000000000012,0,30,0.85294,4.034143785247579e-05
496,15513,2.2000000000000015,0,33,0.8526265,7.367902435362339e-05
497,15545,2.1000000000000014,0,32,0.8523225,5.67656425118912e-05
498,15578,2.2000000000000015,0,33,0.852009,5.490842158906162e-05
499,15608,1.9000000000000012,0,30,0.851724,7.382367039099336e-05
500,15638,1.9000000000000012,0,30,0.8514390000000001,7.559887308161706e-05
501,15668,1.9000000000000012,0,30,0.851154,0.00013649858010467142
502,15701,2.2000000000000015,0,33,0.8508405,6.471168308053166e-05
503,15733,2.1000000000000014,0,32,0.8505365,3.8194652006495744e-05
504,15763,1.9000000000000012,0,30,0.8502515,3.3604832424316555e-05
505,15792,1.8000000000000012,0,29,0.8499760000000001,3.511046088533476e-05
506,15824,2.1000000000000014,0,32,0.849672,0.00010918650514213368
507,15860,2.5000000000000018,0,36,0.84933,3.479280712781474e-05
508,15890,1.9000000000000012,0,30,0.849045,0.0001123756228480488
509,15922,2.1000000000000014,0,32,0.848741,0.00014858771464787424
510,15954,2.1000000000000014,0,32,0.848437,4.2551138903945684e-05
511,15991,2.600000000000002,0,37,0.8480855,2.6470221200725064e-05
512,16023,2.1000000000000014,0,32,0.8477815,0.0008332091383635998
513,16053,1.9000000000000012,0,30,0.8474965,8.435903873760253e-05
514,16084,2.0000000000000013,0,31,0.847202,0.0019342834129929543
515,16114,1.9000000000000012,0,30,0.846917,0.0002173688990296796
516,16145,2.0000000000000013,0,31,0.8466225000000001,0.00015306321438401937
517,16181,2.5000000000000018,0,36,0.8462805,0.0001187732195830904
518,16212,2.0000000000000013,0,31,0.845986,8.852921746438369e-05
519,16245,2.2000000000000015,0,33,0.8456725,0.00011277043813606724
520,16275,1.9000000000000012,0,30,0.8453875,7.12021574145183e-05
521,16306,2.0000000000000013,0,31,0.845093,7.526233093813062e-05
522,16339,2.2000000000000015,0,33,0.8447795,7.78174726292491e-05
523,16369,1.9000000000000012,0,30,0.8444945,8.021592657314613e-05
524,16398,1.8000000000000012,0,29,0.844219,5.380980655900203e-05
525,16430,2.1000000000000014,0,32,0.843915,6.874110113130882e-05
526,16462,2.1000000000000014,0,32,0.843611,6.215397297637537e-05
527,16494,2.1000000000000014,0,32,0.843307,8.64305256982334e-05
528,16526,2.1000000000000014,0,32,0.8430030000000001,0.00015772326150909066
529,16556,1.9000000000000012,0,30,0.842718,8.493271161569282e-05
530,16588,2.1000000000000014,0,32,0.842414,3.054909757338464e-05
531,16619,2.0000000000000013,0,31,0.8421195,0.00022974125749897212
532,16652,2.2000000000000015,0,33,0.841806,5.559199780691415e-05
533,16686,2.3000000000000016,0,34,0.841483,4.8269655962940305e-05
534,16718,2.1000000000000014,0,32,0.841179,8.09665652923286e-05
535,16749,2.0000000000000013,0,31,0.8408845,7.194868521764874e-05
536,16783,2.3000000000000016,0,34,0.8405615,4.590776370605454e-05
537,16816,2.2000000000000015,0,33,0.840248,0.00019152027380187064
538,16849,2.2000000000000015,0,33,0.8399345,0.0024503692984580994
539,16879,1.9000000000000012,0,30,0.8396495,6.76674535498023e-05
540,16911,2.1000000000000014,0,32,0.8393455,0.00046272872714325786
541,16944,2.2000000000000015,0,33,0.839032,7.144643313949928e-05
542,16976,2.1000000000000014,0,32,0.838728,5.192901153350249e-05
543,17007,2.0000000000000013,0,31,0.8384335,0.0026815510354936123
544,17038,2.0000000000000013,0,31,0.838139,0.0004649345646612346
545,17068,1.9000000000000012,0,30,0.837854,0.00031778455013409257
546,17102,2.3000000000000016,0,34,0.837531,0.00019697756215464324
547,17133,2.0000000000000013,0,31,0.8372364999999999,8.914215868571773e-05
548,17164,2.0000000000000013,0,31,0.8369420000000001,0.0006574465660378337
549,17193,1.8000000000000012,0,29,0.8366665,6.566964293597266e-05
550,17224,2.0000000000000013,0,31,0.836372,0.00031703116837888956
551,17257,2.2000000000000015,0,33,0.8360585,4.459257615962997e-05
552,17286,1.8000000000000012,0,29,0.8357829999999999,0.00041059491923078895
553,17320,2.3000000000000016,0,34,0.83546,8.665256609674543e-05
554,17350,1.9000000000000012,0,30,0.835175,0.00036145347985439
555,17384,2.3000000000000016,0,34,0.834852,0.0001424756774213165
556,17421,2.600000000000002,0,37,0.8345005,0.00011500234541017562
557,17452,2.0000000000000013,0,31,0.834206,7.87928729550913e-05
558,17483,2.0000000000000013,0,31,0.8339115,5.951727871433832e-05
559,17514,2.0000000000000013,0,31,0.833617,0.00010018437751568854
560,17544,1.9000000000000012,0,30,0.833332,9.027996566146612e-05
561,17574,1.9000000000000012,0,30,0.833047,0.00028030003886669874
562,17608,2.3000000000000016,0,34,0.832724,0.00018024566816166043
563,17639,2.0000000000000013,0,31,0.8324295,0.0001231734931934625
564,17670,2.0000000000000013,0,31,0.8321350000000001,0.00013781915185973048
565,17703,2.2000000000000015,0,33,0.8318215,8.601514127803966e-05
566,17735,2.1000000000000014,0,32,0.8315175,0.00016246507584583014
567,17766,2.0000000000000013,0,31,0.831223,6.108053639763966e-05
568,17797,2.0000000000000013,0,31,0.8309285,0.00011193731188541278
569,17826,1.8000000000000012,0,29,0.830653,0.00025466346414759755
570,17856,1.9000000000000012,0,30,0.830368,0.00011782468936871737
571,17887,2.0000000000000013,0,31,0.8300735,0.00016259076073765755
572,17918,2.0000000000000013,0,31,0.829779,0.00033713155426084995
573,17954,2.5000000000000018,0,36,0.829437,0.00021979374287184328
574,17985,2.0000000000000013,0,31,0.8291425,0.00017704660422168672
575,18016,2.0000000000000013,0,31,0.828848,0.0008907208684831858
576,18045,1.8000000000000012,0,29,0.8285725,0.00015736417844891548
577,18076,2.0000000000000013,0,31,0.8282780000000001,0.0001091241865651682
578,18107,2.0000000000000013,0,31,0.8279835,0.00011664281919365749
579,18137,1.9000000000000012,0,30,0.8276985,0.00011504012218210846
580,18168,2.0000000000000013,0,31,0.827404,3.7624213291564956e-05
581,18201,2.2000000000000015,0,33,0.8270905,0.00012339319800958037
582,18231,1.9000000000000012,0,30,0.8268055,0.00011473003542050719
583,18265,2.3000000000000016,0,34,0.8264825,0.0001410663389833644
584,18295,1.9000000000000012,0,30,0.8261975,8.383635577047244e-05
585,18325,1.9000000000000012,0,30,0.8259125,0.00015717349015176296
586,18355,1.9000000000000012,0,30,0.8256275,2.6998657631338574e-05
587,18385,1.9000000000000012,0,30,0.8253425,0.0001640132104512304
588,18419,2.3000000000000016,0,34,0.8250195,6.254706386243924e-05
589,18452,2.2000000000000015,0,33,0.824706,0.00026522506959736347
590,18491,2.800000000000002,0,39,0.8243355,9.44290732149966e-05
591,18524,2.2000000000000015,0,33,0.824022,7.558702054666355e-05
592,18555,2.0000000000000013,0,31,0.8237275,0.00015258038183674216
593,18585,1.9000000000000012,0,30,0.8234425000000001,0.0001916247420012951
594,18615,1.9000000000000012,0,30,0.8231575,3.7775411328766495e-05
595,18645,1.9000000000000012,0,30,0.8228725,9.14601405384019e-05
596,18676,2.0000000000000013,0,31,0.822578,4.048435221193358e-05
597,18707,2.0000000000000013,0,31,0.8222835000000001,6.0006746934959665e-05
598,18741,2.3000000000000016,0,34,0.8219605,8.48111740197055e-05
599,18776,2.4000000000000017,0,35,0.821628,8.214892295654863e-05
600,18806,1.9000000000000012,0,30,0.821343,9.278478682972491e-05
601,18836,1.9000000000000012,0,30,0.8210580000000001,5.6671669881325215e-05
602,18867,2.0000000000000013,0,31,0.8207635,8.731218258617446e-05
603,18898,2.0000000000000013,0,31,0.820469,0.00011117297253804281
604,18929,2.0000000000000013,0,31,0.8201745,5.631001477013342e-05
605,18966,2.600000000000002,0,37,0.819823,0.00018092025129590183
606,18996,1.9000000000000012,0,30,0.819538,9.243235399480909e-05
607,19026,1.9000000000000012,0,30,0.819253,0.0008344434900209308
608,19057,2.0000000000000013,0,31,0.8189585,0.0001192143972730264
609,19087,1.9000000000000012,0,30,0.8186735,0.00021282614034134895
610,19117,1.9000000000000012,0,30,0.8183885,0.00025218643713742495
611,19147,1.9000000000000012,0,30,0.8181035,0.000212155791814439
612,19183,2.5000000000000018,0,36,0.8177615,0.00010219329124083742
613,19215,2.1000000000000014,0,32,0.8174575000000001,0.00011114467633888125
614,19251,2.5000000000000018,0,36,0.8171155,0.0004810196114704013
615,19284,2.2000000000000015,0,33,0.816802,4.421900666784495e-05
616,19317,2.2000000000000015,0,33,0.8164885,5.342177610145882e-05
617,19349,2.1000000000000014,0,32,0.8161845,0.000147654049214907
618,19381,2.1000000000000014,0,32,0.8158805,7.499078492401168e-05
619,19413,2.1000000000000014,0,32,0.8155765,0.00040169450221583247
620,19443,1.9000000000000012,0,30,0.8152915000000001,9.65729050221853e-05
621,19475,2.1000000000000014,0,32,0.8149875,7.557481148978695e-05
622,19507,2.1000000000000014,0,32,0.8146835,0.00022904954676050693
623,19536,1.8000000000000012,0,29,0.814408,0.00013675200170837343
624,19571,2.4000000000000017,0,35,0.8140755,0.0001279326097574085
625,19601,1.9000000000000012,0,30,0.8137905000000001,0.0001709016942186281
626,19632,2.0000000000000013,0,31,0.813496,0.0002836196799762547
627,19665,2.2000000000000015,0,33,0.8131825,0.00010791969543788582
628,19695,1.9000000000000012,0,30,0.8128975,0.0004141797253396362
629,19728,2.2000000000000015,0,33,0.812584,0.006537354551255703
630,19758,1.9000000000000012,0,30,0.812299,7.50644103391096e-05
631,19790,2.1000000000000014,0,32,0.811995,0.00010631336772348732
632,19820,1.9000000000000012,0,30,0.81171,4.954478208674118e-05
633,19855,2.4000000000000017,0,35,0.8113775,4.9080364988185465e-05
634,19894,2.800000000000002,0,39,0.811007,5.029146632296033e-05
635,19924,1.9000000000000012,0,30,0.8107219999999999,4.2933788790833205e-05
636,19955,2.0000000000000013,0,31,0.8104275,3.520019163261168e-05
637,19986,2.0000000000000013,0,31,0.810133,0.00011309160618111491
638,20020,2.3000000000000016,0,34,0.80981,0.0004494976601563394
639,20057,2.600000000000002,0,37,0.8094585,0.0003183201188221574
640,20086,1.8000000000000012,0,29,0.809183,0.00022262860147748142
641,20119,2.2000000000000015,0,33,0.8088695,6.740799290128052e-05
642,20149,1.9000000000000012,0,30,0.8085845,0.00013796193525195122
643,20181,2.1000000000000014,0,32,0.8082805,0.00018363534763921052
644,20213,2.1000000000000014,0,32,0.8079765,0.00046567374374717474
645,20243,1.9000000000000012,0,30,0.8076915,0.0007957065827213228
646,20276,2.2000000000000015,0,33,0.807378,6.971271795919165e-05
647,20308,2.1000000000000014,0,32,0.807074,0.00016021888586692512
648,20341,2.2000000000000015,0,33,0.8067605,0.0002338257327210158
649,20373,2.1000000000000014,0,32,0.8064565,7.56190056563355e-05
650,20403,1.9000000000000012,0,30,0.8061715,9.49698660406284e-05
651,20435,2.1000000000000014,0,32,0.8058675,0.00011763379734475166
652,20466,2.0000000000000013,0,31,0.805573,0.0003972162085119635
653,20500,2.3000000000000016,0,34,0.80525,0.00020030155428685248
654,20533,2.2000000000000015,0,33,0.8049364999999999,0.0003126845113001764
655,20569,2.5000000000000018,0,36,0.8045945,4.379056190373376e-05
656,20605,2.5000000000000018,0,36,0.8042525,8.473638445138931e-05
657,20638,2.2000000000000015,0,33,0.803939,0.0004458885523490608
658,20671,2.2000000000000015,0,33,0.8036255,9.919505100697279e-05
659,20705,2.3000000000000016,0,34,0.8033025,0.00012043573951814324
660,20742,2.600000000000002,0,37,0.802951,5.477434388012625e-05
661,20772,1.9000000000000012,0,30,0.802666,0.00020150332420598716
662,20804,2.1000000000000014,0,32,0.802362,0.00017924827989190817
663,20835,2.0000000000000013,0,31,0.8020674999999999,3.238300632801838e-05
664,20865,1.9000000000000012,0,30,0.8017825000000001,0.00013334426330402493
665,20900,2.4000000000000017,0,35,0.80145,0.00017077234224416316
666,20932,2.1000000000000014,0,32,0.801146,0.00028888415545225143
667,20962,1.9000000000000012,0,30,0.800861,9.042109013535082e-05
668,20994,2.1000000000000014,0,32,0.800557,0.00014393278979696333
669,21025,2.0000000000000013,0,31,0.8002625,0.00021101869060657918
670,21056,2.0000000000000013,0,31,0.799968,0.0006395179661922157
671,21086,1.9000000000000012,0,30,0.799683,0.0007242113351821899
672,21116,1.9000000000000012,0,30,0.799398,0.0004978343495167792
673,21153,2.600000000000002,0,37,0.7990465,0.0009204985690303147
674,21185,2.1000000000000014,0,32,0.7987425,0.000696370902005583
675,21218,2.2000000000000015,0,33,0.798429,0.0007460769847966731
676,21247,1.8000000000000012,0,29,0.7981535,0.00013830231910105795
677,21278,2.0000000000000013,0,31,0.797859,0.00021030037896707654
678,21312,2.3000000000000016,0,34,0.797536,5.486787995323539e-05
679,21357,3.4000000000000004,0,45,0.7971085,0.00016539984790142626
680,21387,1.9000000000000012,0,30,0.7968235,0.0002224774070782587
681,21418,2.0000000000000013,0,31,0.796529,0.0002073376381304115
682,21452,2.3000000000000016,0,34,0.796206,0.00011049323074985296
683,21485,2.2000000000000015,0,33,0.7958925,0.00010539601498749107
684,21517,2.1000000000000014,0,32,0.7955885,9.613494330551475e-05
685,21552,2.4000000000000017,0,35,0.795256,0.00023201291332952678
686,21583,2.0000000000000013,0,31,0.7949615,0.00025852961698547006
687,21616,2.2000000000000015,0,33,0.794648,0.00031943718204274774
688,21652,2.5000000000000018,0,36,0.794306,0.000182260264409706
689,21682,1.9000000000000012,0,30,0.794021,0.00014938146341592073
690,21715,2.2000000000000015,0,33,0.7937075,0.0002998242562171072
691,21746,2.0000000000000013,0,31,0.793413,0.00025325408205389977
692,21784,2.700000000000002,0,38,0.793052,0.0003881294105667621
693,21816,2.1000000000000014,0,32,0.792748,0.0011841374216601253
694,21846,1.9000000000000012,0,30,0.792463,0.00023708961089141667
695,21877,2.0000000000000013,0,31,0.7921685,0.00011521905253175646
696,21911,2.3000000000000016,0,34,0.7918455,0.0001273491798201576
697,21943,2.1000000000000014,0,32,0.7915415,0.00019638512458186597
698,21976,2.2000000000000015,0,33,0.791228,7.18855153536424e-05
699,22014,2.700000000000002,0,38,0.790867,0.0006337689701467752
700,22045,2.0000000000000013,0,31,0.7905725,0.0003028451756108552
701,22076,2.0000000000000013,0,31,0.790278,0.0003611566498875618
702,22109,2.2000000000000015,0,33,0.7899645,0.00018940120935440063
703,22140,2.0000000000000013,0,31,0.78967,0.00013868424866814166
704,22172,2.1000000000000014,0,32,0.789366,0.0001634195214137435
705,22213,3.0000000000000018,0,41,0.7889765,5.7600038417149335e-05
706,22243,1.9000000000000012,0,30,0.7886915,0.00014564213051926345
707,22280,2.600000000000002,0,37,0.78834,0.00017437127826269716
708,22310,1.9000000000000012,0,30,0.788055,0.00022822641767561436
709,22341,2.0000000000000013,0,31,0.7877605,0.0004028129333164543
710,22373,2.1000000000000014,0,32,0.7874565,0.00033917580731213093
711,22406,2.2000000000000015,0,33,0.787143,0.0002904646680690348
712,22436,1.9000000000000012,0,30,0.7868580000000001,0.00022422100300900638
713,22466,1.9000000000000012,0,30,0.786573,0.0002500447444617748
714,22497,2.0000000000000013,0,31,0.7862785,0.00014560637646354735
715,22534,2.600000000000002,0,37,0.785927,8.48975614644587e-05
716,22564,1.9000000000000012,0,30,0.785642,0.00010724412277340889
717,22596,2.1000000000000014,0,32,0.785338,0.0003197568003088236
718,22628,2.1000000000000014,0,32,0.785034,0.0001174256467493251
719,22660,2.1000000000000014,0,32,0.78473,0.00040965815423987806
720,22693,2.2000000000000015,0,33,0.7844165000000001,7.135992927942425e-05
721,22725,2.1000000000000014,0,32,0.7841125,0.00012054699618602172
722,22755,1.9000000000000012,0,30,0.7838275,8.794984023552388e-05
723,22791,2.5000000000000018,0,36,0.7834855000000001,0.0004187828453723341
724,22829,2.700000000000002,0,38,0.7831245,0.00014629415818490088
725,22864,2.4000000000000017,0,35,0.7827919999999999,0.00016236596275120974
726,22895,2.0000000000000013,0,31,0.7824975000000001,0.00019831600366160274
727,22928,2.2000000000000015,0,33,0.782184,0.00044227365287952125
728,22962,2.3000000000000016,0,34,0.781861,0.00021040730644017458
729,22996,2.3000000000000016,0,34,0.7815380000000001,0.0002133857924491167
730,23026,1.9000000000000012,0,30,0.781253,0.0007538858335465193
731,23057,2.0000000000000013,0,31,0.7809585,0.00016543893434572965
732,23092,2.4000000000000017,0,35,0.780626,0.00047896592877805233
733,23126,2.3000000000000016,0,34,0.780303,0.00041779704042710364
734,23157,2.0000000000000013,0,31,0.7800085,0.0002258486347272992
735,23189,2.1000000000000014,0,32,0.7797045,0.0010234450455754995
736,23221,2.1000000000000014,0,32,0.7794005,0.00018825920415110886
737,23252,2.0000000000000013,0,31,0.779106,0.0001765823399182409
738,23285,2.2000000000000015,0,33,0.7787925,0.0004055324534419924
739,23315,1.9000000000000012,0,30,0.7785075,0.0003971042751800269
740,23352,2.600000000000002,0,37,0.7781560000000001,0.000168736616615206
741,23391,2.800000000000002,0,39,0.7777855,0.0006915697595104575
742,23425,2.3000000000000016,0,34,0.7774625,8.766948303673416e-05
743,23454,1.8000000000000012,0,29,0.7771870000000001,0.0011252877302467823
744,23484,1.9000000000000012,0,30,0.776902,0.0005990308127366006
745,23515,2.0000000000000013,0,31,0.7766075,0.00041327765211462975
746,23545,1.9000000000000012,0,30,0.7763225,0.00014161173021420836
747,23575,1.9000000000000012,0,30,0.7760375,8.236277790274471e-05
748,23611,2.5000000000000018,0,36,0.7756955,0.0003958164306823164
749,23644,2.2000000000000015,0,33,0.775382,0.0001227482280228287
750,23674,1.9000000000000012,0,30,0.775097,0.00013852573465555906
751,23704,1.9000000000000012,0,30,0.7748120000000001,0.00021567704970948398
752,23734,1.9000000000000012,0,30,0.774527,0.00012731357128359377
753,23764,1.9000000000000012,0,30,0.774242,0.0003446283517405391
754,23795,2.0000000000000013,0,31,0.7739475,0.0003655815962702036
755,23828,2.2000000000000015,0,33,0.773634,0.0004850977857131511
756,23859,2.0000000000000013,0,31,0.7733395000000001,0.00043074271525256336
757,23889,1.9000000000000012,0,30,0.7730545,0.00013891086564399302
758,23927,2.700000000000002,0,38,0.7726935,8.53447345434688e-05
759,23958,2.0000000000000013,0,31,0.7723990000000001,0.00012556527508422732
760,23992,2.3000000000000016,0,34,0.772076,0.00010414209100417793
761,24024,2.1000000000000014,0,32,0.771772,0.00045121644507162273
762,24054,1.9000000000000012,0,30,0.771487,0.00034131103893741965
763,24086,2.1000000000000014,0,32,0.771183,0.00012885459000244737
764,24117,2.0000000000000013,0,31,0.7708885,0.00034420323208905756
765,24147,1.9000000000000012,0,30,0.7706035,0.00043861291487701237
766,24185,2.700000000000002,0,38,0.7702424999999999,0.00037478533340618014
767,24219,2.3000000000000016,0,34,0.7699195000000001,0.000367315107723698
768,24254,2.4000000000000017,0,35,0.769587,0.00024875294184312224
769,24286,2.1000000000000014,0,32,0.769283,0.000162702111992985
770,24316,1.9000000000000012,0,30,0.7689980000000001,0.0003596882161218673
771,24345,1.8000000000000012,0,29,0.7687225,0.00010774988913908601
772,24377,2.1000000000000014,0,32,0.7684185,0.00010348948126193136
773,24408,2.0000000000000013,0,31,0.768124,0.0002619187580421567
774,24444,2.5000000000000018,0,36,0.767782,0.0003081893373746425
775,24477,2.2000000000000015,0,33,0.7674685,0.0004439984913915396
776,24509,2.1000000000000014,0,32,0.7671645,0.00012823185534216464
777,24544,2.4000000000000017,0,35,0.766832,0.0002634769189171493
778,24576,2.1000000000000014,0,32,0.766528,0.0009993317071348429
779,24607,2.0000000000000013,0,31,0.7662335,0.00047511630691587925
780,24640,2.2000000000000015,0,33,0.7659199999999999,0.0003503194893710315
781,24670,1.9000000000000012,0,30,0.7656350000000001,0.0002060255064861849
782,24702,2.1000000000000014,0,32,0.765331,0.0001991871977224946
783,24733,2.0000000000000013,0,31,0.7650365,0.0001090279474738054
784,24764,2.0000000000000013,0,31,0.764742,0.0002366758999414742
785,24797,2.2000000000000015,0,33,0.7644285,0.00133429910056293
786,24830,2.2000000000000015,0,33,0.764115,0.00020105225848965347
787,24862,2.1000000000000014,0,32,0.763811,0.0004782601317856461
788,24894,2.1000000000000014,0,32,0.763507,0.00016730104107409716
789,24928,2.3000000000000016,0,34,0.763184,0.00031020224560052156
790,24962,2.3000000000000016,0,34,0.762861,0.00013876153388991952
791,24998,2.5000000000000018,0,36,0.762519,0.00033120159059762955
792,25027,1.8000000000000012,0,29,0.7622435000000001,0.00036424241261556745
793,25060,2.2000000000000015,0,33,0.76193,0.0007233122014440596
794,25090,1.9000000000000012,0,30,0.761645,0.0002575900580268353
795,25126,2.5000000000000018,0,36,0.7613030000000001,0.0007659540278837085
796,25160,2.3000000000000016,0,34,0.76098,0.0030799496453255415
797,25193,2.2000000000000015,0,33,0.7606665,0.00029032916063442826
798,25227,2.3000000000000016,0,34,0.7603435000000001,0.00017515019862912595
799,25260,2.2000000000000015,0,33,0.76003,0.0010994101176038384
800,25293,2.2000000000000015,0,33,0.7597165,0.00044039019849151373
801,25325,2.1000000000000014,0,32,0.7594125,0.0003747635637409985
802,25359,2.3000000000000016,0,34,0.7590895,0.00024617259623482823
803,25393,2.3000000000000016,0,34,0.7587665,0.00034083350328728557
804,25425,2.1000000000000014,0,32,0.7584625,0.0009410597267560661
805,25456,2.0000000000000013,0,31,0.758168,0.00032473832834511995
806,25486,1.9000000000000012,0,30,0.7578830000000001,0.00024291581939905882
807,25527,3.0000000000000018,0,41,0.7574935,0.0003573122376110405
808,25569,3.1000000000000014,0,42,0.7570945,0.00037093283026479185
809,25600,2.0000000000000013,0,31,0.7568,0.00019668220193125308
810,25630,1.9000000000000012,0,30,0.756515,0.00033689069095999
811,25660,1.9000000000000012,0,30,0.75623,0.0002001973771257326
812,25693,2.2000000000000015,0,33,0.7559165,0.0008611349621787667
813,25732,2.800000000000002,0,39,0.755546,8.15390158095397e-05
814,25762,1.9000000000000012,0,30,0.755261,0.0002443339617457241
815,25795,2.2000000000000015,0,33,0.7549475,0.0001783842599252239
816,25825,1.9000000000000012,0,30,0.7546625,0.00010915990424109623
817,25856,2.0000000000000013,0,31,0.754368,0.00014307236415334046
818,25887,2.0000000000000013,0,31,0.7540735000000001,0.00013935077004134655
819,25920,2.2000000000000015,0,33,0.75376,0.00028578200726769865
820,25957,2.600000000000002,0,37,0.7534084999999999,0.0004624739522114396
821,25989,2.1000000000000014,0,32,0.7531045000000001,0.00023591273929923773
822,26019,1.9000000000000012,0,30,0.7528195,0.0005392164457589388
823,26050,2.0000000000000013,0,31,0.752525,0.0004949031863361597
824,26081,2.0000000000000013,0,31,0.7522305,0.0005023542908020318
825,26114,2.2000000000000015,0,33,0.7519170000000001,0.00025770848151296377
826,26146,2.1000000000000014,0,32,0.751613,0.0008963700383901596
827,26184,2.700000000000002,0,38,0.751252,0.00016146643611136824
828,26218,2.3000000000000016,0,34,0.750929,0.00024343468248844147
829,26249,2.0000000000000013,0,31,0.7506345,0.0006856366526335478
830,26285,2.5000000000000018,0,36,0.7502925,0.000475600128993392
831,26318,2.2000000000000015,0,33,0.749979,0.00039724400267004967
832,26349,2.0000000000000013,0,31,0.7496845000000001,0.0006133860442787409
833,26385,2.5000000000000018,0,36,0.7493425,0.0004495735338423401
834,26417,2.1000000000000014,0,32,0.7490384999999999,0.0002375117182964459
835,26450,2.2000000000000015,0,33,0.748725,0.00016927502292674035
836,26481,2.0000000000000013,0,31,0.7484305,0.0002972693764604628
837,26513,2.1000000000000014,0,32,0.7481265,0.00016828099614940584
838,26546,2.2000000000000015,0,33,0.7478130000000001,9.505536581855267e-05
839,26580,2.3000000000000016,0,34,0.74749,0.00016047709505073726
840,26612,2.1000000000000014,0,32,0.747186,0.0010636019287630916
841,26643,2.0000000000000013,0,31,0.7468915,0.00010451402340549976
842,26675,2.1000000000000014,0,32,0.7465875,0.00010960242070723325
843,26710,2.4000000000000017,0,35,0.746255,0.00015570719551760703
844,26741,2.0000000000000013,0,31,0.7459605,0.0003562789934221655
845,26781,2.900000000000002,0,40,0.7455805,0.000557366875000298
846,26815,2.3000000000000016,0,34,0.7452575,0.0003464416367933154
847,26848,2.2000000000000015,0,33,0.744944,0.00021954232943244278
848,26883,2.4000000000000017,0,35,0.7446115,0.0010256734676659107
849,26917,2.3000000000000016,0,34,0.7442885,0.0021768633741885424
850,26951,2.3000000000000016,0,34,0.7439655000000001,0.0002889543538913131
851,26982,2.0000000000000013,0,31,0.743671,0.00026388009428046644
852,27014,2.1000000000000014,0,32,0.743367,0.0010581009555608034
853,27046,2.1000000000000014,0,32,0.743063,0.0008708854438737035
854,27078,2.1000000000000014,0,32,0.742759,0.0007788276998326182
855,27112,2.3000000000000016,0,34,0.742436,0.025909973308444023
856,27145,2.2000000000000015,0,33,0.7421225,0.001961835427209735
857,27176,2.0000000000000013,0,31,0.7418279999999999,0.0004331562086008489
858,27210,2.3000000000000016,0,34,0.7415050000000001,0.0007234152872115374
859,27244,2.3000000000000016,0,34,0.741182,0.0005649047088809311
860,27281,2.600000000000002,0,37,0.7408305,0.0015555265126749873
861,27316,2.4000000000000017,0,35,0.740498,0.0011580918217077851
862,27347,2.0000000000000013,0,31,0.7402035,0.000976424606051296
863,27378,2.0000000000000013,0,31,0.7399089999999999,0.0013170550810173154
864,27412,2.3000000000000016,0,34,0.7395860000000001,0.0007913707522675395
865,27446,2.3000000000000016,0,34,0.739263,0.00033278181217610836
866,27476,1.9000000000000012,0,30,0.738978,0.00038285943446680903
867,27508,2.1000000000000014,0,32,0.738674,0.00015410425839945674
868,27539,2.0000000000000013,0,31,0.7383795,0.00024792514159344137
869,27574,2.4000000000000017,0,35,0.738047,0.00029115588404238224
870,27607,2.2000000000000015,0,33,0.7377335,0.00022071815328672528
871,27639,2.1000000000000014,0,32,0.7374295,0.00024845253210514784
872,27674,2.4000000000000017,0,35,0.737097,0.004276296589523554
873,27705,2.0000000000000013,0,31,0.7368025,0.0005788670387119055
874,27736,2.0000000000000013,0,31,0.7365079999999999,0.00019944182713516057
875,27766,1.9000000000000012,0,30,0.7362230000000001,0.00026639309362508357
876,27805,2.800000000000002,0,39,0.7358525,0.0006262458628043532
877,27839,2.3000000000000016,0,34,0.7355295,0.0003382015856914222
878,27872,2.2000000000000015,0,33,0.735216,0.0007859360193833709
879,27912,2.900000000000002,0,40,0.734836,0.00033552301465533674
880,27946,2.3000000000000016,0,34,0.734513,0.00018655919120647013
881,27981,2.4000000000000017,0,35,0.7341805,0.001313236658461392
882,28012,2.0000000000000013,0,31,0.733886,0.0027352008037269115
883,28046,2.3000000000000016,0,34,0.733563,0.0010923047084361315
884,28082,2.5000000000000018,0,36,0.733221,0.0004651991184800863
885,28115,2.2000000000000015,0,33,0.7329075,0.00019232385966461152
886,28146,2.0000000000000013,0,31,0.732613,0.00014739875041414052
887,28178,2.1000000000000014,0,32,0.7323090000000001,0.0006175459711812437
888,28214,2.5000000000000018,0,36,0.731967,0.00041613541543483734
889,28246,2.1000000000000014,0,32,0.731663,0.0003677904896903783
890,28278,2.1000000000000014,0,32,0.7313590000000001,0.0004560862435027957
891,28310,2.1000000000000014,0,32,0.731055,0.000659975572489202
892,28341,2.0000000000000013,0,31,0.7307605,0.00022679349058307707
893,28372,2.0000000000000013,0,31,0.7304660000000001,0.0003233571769669652
894,28403,2.0000000000000013,0,31,0.7301715,0.0007512698066420853
895,28433,1.9000000000000012,0,30,0.7298865,0.0003064580378122628
896,28467,2.3000000000000016,0,34,0.7295635,0.00047384900972247124
897,28502,2.4000000000000017,0,35,0.729231,0.0007756531704217196
898,28537,2.4000000000000017,0,35,0.7288985,0.001509533729404211
899,28568,2.0000000000000013,0,31,0.728604,0.0005208513466641307
900,28600,2.1000000000000014,0,32,0.7283000000000001,0.00030592246912419796
901,28632,2.1000000000000014,0,32,0.727996,0.0009309368906542659
902,28663,2.0000000000000013,0,31,0.7277015,0.0010884148068726063
903,28696,2.2000000000000015,0,33,0.727388,0.0001172756019514054
904,28731,2.4000000000000017,0,35,0.7270555000000001,0.0002284625661559403
905,28762,2.0000000000000013,0,31,0.726761,0.00024033825320657343
906,28797,2.4000000000000017,0,35,0.7264285,0.0002626060741022229
907,28831,2.3000000000000016,0,34,0.7261055000000001,0.00012618995970115066
908,28863,2.1000000000000014,0,32,0.7258015,0.000538050604518503
909,28896,2.2000000000000015,0,33,0.725488,0.0006044005858711898
910,28927,2.0000000000000013,0,31,0.7251935,0.00012568524107336998
911,28959,2.1000000000000014,0,32,0.7248895,0.00028417209978215396
912,28996,2.600000000000002,0,37,0.724538,0.00031129346461966634
913,29033,2.600000000000002,0,37,0.7241865000000001,0.0011636002454906702
914,29067,2.3000000000000016,0,34,0.7238635,0.017313353717327118
915,29098,2.0000000000000013,0,31,0.723569,0.0011905308347195387
916,29133,2.4000000000000017,0,35,0.7232365000000001,0.00015711761079728603
917,29165,2.1000000000000014,0,32,0.7229325,0.00046121011837385595
918,29203,2.700000000000002,0,38,0.7225714999999999,0.0007031957502476871
919,29237,2.3000000000000016,0,34,0.7222485000000001,0.0004224748117849231
920,29271,2.3000000000000016,0,34,0.7219255,0.0015981757314875722
921,29305,2.3000000000000016,0,34,0.7216025,0.00062992621678859
922,29338,2.2000000000000015,0,33,0.7212890000000001,0.0003315803478471935
923,29374,2.5000000000000018,0,36,0.720947,0.000257667968980968
924,29406,2.1000000000000014,0,32,0.720643,0.0006592833669856191
925,29436,1.9000000000000012,0,30,0.720358,0.0014286492951214314
926,29469,2.2000000000000015,0,33,0.7200445,0.0008194872061721981
927,29500,2.0000000000000013,0,31,0.71975,0.00025763845769688487
928,29534,2.3000000000000016,0,34,0.719427,0.00026455431361682713
929,29565,2.0000000000000013,0,31,0.7191325,0.0005792937008664012
930,29599,2.3000000000000016,0,34,0.7188095000000001,0.000504269904922694
931,29632,2.2000000000000015,0,33,0.718496,0.0003354055224917829
932,29682,3.8999999999999986,0,50,0.718021,0.0001288257772102952
933,29712,1.9000000000000012,0,30,0.717736,0.0005678879097104073
934,29745,2.2000000000000015,0,33,0.7174225000000001,0.0010024483781307936
935,29779,2.3000000000000016,0,34,0.7170995,0.0035697012208402157
936,29814,2.4000000000000017,0,35,0.7167669999999999,0.0006813103100284934
937,29848,2.3000000000000016,0,34,0.716444,0.0004522452945820987
938,29884,2.5000000000000018,0,36,0.716102,0.0002998652635142207
939,29915,2.0000000000000013,0,31,0.7158074999999999,0.00019658793462440372
940,29946,2.0000000000000013,0,31,0.7155130000000001,0.000289993011392653
941,29983,2.600000000000002,0,37,0.7151615,0.0010066074319183826
942,30015,2.1000000000000014,0,32,0.7148575,0.0025618390645831823
943,30051,2.5000000000000018,0,36,0.7145155000000001,0.0008204382611438632
944,30085,2.3000000000000016,0,34,0.7141925,0.000583184533752501
945,30122,2.600000000000002,0,37,0.713841,0.0005802380619570613
946,30155,2.2000000000000015,0,33,0.7135275000000001,0.0008369983988814056
947,30191,2.5000000000000018,0,36,0.7131855,0.02756033092737198
948,30223,2.1000000000000014,0,32,0.7128815,0.0012537493603304029
949,30266,3.200000000000001,0,43,0.712473,0.0004820897593162954
950,30298,2.1000000000000014,0,32,0.712169,0.0007852271664887667
951,30332,2.3000000000000016,0,34,0.711846,0.0005614313413389027
952,30370,2.700000000000002,0,38,0.7114849999999999,0.0003455114201642573
953,30403,2.2000000000000015,0,33,0.7111715000000001,0.00026208272902294993
954,30440,2.600000000000002,0,37,0.71082,0.00023258051078300923
955,30474,2.3000000000000016,0,34,0.7104969999999999,0.0003351737395860255
956,30504,1.9000000000000012,0,30,0.7102120000000001,0.000623220345005393
957,30537,2.2000000000000015,0,33,0.7098985,9.631691500544548e-05
958,30571,2.3000000000000016,0,34,0.7095755,0.00036390521563589573
959,30601,1.9000000000000012,0,30,0.7092905,0.00018090850790031254
960,30636,2.4000000000000017,0,35,0.708958,0.0006963855703361332
961,30668,2.1000000000000014,0,32,0.708654,0.0009140197653323412
962,30704,2.5000000000000018,0,36,0.708312,0.0005259653553366661
963,30736,2.1000000000000014,0,32,0.708008,0.0007784685585647821
964,30768,2.1000000000000014,0,32,0.707704,0.004591707140207291
965,30806,2.700000000000002,0,38,0.707343,0.00028866977663710713
966,30839,2.2000000000000015,0,33,0.7070295,0.0006401780992746353
967,30872,2.2000000000000015,0,33,0.706716,0.00013155944179743528
968,30903,2.0000000000000013,0,31,0.7064215,0.00036680762423202395
969,30936,2.2000000000000015,0,33,0.706108,0.0003700670786201954
970,30976,2.900000000000002,0,40,0.705728,0.000342755694873631
971,31014,2.700000000000002,0,38,0.705367,0.002087751869112253
972,31046,2.1000000000000014,0,32,0.705063,0.0006127640372142196
973,31079,2.2000000000000015,0,33,0.7047495,0.0003432646917644888
974,31113,2.3000000000000016,0,34,0.7044265000000001,0.00026567571330815554
975,31153,2.900000000000002,0,40,0.7040465,0.0005691804108209908
976,31184,2.0000000000000013,0,31,0.7037519999999999,0.0007974557811394334
977,31218,2.3000000000000016,0,34,0.7034290000000001,0.0010148498695343733
978,31266,3.6999999999999993,0,48,0.7029730000000001,0.00040333252400159836
979,31298,2.1000000000000014,0,32,0.702669,0.00046925872447900474
980,31338,2.900000000000002,0,40,0.7022889999999999,0.0011346208630129695
981,31372,2.3000000000000016,0,34,0.7019660000000001,0.00043675111373886466
982,31405,2.2000000000000015,0,33,0.7016525,0.0002539728884585202
983,31437,2.1000000000000014,0,32,0.7013485,0.0006605710950680077
984,31468,2.0000000000000013,0,31,0.7010540000000001,0.0019608796574175358
985,31500,2.1000000000000014,0,32,0.70075,0.00037854473339393735
986,31531,2.0000000000000013,0,31,0.7004555,0.0015909483190625906
987,31563,2.1000000000000014,0,32,0.7001515,0.000592815806157887
988,31616,4.1999999999999975,0,53,0.699648,0.00100223277695477
989,31651,2.4000000000000017,0,35,0.6993155,0.0007701347931288183
990,31683,2.1000000000000014,0,32,0.6990115,0.0005051811458542943
991,31714,2.0000000000000013,0,31,0.698717,0.00032147218007594347
992,31749,2.4000000000000017,0,35,0.6983845,0.000497825734782964
993,31783,2.3000000000000016,0,34,0.6980615,0.0009360237745568156
994,31821,2.700000000000002,0,38,0.6977005000000001,0.0009532526601105928
995,31856,2.4000000000000017,0,35,0.697368,0.0002774775493890047
996,31890,2.3000000000000016,0,34,0.697045,0.0002991928777191788
997,31925,2.4000000000000017,0,35,0.6967125000000001,0.000622060673777014
998,31961,2.5000000000000018,0,36,0.6963705,0.00014486881264019758
999,31992,2.0000000000000013,0,31,0.696076,0.0004765670164488256
1000,32023,2.0000000000000013,0,31,0.6957815,0.00389008317142725
1001,32056,2.2000000000000015,0,33,0.695468,0.0013755110558122396
1002,32090,2.3000000000000016,0,34,0.695145,0.001407054951414466
1003,32130,2.900000000000002,0,40,0.6947650000000001,0.00037115049781277776
1004,32167,2.600000000000002,0,37,0.6944135,0.00046461616875603795
1005,32197,1.9000000000000012,0,30,0.6941285,0.0009825100423768163
1006,32229,2.1000000000000014,0,32,0.6938245000000001,0.0005557144759222865
1007,32262,2.2000000000000015,0,33,0.693511,0.00041189324110746384
1008,32308,3.5,0,46,0.693074,0.0005090630147606134
1009,32340,2.1000000000000014,0,32,0.69277,0.0005161225562915206
1010,32381,3.0000000000000018,0,41,0.6923805000000001,0.0006384456646628678
1011,32414,2.2000000000000015,0,33,0.692067,0.00041939844959415495
1012,32450,2.5000000000000018,0,36,0.6917249999999999,0.0011689281091094017
1013,32483,2.2000000000000015,0,33,0.6914115000000001,0.00019961243378929794
1014,32517,2.3000000000000016,0,34,0.6910885,0.00033714063465595245
1015,32557,2.900000000000002,0,40,0.6907085,0.0077573093585669994
1016,32588,2.0000000000000013,0,31,0.6904140000000001,0.0006765383877791464
1017,32620,2.1000000000000014,0,32,0.69011,0.0005452043260447681
1018,32652,2.1000000000000014,0,32,0.689806,0.00047086860286071897
1019,32684,2.1000000000000014,0,32,0.6895020000000001,0.000303467211779207
1020,32716,2.1000000000000014,0,32,0.689198,0.00030670835985802114
1021,32755,2.800000000000002,0,39,0.6888274999999999,0.00018178438767790794
1022,32788,2.2000000000000015,0,33,0.6885140000000001,0.00038597872480750084
1023,32826,2.700000000000002,0,38,0.688153,0.0006839054403826594
1024,32858,2.1000000000000014,0,32,0.687849,0.001218857942149043
1025,32891,2.2000000000000015,0,33,0.6875355000000001,0.0006680345977656543
1026,32922,2.0000000000000013,0,31,0.687241,0.00022991739388089627
1027,32956,2.3000000000000016,0,34,0.6869179999999999,0.00043125252705067396
1028,32993,2.600000000000002,0,37,0.6865665000000001,0.03150215372443199
1029,33027,2.3000000000000016,0,34,0.6862435,0.0014814785681664944
1030,33061,2.3000000000000016,0,34,0.6859204999999999,0.0007684932788833976
1031,33096,2.4000000000000017,0,35,0.6855880000000001,0.0014550546184182167
1032,33145,3.799999999999999,0,49,0.6851225,0.00042439333628863096
1033,33178,2.2000000000000015,0,33,0.684809,0.00032861996442079544
1034,33210,2.1000000000000014,0,32,0.684505,0.00026860524667426944
1035,33246,2.5000000000000018,0,36,0.6841630000000001,0.0005159670254215598
1036,33281,2.4000000000000017,0,35,0.6838305,0.00033730946597643197
1037,33318,2.600000000000002,0,37,0.6834790000000001,0.0018866618629544973
1038,33352,2.3000000000000016,0,34,0.6831560000000001,0.000365801970474422
1039,33387,2.4000000000000017,0,35,0.6828235,0.00038049943395890296
1040,33419,2.1000000000000014,0,32,0.6825195,0.0004147542640566826
1041,33455,2.5000000000000018,0,36,0.6821775,0.01244962215423584
1042,33487,2.1000000000000014,0,32,0.6818735,0.0010918105253949761
1043,33524,2.600000000000002,0,37,0.681522,0.00063309445977211
1044,33560,2.5000000000000018,0,36,0.68118,0.00043878023279830813
1045,33593,2.2000000000000015,0,33,0.6808665,0.00022801099112257361
1046,33635,3.1000000000000014,0,42,0.6804675,0.0005198864382691681
1047,33667,2.1000000000000014,0,32,0.6801634999999999,0.001550960587337613
1048,33699,2.1000000000000014,0,32,0.6798595000000001,0.0002717101597227156
1049,33730,2.0000000000000013,0,31,0.679565,0.0127787534147501
1050,33764,2.3000000000000016,0,34,0.679242,0.00038848139229230583
1051,33799,2.4000000000000017,0,35,0.6789095,0.00033559149596840143
1052,33831,2.1000000000000014,0,32,0.6786055,0.0002969997003674507
1053,33864,2.2000000000000015,0,33,0.678292,0.0005782037042081356
1054,33897,2.2000000000000015,0,33,0.6779785,0.0007426884840242565
1055,33930,2.2000000000000015,0,33,0.677665,0.0006812985520809889
1056,33963,2.2000000000000015,0,33,0.6773515000000001,0.00033818650990724564
1057,33995,2.1000000000000014,0,32,0.6770475,0.0017386795952916145
1058,34029,2.3000000000000016,0,34,0.6767245,0.001068877405487001
1059,34084,4.399999999999997,0,55,0.676202,0.0007656358066014946
1060,34114,1.9000000000000012,0,30,0.675917,0.00039813629700802267
1061,34146,2.1000000000000014,0,32,0.675613,0.001207712572067976
1062,34189,3.200000000000001,0,43,0.6752045,0.0006297826766967773
1063,34239,3.8999999999999986,0,50,0.6747295,0.0004021962231490761
1064,34271,2.1000000000000014,0,32,0.6744255,0.0008797617629170418
1065,34312,3.0000000000000018,0,41,0.6740360000000001,0.0007661686395294964
1066,34346,2.3000000000000016,0,34,0.673713,0.0009367086458951235
1067,34382,2.5000000000000018,0,36,0.6733709999999999,0.0006499610608443618
1068,34414,2.1000000000000014,0,32,0.6730670000000001,0.03539610281586647
1069,34444,1.9000000000000012,0,30,0.672782,0.0004104440740775317
1070,34476,2.1000000000000014,0,32,0.672478,0.005456987302750349
1071,34506,1.9000000000000012,0,30,0.672193,0.001244605635292828
1072,34545,2.800000000000002,0,39,0.6718225,0.0005346323014236987
1073,34578,2.2000000000000015,0,33,0.671509,0.0023509887978434563
1074,34611,2.2000000000000015,0,33,0.6711955000000001,0.0012536152498796582
1075,34643,2.1000000000000014,0,32,0.6708915,0.0003409093478694558
1076,34683,2.900000000000002,0,40,0.6705114999999999,0.0007547808345407248
1077,34718,2.4000000000000017,0,35,0.6701790000000001,0.0004669106856454164
1078,34753,2.4000000000000017,0,35,0.6698465,0.0008791244472377002
1079,34786,2.2000000000000015,0,33,0.6695329999999999,0.001187697984278202
1080,34822,2.5000000000000018,0,36,0.6691910000000001,0.00032855133758857846
1081,34852,1.9000000000000012,0,30,0.668906,0.0012568614911288023
1082,34888,2.5000000000000018,0,36,0.6685639999999999,0.0018843538127839565
1083,34937,3.799999999999999,0,49,0.6680984999999999,0.000241617948631756
1084,34971,2.3000000000000016,0,34,0.6677755000000001,0.0005163180758245289
1085,35016,3.4000000000000004,0,45,0.667348,0.005860382691025734
1086,35047,2.0000000000000013,0,31,0.6670535,0.0009038788266479969
1087,35079,2.1000000000000014,0,32,0.6667495000000001,0.0006010266370140016
1088,35122,3.200000000000001,0,43,0.6663410000000001,0.001476057805120945
1089,35153,2.0000000000000013,0,31,0.6660465,0.0007717609987594187
1090,35185,2.1000000000000014,0,32,0.6657425,0.0005157208070158958
1091,35217,2.1000000000000014,0,32,0.6654385,0.0005508848698809743
1092,35256,2.800000000000002,0,39,0.665068,0.000499862537253648
1093,35286,1.9000000000000012,0,30,0.664783,0.0002946356835309416
1094,35322,2.5000000000000018,0,36,0.6644410000000001,0.0005501745035871863
1095,35354,2.1000000000000014,0,32,0.664137,0.0004251999198459089
1096,35387,2.2000000000000015,0,33,0.6638235,0.0004834975698031485
1097,35422,2.4000000000000017,0,35,0.663491,0.000601665407884866
1098,35455,2.2000000000000015,0,33,0.6631775,0.0006505076307803392
1099,35485,1.9000000000000012,0,30,0.6628925,0.0011039909441024065
1100,35517,2.1000000000000014,0,32,0.6625885,0.00044237260590307415
1101,35559,3.1000000000000014,0,42,0.6621895,0.000325217581121251
1102,35601,3.1000000000000014,0,42,0.6617905,0.0004491790314204991
1103,35638,2.600000000000002,0,37,0.6614390000000001,0.00037800465361215174
1104,35669,2.0000000000000013,0,31,0.6611445,0.0010456491727381945
1105,35702,2.2000000000000015,0,33,0.660831,0.0002933227806352079
1106,35737,2.4000000000000017,0,35,0.6604985,0.000598767539486289
1107,35770,2.2000000000000015,0,33,0.660185,0.00017113483045250177
1108,35803,2.2000000000000015,0,33,0.6598714999999999,0.00044657947728410363
1109,35843,2.900000000000002,0,40,0.6594915,0.0002530267811380327
1110,35876,2.2000000000000015,0,33,0.659178,0.0012078298022970557
1111,35912,2.5000000000000018,0,36,0.658836,0.002911890856921673
1112,35944,2.1000000000000014,0,32,0.658532,0.0017046433640643954
1113,35977,2.2000000000000015,0,33,0.6582185,0.0004069378483109176
1114,36011,2.3000000000000016,0,34,0.6578955,0.0010893368162214756
1115,36042,2.0000000000000013,0,31,0.657601,0.003669849829748273
1116,36074,2.1000000000000014,0,32,0.657297,0.00047715820255689323
1117,36107,2.2000000000000015,0,33,0.6569834999999999,0.0005962479044683278
1118,36143,2.5000000000000018,0,36,0.6566415000000001,0.0009627606486901641
1119,36180,2.600000000000002,0,37,0.65629,0.0005711567355319858
1120,36215,2.4000000000000017,0,35,0.6559575,0.000456474837847054
1121,36250,2.4000000000000017,0,35,0.655625,0.0007173524354584515
1122,36281,2.0000000000000013,0,31,0.6553305,0.0005205101333558559
1123,36311,1.9000000000000012,0,30,0.6550455,0.0007727451156824827
1124,36342,2.0000000000000013,0,31,0.654751,0.000870978576131165
1125,36376,2.3000000000000016,0,34,0.654428,0.0014600936556234956
1126,36410,2.3000000000000016,0,34,0.654105,0.0009654589230194688
1127,36446,2.5000000000000018,0,36,0.653763,0.0010308942291885614
1128,36478,2.1000000000000014,0,32,0.653459,0.0002774862223304808
1129,36513,2.4000000000000017,0,35,0.6531264999999999,0.000392951158573851
1130,36546,2.2000000000000015,0,33,0.6528130000000001,0.00044675235403701663
1131,36582,2.5000000000000018,0,36,0.652471,0.0006089280941523612
1132,36614,2.1000000000000014,0,32,0.6521669999999999,0.001646443153731525
1133,36646,2.1000000000000014,0,32,0.6518630000000001,0.000406894541811198
1134,36678,2.1000000000000014,0,32,0.651559,0.00024502360611222684
1135,36713,2.4000000000000017,0,35,0.6512264999999999,0.00038907662383280694
1136,36749,2.5000000000000018,0,36,0.6508845000000001,0.0005104473093524575
1137,36781,2.1000000000000014,0,32,0.6505805,0.00015576108125969768
1138,36818,2.600000000000002,0,37,0.650229,0.00033338047796860337
1139,36854,2.5000000000000018,0,36,0.6498870000000001,0.001272429944947362
1140,36889,2.4000000000000017,0,35,0.6495545,0.0011082362616434693
1141,36926,2.600000000000002,0,37,0.649203,0.0021566925570368767
1142,36961,2.4000000000000017,0,35,0.6488705,0.0040252935141325
1143,36993,2.1000000000000014,0,32,0.6485665,0.0013574928743764758
1144,37033,2.900000000000002,0,40,0.6481865,0.00137898582033813
1145,37064,2.0000000000000013,0,31,0.6478919999999999,0.00032787094824016094
1146,37095,2.0000000000000013,0,31,0.6475975,0.001012970693409443
1147,37129,2.3000000000000016,0,34,0.6472745,0.0004986142739653587
1148,37161,2.1000000000000014,0,32,0.6469705,0.00044426677050068974
1149,37198,2.600000000000002,0,37,0.646619,0.0003721682296600193
1150,37234,2.5000000000000018,0,36,0.646277,0.00026469561271369457
1151,37270,2.5000000000000018,0,36,0.645935,0.000682323588989675
1152,37301,2.0000000000000013,0,31,0.6456405000000001,0.00041126838186755776
1153,37336,2.4000000000000017,0,35,0.645308,0.00040006072958931327
1154,37367,2.0000000000000013,0,31,0.6450135,0.0005417967913672328
1155,37403,2.5000000000000018,0,36,0.6446715000000001,0.0006635775207541883
1156,37438,2.4000000000000017,0,35,0.644339,0.0006654380122199655
1157,37471,2.2000000000000015,0,33,0.6440255,0.0005370867438614368
1158,37507,2.5000000000000018,0,36,0.6436835000000001,0.00027651997515931726
1159,37538,2.0000000000000013,0,31,0.643389,0.01808352582156658
1160,37591,4.1999999999999975,0,53,0.6428855,0.00043770024785771966
1161,37629,2.700000000000002,0,38,0.6425244999999999,0.00031999434577301145
1162,37667,2.700000000000002,0,38,0.6421635,0.0004244598385412246
1163,37701,2.3000000000000016,0,34,0.6418405,0.00048693036660552025
1164,37741,2.900000000000002,0,40,0.6414605,0.0015402772696688771
1165,37773,2.1000000000000014,0,32,0.6411565,0.0004358617006801069
1166,37811,2.700000000000002,0,38,0.6407955000000001,0.0003837435506284237
1167,37846,2.4000000000000017,0,35,0.640463,0.00044101240928284824
1168,37882,2.5000000000000018,0,36,0.640121,0.0010921470820903778
1169,37917,2.4000000000000017,0,35,0.6397885000000001,0.00022358732530847192
1170,37952,2.4000000000000017,0,35,0.639456,0.003929030615836382
1171,37987,2.4000000000000017,0,35,0.6391235,0.0006215430330485106
1172,38028,3.0000000000000018,0,41,0.638734,0.0008260259637609124
1173,38058,1.9000000000000012,0,30,0.638449,0.0007607054430991411
1174,38092,2.3000000000000016,0,34,0.638126,0.0006271929014474154
1175,38135,3.200000000000001,0,43,0.6377174999999999,0.0005234800628386438
1176,38166,2.0000000000000013,0,31,0.6374230000000001,0.0019736988469958305
1177,38244,6.699999999999989,0,78,0.636682,0.0003234305768273771
1178,38287,3.200000000000001,0,43,0.6362735,0.0006068224320188165
1179,38321,2.3000000000000016,0,34,0.6359505000000001,0.0004135636845603585
1180,38354,2.2000000000000015,0,33,0.635637,0.0006355048390105367
1181,38386,2.1000000000000014,0,32,0.635333,0.0007262615254148841
1182,38420,2.3000000000000016,0,34,0.6350100000000001,0.0006922172615304589
1183,38475,4.399999999999997,0,55,0.6344875000000001,0.0007457536994479597
1184,38516,3.0000000000000018,0,41,0.634098,0.00028329435735940933
1185,38552,2.5000000000000018,0,36,0.633756,0.0003656498156487942
1186,38587,2.4000000000000017,0,35,0.6334235,0.0005169353680685163
1187,38620,2.2000000000000015,0,33,0.6331100000000001,0.0017197878332808614
1188,38655,2.4000000000000017,0,35,0.6327775,0.00036998893483541906
1189,38686,2.0000000000000013,0,31,0.632483,0.0007505511748604476
1190,38716,1.9000000000000012,0,30,0.632198,0.009756640531122684
1191,38748,2.1000000000000014,0,32,0.631894,0.001603677636012435
1192,38792,3.3000000000000007,0,44,0.631476,0.0006569226970896125
1193,38824,2.1000000000000014,0,32,0.6311720000000001,0.0016164698172360659
1194,38856,2.1000000000000014,0,32,0.630868,0.0006203292869031429
1195,38888,2.1000000000000014,0,32,0.630564,0.0002589611685834825
1196,38919,2.0000000000000013,0,31,0.6302695,0.0006275175255723298
1197,38953,2.3000000000000016,0,34,0.6299465,0.0005105120362713933
1198,38993,2.900000000000002,0,40,0.6295665,0.0009097414440475404
1199,39029,2.5000000000000018,0,36,0.6292245000000001,0.0006123408675193787
1200,39070,3.0000000000000018,0,41,0.628835,0.0008626369526609778
1201,39104,2.3000000000000016,0,34,0.628512,0.0006552077829837799
1202,39136,2.1000000000000014,0,32,0.6282080000000001,0.001503586769104004
1203,39169,2.2000000000000015,0,33,0.6278945,0.0007264456944540143
1204,39204,2.4000000000000017,0,35,0.627562,0.0005815061158500612
1205,39236,2.1000000000000014,0,32,0.6272580000000001,0.004263703711330891
1206,39273,2.600000000000002,0,37,0.6269065,0.0003890450461767614
1207,39305,2.1000000000000014,0,32,0.6266025,0.0007316712872125208
1208,39350,3.4000000000000004,0,45,0.6261749999999999,0.0006011272198520601
1209,39391,3.0000000000000018,0,41,0.6257855000000001,0.0010847628582268953
1210,39439,3.6999999999999993,0,48,0.6253295,0.000643732026219368
1211,39475,2.5000000000000018,0,36,0.6249875,0.0001933592720888555
1212,39511,2.5000000000000018,0,36,0.6246455,0.0003214355674572289
1213,39552,3.0000000000000018,0,41,0.624256,0.00018888254999183118
1214,39583,2.0000000000000013,0,31,0.6239615000000001,0.00022497889585793018
1215,39614,2.0000000000000013,0,31,0.623667,0.0004423764767125249
1216,39648,2.3000000000000016,0,34,0.623344,0.0004274425737094134
1217,39680,2.1000000000000014,0,32,0.62304,0.0003521261387504637
1218,39714,2.3000000000000016,0,34,0.622717,0.0009194372105412185
1219,39747,2.2000000000000015,0,33,0.6224035000000001,0.0003504255728330463
1220,39782,2.4000000000000017,0,35,0.622071,0.0002874938945751637
1221,39830,3.6999999999999993,0,48,0.621615,0.0006316726794466376
1222,39862,2.1000000000000014,0,32,0.6213110000000001,0.0022278637625277042
1223,39897,2.4000000000000017,0,35,0.6209785000000001,0.000341594684869051
1224,39932,2.4000000000000017,0,35,0.620646,0.0007518085767515004
1225,39965,2.2000000000000015,0,33,0.6203325,0.0005158116109669209
1226,40020,4.399999999999997,0,55,0.61981,0.003100368659943342
1227,40051,2.0000000000000013,0,31,0.6195155000000001,0.0008760552736930549
1228,40087,2.5000000000000018,0,36,0.6191735,0.001491491449996829
1229,40121,2.3000000000000016,0,34,0.6188505,0.0018521540332585573
1230,40167,3.5,0,46,0.6184135,0.0011535497615113854
1231,40200,2.2000000000000015,0,33,0.6181,0.0004923509550280869
1232,40240,2.900000000000002,0,40,0.61772,0.0011655701091513038
1233,40278,2.700000000000002,0,38,0.617359,0.0007045926176942885
1234,40311,2.2000000000000015,0,33,0.6170454999999999,0.01028066873550415
1235,40345,2.3000000000000016,0,34,0.6167225000000001,0.0007086265250109136
1236,40380,2.4000000000000017,0,35,0.61639,0.0002305986126884818
1237,40411,2.0000000000000013,0,31,0.6160955,0.030544094741344452
1238,40446,2.4000000000000017,0,35,0.6157630000000001,0.0014566683676093817
1239,40501,4.399999999999997,0,55,0.6152405000000001,0.0010547749698162079
1240,40536,2.4000000000000017,0,35,0.614908,0.0004963690880686045
1241,40580,3.3000000000000007,0,44,0.61449,0.0010126379784196615
1242,40617,2.600000000000002,0,37,0.6141385,0.0006405522581189871
1243,40650,2.2000000000000015,0,33,0.6138250000000001,0.00029788483516313136
1244,40685,2.4000000000000017,0,35,0.6134925,0.0007274681702256203
1245,40717,2.1000000000000014,0,32,0.6131885,0.0006202656659297645
1246,40757,2.900000000000002,0,40,0.6128085000000001,0.010550316423177719
1247,40792,2.4000000000000017,0,35,0.612476,0.0006155556766316295
1248,40832,2.900000000000002,0,40,0.612096,0.0008058414096012712
1249,40867,2.4000000000000017,0,35,0.6117635,0.0008829394355416298
1250,40901,2.3000000000000016,0,34,0.6114405,0.0008872204343788326
1251,40935,2.3000000000000016,0,34,0.6111175,0.0003135225852020085
1252,40971,2.5000000000000018,0,36,0.6107755,0.00021257622574921697
1253,41004,2.2000000000000015,0,33,0.6104620000000001,0.0068152351304888725
1254,41042,2.700000000000002,0,38,0.610101,0.002906764391809702
1255,41076,2.3000000000000016,0,34,0.6097779999999999,0.00250497879460454
1256,41109,2.2000000000000015,0,33,0.6094645000000001,0.0005765125970356166
1257,41142,2.2000000000000015,0,33,0.609151,0.0006625456735491753
1258,41176,2.3000000000000016,0,34,0.6088279999999999,0.0017061387188732624
1259,41210,2.3000000000000016,0,34,0.6085050000000001,0.0006858165143057704
1260,41242,2.1000000000000014,0,32,0.608201,0.00048207276267930865
1261,41280,2.700000000000002,0,38,0.6078399999999999,0.0004965676926076412
1262,41313,2.2000000000000015,0,33,0.6075265000000001,0.0006794258952140808
1263,41346,2.2000000000000015,0,33,0.607213,0.000901235151104629
1264,41390,3.3000000000000007,0,44,0.606795,0.0017616695258766413
1265,41424,2.3000000000000016,0,34,0.606472,0.019422823563218117
1266,41458,2.3000000000000016,0,34,0.606149,0.0008035172359086573
1267,41493,2.4000000000000017,0,35,0.6058165,0.000633731484413147
1268,41525,2.1000000000000014,0,32,0.6055125,0.0011560493148863316
1269,41558,2.2000000000000015,0,33,0.605199,0.0027652797289192677
1270,41593,2.4000000000000017,0,35,0.6048665,0.0011562907602638006
1271,41627,2.3000000000000016,0,34,0.6045435000000001,0.00024399215180892497
1272,41658,2.0000000000000013,0,31,0.604249,0.0007700382848270237
1273,41691,2.2000000000000015,0,33,0.6039355,0.0008648443035781384
1274,41724,2.2000000000000015,0,33,0.603622,0.0006182764773257077
1275,41761,2.600000000000002,0,37,0.6032705,0.0016828000079840422
1276,41792,2.0000000000000013,0,31,0.602976,0.002301708096638322
1277,41829,2.600000000000002,0,37,0.6026245,0.0006167844403535128
1278,41861,2.1000000000000014,0,32,0.6023205,0.0007177904481068254
1279,41903,3.1000000000000014,0,42,0.6019215,0.003123450092971325
1280,41942,2.800000000000002,0,39,0.601551,0.0009833293734118342
1281,41978,2.5000000000000018,0,36,0.6012090000000001,0.002319497987627983
1282,42009,2.0000000000000013,0,31,0.6009145,0.0037170089781284332
1283,42043,2.3000000000000016,0,34,0.6005915,0.001590085681527853
1284,42081,2.700000000000002,0,38,0.6002305,0.0006095580756664276
1285,42124,3.200000000000001,0,43,0.5998220000000001,0.0005990536883473396
1286,42158,2.3000000000000016,0,34,0.599499,0.0009715892374515533
1287,42197,2.800000000000002,0,39,0.5991285,0.00030657288152724504
1288,42228,2.0000000000000013,0,31,0.5988340000000001,0.022426370531320572
1289,42257,1.8000000000000012,0,29,0.5985585,0.0011174462269991636
1290,42291,2.3000000000000016,0,34,0.5982355,0.0007314856629818678
1291,42325,2.3000000000000016,0,34,0.5979125000000001,0.0004294780665077269
1292,42361,2.5000000000000018,0,36,0.5975705,0.0004195270885247737
1293,42395,2.3000000000000016,0,34,0.5972475,0.0005424467381089926
1294,42428,2.2000000000000015,0,33,0.5969340000000001,0.0035683633759617805
1295,42461,2.2000000000000015,0,33,0.5966205,0.000604743545409292
1296,42492,2.0000000000000013,0,31,0.596326,0.0005623649922199547
1297,42536,3.3000000000000007,0,44,0.595908,0.0006052597309462726
1298,42593,4.599999999999996,0,57,0.5953665,0.002256019040942192
1299,42625,2.1000000000000014,0,32,0.5950625,0.000417991541326046
1300,42657,2.1000000000000014,0,32,0.5947585,0.0028688854072242975
1301,42692,2.4000000000000017,0,35,0.594426,0.0008330048876814544
1302,42727,2.4000000000000017,0,35,0.5940935,0.0007991821621544659
1303,42761,2.3000000000000016,0,34,0.5937705,0.000492880295496434
1304,42792,2.0000000000000013,0,31,0.593476,0.0005642463220283389
1305,42829,2.600000000000002,0,37,0.5931245,0.0004944484680891037
1306,42869,2.900000000000002,0,40,0.5927445,0.0005068386089988053
1307,42903,2.3000000000000016,0,34,0.5924214999999999,0.0011240503517910838
1308,42938,2.4000000000000017,0,35,0.5920890000000001,0.0007540880469605327
1309,42971,2.2000000000000015,0,33,0.5917755,0.0009733870392665267
1310,43025,4.299999999999997,0,54,0.5912625,0.0008391099981963634
1311,43057,2.1000000000000014,0,32,0.5909584999999999,0.0004500141949392855
1312,43088,2.0000000000000013,0,31,0.5906640000000001,0.011968323029577732
1313,43122,2.3000000000000016,0,34,0.590341,0.004347110632807016
1314,43163,3.0000000000000018,0,41,0.5899515,0.0008002101676538587
1315,43194,2.0000000000000013,0,31,0.5896570000000001,0.0013831048272550106
1316,43228,2.3000000000000016,0,34,0.589334,0.002574574900791049
1317,43264,2.5000000000000018,0,36,0.588992,0.0011333803413435817
1318,43297,2.2000000000000015,0,33,0.5886785,0.0015020286664366722
1319,43330,2.2000000000000015,0,33,0.588365,0.00036353550967760384
1320,43363,2.2000000000000015,0,33,0.5880515,0.00034383629099465907
1321,43393,1.9000000000000012,0,30,0.5877665000000001,0.0008655587444081903
1322,43427,2.3000000000000016,0,34,0.5874435,0.003729282645508647
1323,43459,2.1000000000000014,0,32,0.5871395,0.00065256078960374
1324,43495,2.5000000000000018,0,36,0.5867975000000001,0.0006101634935475886
1325,43530,2.4000000000000017,0,35,0.586465,0.0012296292698010802
1326,43560,1.9000000000000012,0,30,0.58618,0.001836618990637362
1327,43592,2.1000000000000014,0,32,0.5858760000000001,0.0014889487065374851
1328,43628,2.5000000000000018,0,36,0.585534,0.0009322474943473935
1329,43662,2.3000000000000016,0,34,0.585211,0.00035667093470692635
1330,43695,2.2000000000000015,0,33,0.5848975000000001,0.00048339838394895196
1331,43728,2.2000000000000015,0,33,0.584584,0.0004732233355753124
1332,43760,2.1000000000000014,0,32,0.58428,0.0008602301240898669
1333,43793,2.2000000000000015,0,33,0.5839665,0.0006608007242903113
1334,43825,2.1000000000000014,0,32,0.5836625,0.009882375597953796
1335,43857,2.1000000000000014,0,32,0.5833585,0.0028604837134480476
1336,43892,2.4000000000000017,0,35,0.583026,0.0018376917578279972
1337,43923,2.0000000000000013,0,31,0.5827315,0.003023626049980521
1338,43962,2.800000000000002,0,39,0.582361,0.001626515993848443
1339,43995,2.2000000000000015,0,33,0.5820475,0.00023433005844708532
1340,44028,2.2000000000000015,0,33,0.581734,0.0008336224127560854
1341,44063,2.4000000000000017,0,35,0.5814015,0.0006708789151161909
1342,44093,1.9000000000000012,0,30,0.5811165,0.002639400539919734
1343,44127,2.3000000000000016,0,34,0.5807935,0.0013124498073011637
1344,44171,3.3000000000000007,0,44,0.5803755,0.0038063714746385813
1345,44206,2.4000000000000017,0,35,0.5800430000000001,0.01497433241456747
1346,44238,2.1000000000000014,0,32,0.579739,0.009854672476649284
1347,44280,3.1000000000000014,0,42,0.57934,0.0006689223810099065
1348,44316,2.5000000000000018,0,36,0.578998,0.0005321723292581737
1349,44347,2.0000000000000013,0,31,0.5787035,0.00088346260599792
1350,44379,2.1000000000000014,0,32,0.5783995,0.000693018373567611
1351,44411,2.1000000000000014,0,32,0.5780955000000001,0.0003334618522785604
1352,44462,3.9999999999999982,0,51,0.577611,0.0005837451317347586
1353,44498,2.5000000000000018,0,36,0.577269,0.0014728999231010675
1354,44529,2.0000000000000013,0,31,0.5769745,0.0007515479228459299
1355,44568,2.800000000000002,0,39,0.576604,0.0006670280126854777
1356,44600,2.1000000000000014,0,32,0.5763,0.00047892099246382713
1357,44632,2.1000000000000014,0,32,0.575996,0.0009847802575677633
1358,44666,2.3000000000000016,0,34,0.5756730000000001,0.00033146387431770563
1359,44699,2.2000000000000015,0,33,0.5753595,0.00032692725653760135
1360,44735,2.5000000000000018,0,36,0.5750175,0.0003890888183377683
1361,44768,2.2000000000000015,0,33,0.574704,0.000636212935205549
1362,44801,2.2000000000000015,0,33,0.5743905,0.0013210491742938757
1363,44833,2.1000000000000014,0,32,0.5740864999999999,0.0022112128790467978
1364,44865,2.1000000000000014,0,32,0.5737825000000001,0.00039123042370192707
1365,44895,1.9000000000000012,0,30,0.5734975,0.0007414126885123551
1366,44929,2.3000000000000016,0,34,0.5731744999999999,0.0005526316235773265
1367,44963,2.3000000000000016,0,34,0.5728515000000001,0.0005119428969919682
1368,44995,2.1000000000000014,0,32,0.5725475,0.0008462726837024093
1369,45026,2.0000000000000013,0,31,0.572253,0.0027217890601605177
1370,45056,1.9000000000000012,0,30,0.571968,0.00033907179022207856
1371,45090,2.3000000000000016,0,34,0.571645,0.0006923172622919083
1372,45120,1.9000000000000012,0,30,0.5713600000000001,0.00034293363569304347
1373,45178,4.699999999999996,0,58,0.570809,0.001488161040470004
1374,45208,1.9000000000000012,0,30,0.570524,0.0007265449967235327
1375,45238,1.9000000000000012,0,30,0.5702389999999999,0.00120037910528481
1376,45269,2.0000000000000013,0,31,0.5699445000000001,0.0008610445074737072
1377,45301,2.1000000000000014,0,32,0.5696405,0.0007236917736008763
1378,45335,2.3000000000000016,0,34,0.5693175,0.0034746769815683365
1379,45366,2.0000000000000013,0,31,0.5690230000000001,0.002671291818842292
1380,45401,2.4000000000000017,0,35,0.5686905,0.001221648883074522
1381,45434,2.2000000000000015,0,33,0.568377,0.0016604098491370678
1382,45469,2.4000000000000017,0,35,0.5680445000000001,0.000722401135135442
1383,45505,2.5000000000000018,0,36,0.5677025,0.0014746151864528656
1384,45540,2.4000000000000017,0,35,0.5673699999999999,0.0012749240268021822
1385,45596,4.4999999999999964,0,56,0.5668380000000001,0.0008597614942118526
1386,45627,2.0000000000000013,0,31,0.5665435000000001,0.0003386139578651637
1387,45658,2.0000000000000013,0,31,0.566249,0.020734239369630814
1388,45696,2.700000000000002,0,38,0.5658880000000001,0.0015907296910881996
1389,45727,2.0000000000000013,0,31,0.5655935000000001,0.0005758506013080478
1390,45757,1.9000000000000012,0,30,0.5653085,0.0006413036026060581
1391,45790,2.2000000000000015,0,33,0.564995,0.0008652312681078911
1392,45824,2.3000000000000016,0,34,0.5646720000000001,0.0006130382535047829
1393,45856,2.1000000000000014,0,32,0.564368,0.00042516738176345825
1394,45888,2.1000000000000014,0,32,0.564064,0.0015030154027044773
1395,45922,2.3000000000000016,0,34,0.563741,0.0005090399645268917
1396,45955,2.2000000000000015,0,33,0.5634275,0.0007759641157463193
1397,45987,2.1000000000000014,0,32,0.5631235,0.0023309392854571342
1398,46019,2.1000000000000014,0,32,0.5628195,0.0022981767542660236
1399,46050,2.0000000000000013,0,31,0.5625249999999999,0.0006770873442292213
1400,46083,2.2000000000000015,0,33,0.5622115000000001,0.0016932333819568157
1401,46119,2.5000000000000018,0,36,0.5618695,0.0014276474248617887
1402,46152,2.2000000000000015,0,33,0.561556,0.0009571065893396735
1403,46185,2.2000000000000015,0,33,0.5612425000000001,0.0007158073130995035
1404,46221,2.5000000000000018,0,36,0.5609005,0.0008967134635895491
1405,46277,4.4999999999999964,0,56,0.5603685,0.0007039825432002544
1406,46311,2.3000000000000016,0,34,0.5600455,0.0008138880948536098
1407,46345,2.3000000000000016,0,34,0.5597225000000001,0.0006499061128124595
1408,46380,2.4000000000000017,0,35,0.55939,0.012336517684161663
1409,46409,1.8000000000000012,0,29,0.5591145,0.0010413960553705692
1410,46441,2.1000000000000014,0,32,0.5588105000000001,0.0011611264199018478
1411,46475,2.3000000000000016,0,34,0.5584875,0.0014440622180700302
1412,46507,2.1000000000000014,0,32,0.5581835,0.0009573065908625722
1413,46549,3.1000000000000014,0,42,0.5577845,0.0006364312721416354
1414,46578,1.8000000000000012,0,29,0.557509,0.0018806570442393422
1415,46614,2.5000000000000018,0,36,0.557167,0.0036493255756795406
1416,46645,2.0000000000000013,0,31,0.5568725000000001,0.003157340455800295
1417,46676,2.0000000000000013,0,31,0.556578,0.0018115516286343336
1418,46709,2.2000000000000015,0,33,0.5562644999999999,0.0007760511944070458
1419,46743,2.3000000000000016,0,34,0.5559415000000001,0.0016696766251698136
1420,46779,2.5000000000000018,0,36,0.5555995,0.002257527783513069
1421,46812,2.2000000000000015,0,33,0.5552860000000001,0.0019981807563453913
1422,46843,2.0000000000000013,0,31,0.5549915000000001,0.0017270768294110894
1423,46874,2.0000000000000013,0,31,0.554697,0.0427854061126709
1424,46911,2.600000000000002,0,37,0.5543454999999999,0.001030763378366828
1425,46944,2.2000000000000015,0,33,0.5540320000000001,0.0006058024009689689
1426,46981,2.600000000000002,0,37,0.5536805,0.0005683806957677007
1427,47019,2.700000000000002,0,38,0.5533195,0.0019017590675503016
1428,47052,2.2000000000000015,0,33,0.5530060000000001,0.00940010417252779
1429,47084,2.1000000000000014,0,32,0.552702,0.003848122665658593
1430,47113,1.8000000000000012,0,29,0.5524265,0.0006914740079082549
1431,47146,2.2000000000000015,0,33,0.5521130000000001,0.015500804409384727
1432,47177,2.0000000000000013,0,31,0.5518185,0.0010953997261822224
1433,47207,1.9000000000000012,0,30,0.5515335,0.00044777084258385
1434,47239,2.1000000000000014,0,32,0.5512295,0.000525904237292707
1435,47270,2.0000000000000013,0,31,0.550935,0.0005394913023337722
1436,47303,2.2000000000000015,0,33,0.5506215000000001,0.0007325554033741355
1437,47335,2.1000000000000014,0,32,0.5503175,0.0009418695699423552
1438,47368,2.2000000000000015,0,33,0.550004,0.00046702902182005346
1439,47400,2.1000000000000014,0,32,0.5497000000000001,0.0009062208700925112
1440,47433,2.2000000000000015,0,33,0.5493865,0.0005235710414126515
1441,47464,2.0000000000000013,0,31,0.549092,0.0014906119322404265
1442,47500,2.5000000000000018,0,36,0.5487500000000001,0.0007184589048847556
1443,47531,2.0000000000000013,0,31,0.5484555,0.0011741025373339653
1444,47565,2.3000000000000016,0,34,0.5481325,0.0010709454072639346
1445,47597,2.1000000000000014,0,32,0.5478285,0.0025597126223146915
1446,47628,2.0000000000000013,0,31,0.547534,0.0006340378895401955
1447,47661,2.2000000000000015,0,33,0.5472205000000001,0.0005206201458349824
1448,47692,2.0000000000000013,0,31,0.546926,0.014522552490234375
1449,47728,2.5000000000000018,0,36,0.546584,0.0005570504581555724
1450,47764,2.5000000000000018,0,36,0.546242,0.0010715604294091463
1451,47797,2.2000000000000015,0,33,0.5459285,0.0015609224792569876
1452,47829,2.1000000000000014,0,32,0.5456245,0.0001732311211526394
1453,47859,1.9000000000000012,0,30,0.5453395000000001,0.0015071212546899915
1454,47891,2.1000000000000014,0,32,0.5450355,0.0009186877869069576
1455,47929,2.700000000000002,0,38,0.5446745,0.001018524868413806
1456,47968,2.800000000000002,0,39,0.544304,0.003943313378840685
1457,48003,2.4000000000000017,0,35,0.5439715,0.004768271930515766
1458,48041,2.700000000000002,0,38,0.5436105,0.001688695978373289
1459,48074,2.2000000000000015,0,33,0.543297,0.0012042007874697447
1460,48105,2.0000000000000013,0,31,0.5430025,0.002803575713187456
1461,48136,2.0000000000000013,0,31,0.542708,0.001105122733861208
1462,48170,2.3000000000000016,0,34,0.542385,0.0008611915400251746
1463,48208,2.700000000000002,0,38,0.5420240000000001,0.0014374649617820978
1464,48239,2.0000000000000013,0,31,0.5417295,0.0072717927396297455
1465,48269,1.9000000000000012,0,30,0.5414445,0.0006452862871810794
1466,48302,2.2000000000000015,0,33,0.541131,0.0005304280202835798
1467,48333,2.0000000000000013,0,31,0.5408365,0.0006125881336629391
1468,48365,2.1000000000000014,0,32,0.5405325,0.0012648801784962416
1469,48401,2.5000000000000018,0,36,0.5401905,0.009855617769062519
1470,48432,2.0000000000000013,0,31,0.539896,0.004840468987822533
1471,48463,2.0000000000000013,0,31,0.5396015000000001,0.0012596829328686
1472,48497,2.3000000000000016,0,34,0.5392785,0.000436230911873281
1473,48527,1.9000000000000012,0,30,0.5389935,0.0009856035467237234
1474,48562,2.4000000000000017,0,35,0.5386610000000001,0.00203446252271533
1475,48593,2.0000000000000013,0,31,0.5383665,0.0019556593615561724
1476,48626,2.2000000000000015,0,33,0.538053,0.005586773157119751
1477,48656,1.9000000000000012,0,30,0.537768,0.0015532991383224726
1478,48686,1.9000000000000012,0,30,0.5374829999999999,0.0030473896767944098
1479,48718,2.1000000000000014,0,32,0.5371790000000001,0.0011380824726074934
1480,48750,2.1000000000000014,0,32,0.536875,0.004208427853882313
1481,48781,2.0000000000000013,0,31,0.5365805,0.0010054059093818069
1482,48825,3.3000000000000007,0,44,0.5361625,0.000643043196760118
1483,48854,1.8000000000000012,0,29,0.535887,0.0010864704381674528
1484,48884,1.9000000000000012,0,30,0.535602,0.0004433178110048175
1485,48917,2.2000000000000015,0,33,0.5352885000000001,0.0003732136101461947
1486,48950,2.2000000000000015,0,33,0.534975,0.000501756789162755
1487,48985,2.4000000000000017,0,35,0.5346425,0.0024270634166896343
1488,49016,2.0000000000000013,0,31,0.534348,0.002103920327499509
1489,49046,1.9000000000000012,0,30,0.534063,0.0009458345593884587
1490,49076,1.9000000000000012,0,30,0.5337780000000001,0.001522138249129057
1491,49109,2.2000000000000015,0,33,0.5334645,0.0008605048060417175
1492,49140,2.0000000000000013,0,31,0.53317,0.0010707295732572675
1493,49172,2.1000000000000014,0,32,0.5328660000000001,0.006329269148409367
1494,49202,1.9000000000000012,0,30,0.532581,0.00376692577265203
1495,49235,2.2000000000000015,0,33,0.5322675,0.0032882760278880596
1496,49267,2.1000000000000014,0,32,0.5319635,0.001622490119189024
1497,49301,2.3000000000000016,0,34,0.5316405,0.000767663586884737
1498,49346,3.4000000000000004,0,45,0.5312129999999999,0.0010983969550579786
1499,49377,2.0000000000000013,0,31,0.5309185000000001,0.0013442877680063248
1500,49411,2.3000000000000016,0,34,0.5305955,0.0011790983844548464
1501,49441,1.9000000000000012,0,30,0.5303105,0.012824595905840397
1502,49476,2.4000000000000017,0,35,0.5299780000000001,0.005979491863399744
1503,49507,2.0000000000000013,0,31,0.5296835,0.000403095327783376
1504,49538,2.0000000000000013,0,31,0.5293890000000001,0.004795749671757221
1505,49573,2.4000000000000017,0,35,0.5290565,0.0013461972121149302
1506,49605,2.1000000000000014,0,32,0.5287525,0.0010133148171007633
1507,49635,1.9000000000000012,0,30,0.5284675000000001,0.005328208673745394
1508,49666,2.0000000000000013,0,31,0.528173,0.0008733862778171897
1509,49697,2.0000000000000013,0,31,0.5278784999999999,0.0008285606745630503
1510,49728,2.0000000000000013,0,31,0.527584,0.0004447004175744951
1511,49760,2.1000000000000014,0,32,0.52728,0.0011919421376660466
1512,49792,2.1000000000000014,0,32,0.5269760000000001,0.0003928205114789307
1513,49826,2.3000000000000016,0,34,0.526653,0.0010277421679347754
1514,49857,2.0000000000000013,0,31,0.5263585,0.0005977937835268676
1515,49889,2.1000000000000014,0,32,0.5260545000000001,0.0019511369755491614
1516,49921,2.1000000000000014,0,32,0.5257505,0.0013879118487238884
1517,49953,2.1000000000000014,0,32,0.5254465,0.0007070262217894197
1518,49985,2.1000000000000014,0,32,0.5251425000000001,0.00232055620290339
1519,50016,2.0000000000000013,0,31,0.524848,0.002495525637641549
1520,50047,2.0000000000000013,0,31,0.5245535000000001,0.0038610268384218216
1521,50081,2.3000000000000016,0,34,0.5242305,0.0013222454581409693
1522,50110,1.8000000000000012,0,29,0.5239550000000001,0.0005717807216569781
1523,50144,2.3000000000000016,0,34,0.5236320000000001,0.002218120964244008
1524,50178,2.3000000000000016,0,34,0.523309,0.0223403200507164
1525,50213,2.4000000000000017,0,35,0.5229765000000001,0.0007264708401635289
1526,50244,2.0000000000000013,0,31,0.5226820000000001,0.000958163000177592
1527,50277,2.2000000000000015,0,33,0.5223685,0.001563090132549405
1528,50310,2.2000000000000015,0,33,0.522055,0.0007069346029311419
1529,50340,1.9000000000000012,0,30,0.5217700000000001,0.003167374525219202
1530,50373,2.2000000000000015,0,33,0.5214565,0.004352843854576349
1531,50406,2.2000000000000015,0,33,0.5211430000000001,0.0011231559328734875
1532,50441,2.4000000000000017,0,35,0.5208105000000001,0.001057926332578063
1533,50473,2.1000000000000014,0,32,0.5205065,0.0053679426200687885
1534,50506,2.2000000000000015,0,33,0.5201930000000001,0.0004298370622564107
1535,50540,2.3000000000000016,0,34,0.51987,0.0003742106491699815
1536,50578,2.700000000000002,0,38,0.519509,0.0006339799729175866
1537,50609,2.0000000000000013,0,31,0.5192144999999999,0.0003609077539294958
1538,50657,3.6999999999999993,0,48,0.5187585000000001,0.0010757467243820429
1539,50697,2.900000000000002,0,40,0.5183785000000001,0.0018464622553437948
1540,50738,3.0000000000000018,0,41,0.517989,0.0007755789556540549
1541,50768,1.9000000000000012,0,30,0.5177039999999999,0.0017208295175805688
1542,50803,2.4000000000000017,0,35,0.5173715000000001,0.0005449034506455064
1543,50834,2.0000000000000013,0,31,0.517077,0.0005167339113540947
1544,50868,2.3000000000000016,0,34,0.5167539999999999,0.0018402093555778265
1545,50902,2.3000000000000016,0,34,0.516431,0.0005323016084730625
1546,50934,2.1000000000000014,0,32,0.516127,0.0007409686804749072
1547,50965,2.0000000000000013,0,31,0.5158324999999999,0.0018795487703755498
1548,50997,2.1000000000000014,0,32,0.5155285000000001,0.0005152844241820276
1549,51029,2.1000000000000014,0,32,0.5152245,0.0008975561941042542
1550,51059,1.9000000000000012,0,30,0.5149395000000001,0.002335634548217058
1551,51094,2.4000000000000017,0,35,0.514607,0.002525163348764181
1552,51127,2.2000000000000015,0,33,0.5142935,0.001189711387269199
1553,51158,2.0000000000000013,0,31,0.513999,0.0015214013401418924
1554,51191,2.2000000000000015,0,33,0.5136855,0.0008717057062312961
1555,51222,2.0000000000000013,0,31,0.513391,0.00046421235310845077
1556,51255,2.2000000000000015,0,33,0.5130775000000001,0.0006505064084194601
1557,51285,1.9000000000000012,0,30,0.5127925,0.000616279779933393
1558,51316,2.0000000000000013,0,31,0.5124980000000001,0.007817097008228302
1559,51358,3.1000000000000014,0,42,0.512099,0.0005613552639260888
1560,51391,2.2000000000000015,0,33,0.5117855,0.00047215967788361013
1561,51423,2.1000000000000014,0,32,0.5114815,0.0006678801728412509
1562,51455,2.1000000000000014,0,32,0.5111775000000001,0.0012013730593025684
1563,51486,2.0000000000000013,0,31,0.510883,0.0007258301484398544
1564,51517,2.0000000000000013,0,31,0.5105885,0.0004488216363824904
1565,51546,1.8000000000000012,0,29,0.510313,0.002023652195930481
1566,51576,1.9000000000000012,0,30,0.510028,0.0013546434929594398
1567,51607,2.0000000000000013,0,31,0.5097335000000001,0.019165698438882828
1568,51639,2.1000000000000014,0,32,0.5094295,0.000394258473534137
1569,51672,2.2000000000000015,0,33,0.5091160000000001,0.0019199330126866698
1570,51703,2.0000000000000013,0,31,0.5088215,0.004230831749737263
1571,51733,1.9000000000000012,0,30,0.5085365000000001,0.0011918868403881788
1572,51764,2.0000000000000013,0,31,0.5082420000000001,0.0005276028532534838
1573,51795,2.0000000000000013,0,31,0.5079475,0.001190921408124268
1574,51839,3.3000000000000007,0,44,0.5075295,0.0010091450531035662
1575,51869,1.9000000000000012,0,30,0.5072445000000001,0.0029936181381344795
1576,51903,2.3000000000000016,0,34,0.5069215,0.0021430058404803276
1577,51935,2.1000000000000014,0,32,0.5066175,0.0013713038060814142
1578,51965,1.9000000000000012,0,30,0.5063325000000001,0.0005638387519866228
1579,51996,2.0000000000000013,0,31,0.506038,0.0010279689449816942
1580,52026,1.9000000000000012,0,30,0.5057530000000001,0.09327420592308044
1581,52056,1.9000000000000012,0,30,0.505468,0.002286034869030118
1582,52088,2.1000000000000014,0,32,0.505164,0.0011640791781246662
1583,52120,2.1000000000000014,0,32,0.5048600000000001,0.0010483961086720228
1584,52152,2.1000000000000014,0,32,0.504556,0.0019016752485185862
1585,52185,2.2000000000000015,0,33,0.5042424999999999,0.0019511620048433542
1586,52217,2.1000000000000014,0,32,0.5039385000000001,0.0010124505497515202
1587,52248,2.0000000000000013,0,31,0.503644,0.07921039313077927
1588,52278,1.9000000000000012,0,30,0.503359,0.0016425877111032605
1589,52309,2.0000000000000013,0,31,0.5030645,0.0013315051328390837
1590,52340,2.0000000000000013,0,31,0.50277,0.01526604313403368
1591,52369,1.8000000000000012,0,29,0.5024945000000001,0.0021781250834465027
1592,52399,1.9000000000000012,0,30,0.5022095000000001,0.00102604937274009
1593,52432,2.2000000000000015,0,33,0.501896,0.007799365557730198
1594,52463,2.0000000000000013,0,31,0.5016015,0.00492961285635829
1595,52501,2.700000000000002,0,38,0.5012405,0.002323127118870616
1596,52534,2.2000000000000015,0,33,0.500927,0.05873242765665054
1597,52566,2.1000000000000014,0,32,0.500623,0.0014132244978100061
1598,52616,3.8999999999999986,0,50,0.500148,0.0017157865222543478
1599,52650,2.3000000000000016,0,34,0.4998250000000001,0.0010004022624343634
1600,52702,4.099999999999998,0,52,0.49933099999999997,0.00265670707449317
1601,52731,1.8000000000000012,0,29,0.4990555000000001,0.00059040094492957
1602,52762,2.0000000000000013,0,31,0.498761,0.0007872865535318851
1603,52797,2.4000000000000017,0,35,0.49842849999999994,0.0020551085472106934
1604,52828,2.0000000000000013,0,31,0.4981340000000001,0.001494691357947886
1605,52859,2.0000000000000013,0,31,0.4978395,0.002069269772619009
1606,52891,2.1000000000000014,0,32,0.4975355,0.0014561121352016926
1607,52922,2.0000000000000013,0,31,0.49724100000000004,0.0016816835850477219
1608,52960,2.700000000000002,0,38,0.4968800000000001,0.0008782002259977162
1609,52992,2.1000000000000014,0,32,0.49657600000000013,0.0004860185435973108
1610,53027,2.4000000000000017,0,35,0.49624350000000006,0.0035800496116280556
1611,53057,1.9000000000000012,0,30,0.4959585000000001,0.0024424432776868343
1612,53091,2.3000000000000016,0,34,0.4956355,0.001822881167754531
1613,53123,2.1000000000000014,0,32,0.49533150000000004,0.0052431789226830006
1614,53155,2.1000000000000014,0,32,0.49502750000000006,0.0025380179286003113
1615,53209,4.299999999999997,0,54,0.4945145000000001,0.0005997908301651478
1616,53250,3.0000000000000018,0,41,0.49412500000000004,0.00044161154073663056
1617,53286,2.5000000000000018,0,36,0.49378299999999997,0.0009394518565386534
1618,53316,1.9000000000000012,0,30,0.4934980000000001,0.0025968148838728666
1619,53345,1.8000000000000012,0,29,0.4932225,0.0005913424538448453
1620,53383,2.700000000000002,0,38,0.49286149999999995,0.0007639618124812841
1621,53430,3.5999999999999996,0,47,0.49241500000000005,0.0009104047785513103
1622,53460,1.9000000000000012,0,30,0.49213000000000007,0.00345361465588212
1623,53490,1.9000000000000012,0,30,0.491845,0.006418812554329634
1624,53522,2.1000000000000014,0,32,0.491541,0.0007272121147252619
1625,53555,2.2000000000000015,0,33,0.49122750000000004,0.0016974532045423985
1626,53589,2.3000000000000016,0,34,0.4909045000000001,0.0008844659314490855
1627,53619,1.9000000000000012,0,30,0.4906195,0.07609014213085175
1628,53649,1.9000000000000012,0,30,0.4903345,0.0006524812197312713
1629,53683,2.3000000000000016,0,34,0.49001150000000004,0.0007200820837169886
1630,53713,1.9000000000000012,0,30,0.48972650000000006,0.000541773799341172
1631,53746,2.2000000000000015,0,33,0.489413,0.0010415131691843271
1632,53794,3.6999999999999993,0,48,0.4889570000000001,0.00488683208823204
1633,53826,2.1000000000000014,0,32,0.4886530000000001,0.002395390532910824
1634,53856,1.9000000000000012,0,30,0.488368,0.0008178905118256807
1635,53887,2.0000000000000013,0,31,0.48807350000000005,0.0009303917759098113
1636,53918,2.0000000000000013,0,31,0.4877790000000001,0.0012083998881280422
1637,53951,2.2000000000000015,0,33,0.4874655,0.0020573134534060955
1638,53981,1.9000000000000012,0,30,0.4871805,0.0012096103746443987
1639,54014,2.2000000000000015,0,33,0.48686700000000005,0.031569015234708786
1640,54045,2.0000000000000013,0,31,0.4865725000000001,0.0012603140203282237
1641,54083,2.700000000000002,0,38,0.4862115,0.0012750648893415928
1642,54114,2.0000000000000013,0,31,0.48591700000000004,0.003196428995579481
1643,54145,2.0000000000000013,0,31,0.48562250000000007,0.00033098988933488727
1644,54176,2.0000000000000013,0,31,0.485328,0.0015520130982622504
1645,54207,2.0000000000000013,0,31,0.4850335,0.08017721772193909
1646,54242,2.4000000000000017,0,35,0.48470100000000005,0.0007456868188455701
1647,54278,2.5000000000000018,0,36,0.484359,0.0009304234990850091
1648,54309,2.0000000000000013,0,31,0.4840645,0.0011181391309946775
1649,54341,2.1000000000000014,0,32,0.48376050000000004,0.0014504847349599004
1650,54385,3.3000000000000007,0,44,0.4833425000000001,0.0014311394188553095
1651,54416,2.0000000000000013,0,31,0.48304800000000003,0.001096926862373948
1652,54455,2.800000000000002,0,39,0.4826775000000001,0.001427769660949707
1653,54487,2.1000000000000014,0,32,0.4823735,0.001673456048592925
1654,54533,3.5,0,46,0.4819365,0.0006112235132604837
1655,54572,2.800000000000002,0,39,0.48156600000000005,0.001048618578352034
1656,54604,2.1000000000000014,0,32,0.4812620000000001,0.0012666138354688883
1657,54638,2.3000000000000016,0,34,0.480939,0.002988627180457115
1658,54672,2.3000000000000016,0,34,0.48061600000000004,0.001886302838101983
1659,54711,2.800000000000002,0,39,0.4802455,0.0017347355606034398
1660,54747,2.5000000000000018,0,36,0.47990350000000004,0.0013040266931056976
1661,54780,2.2000000000000015,0,33,0.47959000000000007,0.004652905277907848
1662,54816,2.5000000000000018,0,36,0.479248,0.0026201512664556503
1663,54847,2.0000000000000013,0,31,0.47895350000000003,0.0010510680731385946
1664,54883,2.5000000000000018,0,36,0.47861149999999997,0.0028990344144403934
1665,54919,2.5000000000000018,0,36,0.4782695,0.0014035548083484173
1666,54952,2.2000000000000015,0,33,0.47795600000000005,0.0011782047804445028
1667,54983,2.0000000000000013,0,31,0.47766149999999996,0.0023774695582687855
1668,55027,3.3000000000000007,0,44,0.47724350000000004,0.0017346389358863235
1669,55058,2.0000000000000013,0,31,0.47694900000000007,0.0033973122481256723
1670,55091,2.2000000000000015,0,33,0.4766355,0.0008995408425107598
1671,55121,1.9000000000000012,0,30,0.4763505,0.00046742192353121936
1672,55154,2.2000000000000015,0,33,0.47603700000000004,0.001240322832018137
1673,55189,2.4000000000000017,0,35,0.4757045000000001,0.0019774276297539473
1674,55220,2.0000000000000013,0,31,0.47541,0.0027136143762618303
1675,55250,1.9000000000000012,0,30,0.475125,0.0011315876618027687
1676,55281,2.0000000000000013,0,31,0.47483050000000004,0.0009805434383451939
1677,55313,2.1000000000000014,0,32,0.47452649999999996,0.0013460367918014526
1678,55345,2.1000000000000014,0,32,0.4742225,0.0010967147536575794
1679,55385,2.900000000000002,0,40,0.47384250000000006,0.0012643254594877362
1680,55447,5.099999999999994,0,62,0.4732535,0.0019987428095191717
1681,55478,2.0000000000000013,0,31,0.472959,0.0005955808446742594
1682,55517,2.800000000000002,0,39,0.47258849999999997,0.107515349984169
1683,55553,2.5000000000000018,0,36,0.4722465,0.0014566972386091948
1684,55585,2.1000000000000014,0,32,0.47194250000000004,0.00042179945739917457
1685,55627,3.1000000000000014,0,42,0.4715435,0.000681999372318387
1686,55663,2.5000000000000018,0,36,0.47120150000000005,0.0015094291884452105
1687,55698,2.4000000000000017,0,35,0.470869,0.0010144138941541314
1688,55730,2.1000000000000014,0,32,0.470565,0.07017918676137924
1689,55764,2.3000000000000016,0,34,0.47024200000000005,0.0007781978347338736
1690,55795,2.0000000000000013,0,31,0.4699475000000001,0.0009890625951811671
1691,55826,2.0000000000000013,0,31,0.4696530000000001,0.0011930172331631184
1692,55857,2.0000000000000013,0,31,0.4693585,0.001045608427375555
1693,55890,2.2000000000000015,0,33,0.46904500000000005,0.0017355000600218773
1694,55932,3.1000000000000014,0,42,0.468646,0.03647442162036896
1695,55973,3.0000000000000018,0,41,0.4682565000000001,0.0021909186616539955
1696,56004,2.0000000000000013,0,31,0.467962,0.006766699254512787
1697,56041,2.600000000000002,0,37,0.46761050000000004,0.0030028969049453735
1698,56072,2.0000000000000013,0,31,0.46731600000000006,0.0005319534102454782
1699,56101,1.8000000000000012,0,29,0.46704049999999997,0.0015506208874285221
1700,56135,2.3000000000000016,0,34,0.4667175,0.0015918699791654944
1701,56165,1.9000000000000012,0,30,0.4664325,0.08614955097436905
1702,56195,1.9000000000000012,0,30,0.46614750000000005,0.0016766912303864956
1703,56230,2.4000000000000017,0,35,0.465815,0.005113452672958374
1704,56263,2.2000000000000015,0,33,0.4655015,0.0022397213615477085
1705,56299,2.5000000000000018,0,36,0.46515950000000006,0.0020966806914657354
1706,56333,2.3000000000000016,0,34,0.4648365,0.004135506693273783
1707,56367,2.3000000000000016,0,34,0.4645135,0.001701774075627327
1708,56401,2.3000000000000016,0,34,0.46419050000000006,0.001719683175906539
1709,56433,2.1000000000000014,0,32,0.4638865,0.0010111359879374504
1710,56463,1.9000000000000012,0,30,0.4636015000000001,0.0018662214279174805
1711,56494,2.0000000000000013,0,31,0.463307,0.0015593338757753372
1712,56530,2.5000000000000018,0,36,0.46296499999999996,0.004114707000553608
1713,56561,2.0000000000000013,0,31,0.4626705000000001,0.0019040374318137765
1714,56596,2.4000000000000017,0,35,0.462338,0.0031247837468981743
1715,56628,2.1000000000000014,0,32,0.46203400000000006,0.001195304561406374
1716,56663,2.4000000000000017,0,35,0.4617015000000001,0.0014201176818460226
1717,56694,2.0000000000000013,0,31,0.461407,0.0011687894584611058
1718,56736,3.1000000000000014,0,42,0.4610080000000001,0.006133090704679489
1719,56767,2.0000000000000013,0,31,0.4607135,0.0009326621075160801
1720,56799,2.1000000000000014,0,32,0.4604095,0.00290334178134799
1721,56834,2.4000000000000017,0,35,0.46007700000000007,0.0036795674823224545
1722,56867,2.2000000000000015,0,33,0.4597635,0.023152483627200127
1723,56898,2.0000000000000013,0,31,0.459469,0.0019213644554838538
1724,56927,1.8000000000000012,0,29,0.4591934999999999,0.0014774000737816095
1725,56961,2.3000000000000016,0,34,0.45887050000000007,0.0018517369171604514
1726,56994,2.2000000000000015,0,33,0.458557,0.001438357518054545
1727,57025,2.0000000000000013,0,31,0.4582625,0.0011662640608847141
1728,57056,2.0000000000000013,0,31,0.45796800000000004,0.030469631776213646
1729,57090,2.3000000000000016,0,34,0.4576450000000001,0.0018869534833356738
1730,57126,2.5000000000000018,0,36,0.457303,0.00043814940727315843
1731,57161,2.4000000000000017,0,35,0.45697050000000006,0.002823134185746312
1732,57194,2.2000000000000015,0,33,0.456657,0.0007480905042029917
1733,57233,2.800000000000002,0,39,0.45628650000000004,0.001244773855432868
1734,57266,2.2000000000000015,0,33,0.4559730000000001,0.0011026021093130112
1735,57297,2.0000000000000013,0,31,0.4556785000000001,0.0020610354840755463
1736,57328,2.0000000000000013,0,31,0.455384,0.10748881101608276
1737,57361,2.2000000000000015,0,33,0.45507050000000004,0.006091009825468063
1738,57393,2.1000000000000014,0,32,0.45476649999999996,0.002736129332333803
1739,57431,2.700000000000002,0,38,0.4544055,0.0032634278759360313
1740,57463,2.1000000000000014,0,32,0.45410150000000005,0.0006819238769821823
1741,57501,2.700000000000002,0,38,0.4537405,0.0015039987629279494
1742,57539,2.700000000000002,0,38,0.45337950000000005,0.0015062142629176378
1743,57570,2.0000000000000013,0,31,0.45308500000000007,0.0007709925412200391
1744,57601,2.0000000000000013,0,31,0.4527905,0.002924996893852949
1745,57632,2.0000000000000013,0,31,0.452496,0.0012051344383507967
1746,57662,1.9000000000000012,0,30,0.45221100000000003,0.0011841262457892299
1747,57694,2.1000000000000014,0,32,0.45190700000000006,0.00195218191947788
1748,57726,2.1000000000000014,0,32,0.451603,0.0015384244034066796
1749,57778,4.099999999999998,0,52,0.4511090000000001,0.00574147654697299
1750,57813,2.4000000000000017,0,35,0.4507765,0.0013204144779592752
1751,57848,2.4000000000000017,0,35,0.45044400000000007,0.002413390437141061
1752,57878,1.9000000000000012,0,30,0.4501590000000001,0.0017108260653913021
1753,57909,2.0000000000000013,0,31,0.4498645,0.00413403008133173
1754,57940,2.0000000000000013,0,31,0.44957,0.001256216550245881
1755,57972,2.1000000000000014,0,32,0.44926600000000005,0.00034509049146436155
1756,58005,2.2000000000000015,0,33,0.4489525000000001,0.005116559565067291
1757,58034,1.8000000000000012,0,29,0.4486770000000001,0.0004914755118079484
1758,58064,1.9000000000000012,0,30,0.448392,0.001521485741250217
1759,58097,2.2000000000000015,0,33,0.44807850000000005,0.001380647998303175
1760,58138,3.0000000000000018,0,41,0.447689,0.0020978637039661407
1761,58171,2.2000000000000015,0,33,0.44737550000000004,0.0023068231530487537
1762,58205,2.3000000000000016,0,34,0.4470525000000001,0.0016264230944216251
1763,58239,2.3000000000000016,0,34,0.4467295000000001,0.0017793257720768452
1764,58274,2.4000000000000017,0,35,0.44639700000000004,0.0010614765342324972
1765,58307,2.2000000000000015,0,33,0.4460835000000001,0.0016204597195610404
1766,58337,1.9000000000000012,0,30,0.4457985,0.0007849129615351558
1767,58368,2.0000000000000013,0,31,0.445504,0.001552846864797175
1768,58399,2.0000000000000013,0,31,0.44520950000000004,0.0009028242784552276
1769,58438,2.800000000000002,0,39,0.444839,0.0010227292077615857
1770,58468,1.9000000000000012,0,30,0.444554,0.0019385027699172497
1771,58503,2.4000000000000017,0,35,0.44422149999999994,0.0014954032376408577
1772,58534,2.0000000000000013,0,31,0.44392700000000007,0.0015289373695850372
1773,58566,2.1000000000000014,0,32,0.4436230000000001,0.0015364759601652622
1774,58596,1.9000000000000012,0,30,0.443338,0.0036737611517310143
1775,58627,2.0000000000000013,0,31,0.44304350000000003,0.014029313810169697
1776,58665,2.700000000000002,0,38,0.4426825,0.0038359141908586025
1777,58695,1.9000000000000012,0,30,0.4423975,0.0024310904555022717
1778,58729,2.3000000000000016,0,34,0.44207450000000004,0.00092811428476125
1779,58760,2.0000000000000013,0,31,0.44178000000000006,0.0016149146249517798
1780,58795,2.4000000000000017,0,35,0.4414475000000001,0.005074718035757542
1781,58826,2.0000000000000013,0,31,0.441153,0.001529603498056531
1782,58859,2.2000000000000015,0,33,0.44083950000000005,0.001195321325212717
1783,58893,2.3000000000000016,0,34,0.4405165000000001,0.001977213192731142
1784,58925,2.1000000000000014,0,32,0.4402125,0.001461347215808928
1785,58957,2.1000000000000014,0,32,0.43990850000000004,0.002730707637965679
1786,58989,2.1000000000000014,0,32,0.43960449999999995,0.012016764841973782
1787,59021,2.1000000000000014,0,32,0.4393005,0.0027239827904850245
1788,59051,1.9000000000000012,0,30,0.4390155,0.0016693590441718698
1789,59083,2.1000000000000014,0,32,0.43871150000000003,0.0019461611518636346
1790,59115,2.1000000000000014,0,32,0.43840750000000006,0.003918861970305443
1791,59152,2.600000000000002,0,37,0.438056,0.040330130606889725
1792,59181,1.8000000000000012,0,29,0.43778050000000013,0.0029609694611281157
1793,59213,2.1000000000000014,0,32,0.43747649999999993,0.000981190474703908
1794,59242,1.8000000000000012,0,29,0.43720100000000006,0.0008172548841685057
1795,59274,2.1000000000000014,0,32,0.436897,0.0033480976708233356
1796,59308,2.3000000000000016,0,34,0.436574,0.0005223581101745367
1797,59342,2.3000000000000016,0,34,0.43625100000000006,0.0017536843661218882
1798,59374,2.1000000000000014,0,32,0.435947,0.0005827706772834063
1799,59404,1.9000000000000012,0,30,0.435662,0.0010218461975455284
1800,59437,2.2000000000000015,0,33,0.4353485,0.000941258913371712
1801,59467,1.9000000000000012,0,30,0.43506350000000005,0.002104729413986206
1802,59497,1.9000000000000012,0,30,0.43477850000000007,0.000797983433585614
1803,59530,2.2000000000000015,0,33,0.434465,0.0025862744078040123
1804,59561,2.0000000000000013,0,31,0.4341705,0.0010048416443169117
1805,59593,2.1000000000000014,0,32,0.43386650000000004,0.0013712516520172358
1806,59623,1.9000000000000012,0,30,0.43358149999999995,0.00887206755578518
1807,59654,2.0000000000000013,0,31,0.4332870000000001,0.002663285005837679
1808,59685,2.0000000000000013,0,31,0.4329925,0.0010025699157267809
1809,59730,3.4000000000000004,0,45,0.432565,0.000937074248213321
1810,59761,2.0000000000000013,0,31,0.4322705,0.005629261024296284
1811,59793,2.1000000000000014,0,32,0.43196650000000003,0.0027371011674404144
1812,59822,1.8000000000000012,0,29,0.43169100000000005,0.0012531975517049432
1813,59856,2.3000000000000016,0,34,0.4313680000000001,0.0012518152361735702
1814,59890,2.3000000000000016,0,34,0.431045,0.003680094610899687
1815,59924,2.3000000000000016,0,34,0.43072200000000005,0.001297020586207509
1816,59955,2.0000000000000013,0,31,0.43042749999999996,0.002293814206495881
1817,59986,2.0000000000000013,0,31,0.4301330000000001,0.007964140735566616
1818,60017,2.0000000000000013,0,31,0.4298385,0.007001194637268782
1819,60049,2.1000000000000014,0,32,0.42953450000000004,0.001485913642682135
1820,60086,2.600000000000002,0,37,0.4291830000000001,0.002219596179202199
1821,60118,2.1000000000000014,0,32,0.428879,0.04030424356460571
1822,60148,1.9000000000000012,0,30,0.42859400000000003,0.0016870521940290928
1823,60181,2.2000000000000015,0,33,0.42828050000000006,0.0014931217301636934
1824,60217,2.5000000000000018,0,36,0.4279385,0.002989254891872406
1825,60248,2.0000000000000013,0,31,0.427644,0.00391008798032999
1826,60280,2.1000000000000014,0,32,0.42734000000000005,0.0012621163623407483
1827,60311,2.0000000000000013,0,31,0.42704549999999997,0.0049607884138822556
1828,60343,2.1000000000000014,0,32,0.4267415,0.006743582896888256
1829,60379,2.5000000000000018,0,36,0.42639949999999993,0.0008932662312872708
1830,60409,1.9000000000000012,0,30,0.42611450000000006,0.001647329656407237
1831,60448,2.800000000000002,0,39,0.425744,0.04065996780991554
1832,60503,4.399999999999997,0,55,0.42522150000000003,0.0030440306290984154
1833,60533,1.9000000000000012,0,30,0.42493649999999994,0.0023651968222111464
1834,60568,2.4000000000000017,0,35,0.424604,0.0012131041148677468
1835,60621,4.1999999999999975,0,53,0.4241005,0.002314015757292509
1836,60653,2.1000000000000014,0,32,0.4237965,0.0018992930417880416
1837,60687,2.3000000000000016,0,34,0.42347350000000006,0.0015899010468274355
1838,60722,2.4000000000000017,0,35,0.423141,0.0017739306204020977
1839,60752,1.9000000000000012,0,30,0.4228560000000001,0.0018094709375873208
1840,60789,2.600000000000002,0,37,0.42250449999999995,0.0015427892794832587
1841,60823,2.3000000000000016,0,34,0.4221815,0.0015156811568886042
1842,60860,2.600000000000002,0,37,0.42183000000000004,0.011915858834981918
1843,60892,2.1000000000000014,0,32,0.42152599999999996,0.0018108958611264825
1844,60923,2.0000000000000013,0,31,0.4212315,0.0020452411845326424
1845,60954,2.0000000000000013,0,31,0.420937,0.0016554240137338638
1846,60985,2.0000000000000013,0,31,0.42064250000000003,0.002008233219385147
1847,61015,1.9000000000000012,0,30,0.42035750000000005,0.0015065653715282679
1848,61046,2.0000000000000013,0,31,0.4200630000000001,0.003769706469029188
1849,61078,2.1000000000000014,0,32,0.419759,0.0008789285784587264
1850,61109,2.0000000000000013,0,31,0.4194645,0.0010485758539289236
1851,61139,1.9000000000000012,0,30,0.41917950000000004,0.0011547175236046314
1852,61197,4.699999999999996,0,58,0.41862849999999996,0.0007923715747892857
1853,61239,3.1000000000000014,0,42,0.41822950000000003,0.005022520665079355
1854,61270,2.0000000000000013,0,31,0.41793500000000006,0.003204953856766224
1855,61307,2.600000000000002,0,37,0.4175835,0.0018394860671833158
1856,61338,2.0000000000000013,0,31,0.417289,0.002245555631816387
1857,61375,2.600000000000002,0,37,0.41693749999999996,0.0036154440604150295
1858,61406,2.0000000000000013,0,31,0.416643,0.0010462943464517593
1859,61440,2.3000000000000016,0,34,0.41632,0.0011971694184467196
1860,61471,2.0000000000000013,0,31,0.41602550000000005,0.002082912949845195
1861,61510,2.800000000000002,0,39,0.415655,0.003243029583245516
1862,61542,2.1000000000000014,0,32,0.415351,0.001580354175530374
1863,61573,2.0000000000000013,0,31,0.41505650000000005,0.0017296557780355215
1864,61602,1.8000000000000012,0,29,0.41478100000000007,0.0010173586197197437
1865,61633,2.0000000000000013,0,31,0.4144865,0.0011501747649163008
1866,61672,2.800000000000002,0,39,0.41411599999999993,0.0011274840217083693
1867,61703,2.0000000000000013,0,31,0.41382150000000006,0.001835513161495328
1868,61733,1.9000000000000012,0,30,0.4135365,0.0013588910223916173
1869,61765,2.1000000000000014,0,32,0.4132325,0.00109736283775419
1870,61795,1.9000000000000012,0,30,0.4129475,0.000482450908748433
1871,61826,2.0000000000000013,0,31,0.41265300000000005,0.0013901463244110346
1872,61860,2.3000000000000016,0,34,0.41233,0.0016109996940940619
1873,61890,1.9000000000000012,0,30,0.412045,0.002828170545399189
1874,61922,2.1000000000000014,0,32,0.411741,0.0015354286879301071
1875,61952,1.9000000000000012,0,30,0.41145600000000004,0.0010024261428043246
1876,61985,2.2000000000000015,0,33,0.41114249999999997,0.0012912180973216891
1877,62016,2.0000000000000013,0,31,0.410848,0.00784911960363388
1878,62046,1.9000000000000012,0,30,0.410563,0.012072238139808178
1879,62079,2.2000000000000015,0,33,0.41024950000000004,0.002308934461325407
1880,62110,2.0000000000000013,0,31,0.40995500000000007,0.001280814758501947
1881,62142,2.1000000000000014,0,32,0.4096510000000001,0.0015373117057606578
1882,62183,3.0000000000000018,0,41,0.40926150000000006,0.005600426811724901
1883,62214,2.0000000000000013,0,31,0.40896699999999997,0.002812093822285533
1884,62246,2.1000000000000014,0,32,0.408663,0.0007155763451009989
1885,62278,2.1000000000000014,0,32,0.408359,0.002903709188103676
1886,62311,2.2000000000000015,0,33,0.40804549999999995,0.0007960396469570696
1887,62342,2.0000000000000013,0,31,0.4077510000000001,0.0007326133199967444
1888,62374,2.1000000000000014,0,32,0.4074470000000001,0.001473419601097703
1889,62404,1.9000000000000012,0,30,0.407162,0.000536039297003299
1890,62436,2.1000000000000014,0,32,0.40685800000000005,0.0024281246587634087
1891,62487,3.9999999999999982,0,51,0.40637349999999994,0.0010128556750714779
1892,62527,2.900000000000002,0,40,0.4059935,0.0006792417261749506
1893,62559,2.1000000000000014,0,32,0.40568950000000004,0.0018168307142332196
1894,62598,2.800000000000002,0,39,0.4053190000000001,0.0015611490234732628
1895,62632,2.3000000000000016,0,34,0.404996,0.0062635550275444984
1896,62662,1.9000000000000012,0,30,0.40471100000000004,0.0013781681191176176
1897,62696,2.3000000000000016,0,34,0.4043880000000001,0.0013870553812012076
1898,62738,3.1000000000000014,0,42,0.40398899999999993,0.0003306114813312888
1899,62781,3.200000000000001,0,43,0.4035805,0.0009321376564912498
1900,62813,2.1000000000000014,0,32,0.40327650000000004,0.000959166616667062
1901,62848,2.4000000000000017,0,35,0.40294399999999997,0.0011173889506608248
1902,62883,2.4000000000000017,0,35,0.4026115,0.0006935670971870422
1903,62917,2.3000000000000016,0,34,0.40228850000000005,0.005076536908745766
1904,62954,2.600000000000002,0,37,0.401937,0.0012756888754665852
1905,62985,2.0000000000000013,0,31,0.4016425,0.0037941508926451206
1906,63020,2.4000000000000017,0,35,0.40131000000000006,0.002488569589331746
1907,63052,2.1000000000000014,0,32,0.4010060000000001,0.0008535062661394477
1908,63083,2.0000000000000013,0,31,0.4007115,0.0025119695346802473
1909,63116,2.2000000000000015,0,33,0.40039800000000003,0.0006556620355695486
1910,63165,3.799999999999999,0,49,0.3999325,0.0017490630270913243
1911,63227,5.099999999999994,0,62,0.3993435000000001,0.006522973533719778
1912,63265,2.700000000000002,0,38,0.3989825,0.0015823397552594543
1913,63300,2.4000000000000017,0,35,0.39865000000000006,0.07166284322738647
1914,63340,2.900000000000002,0,40,0.39827,0.0008178630960173905
1915,63373,2.2000000000000015,0,33,0.39795650000000005,0.0005233548581600189
1916,63412,2.800000000000002,0,39,0.397586,0.0024740907829254866
1917,63447,2.4000000000000017,0,35,0.39725350000000004,0.0009047026978805661
1918,63479,2.1000000000000014,0,32,0.39694950000000007,0.0005464013083837926
1919,63511,2.1000000000000014,0,32,0.3966455000000001,0.002286667935550213
1920,63555,3.3000000000000007,0,44,0.39622750000000007,0.0031594783067703247
1921,63589,2.3000000000000016,0,34,0.3959045000000001,0.0014275386929512024
1922,63625,2.5000000000000018,0,36,0.39556250000000004,0.019285278394818306
1923,63658,2.2000000000000015,0,33,0.39524899999999996,0.0017390993889421225
1924,63694,2.5000000000000018,0,36,0.3949070000000001,0.0021766964346170425
1925,63725,2.0000000000000013,0,31,0.39461250000000003,0.0011533645447343588
1926,63760,2.4000000000000017,0,35,0.3942800000000001,0.0016618471127003431
1927,63790,1.9000000000000012,0,30,0.393995,0.0014172212686389685
1928,63823,2.2000000000000015,0,33,0.3936815,0.003935760818421841
1929,63858,2.4000000000000017,0,35,0.39334899999999995,0.002720572054386139
1930,63893,2.4000000000000017,0,35,0.3930165,0.0008160891011357307
1931,63925,2.1000000000000014,0,32,0.3927125,0.0017894546035677195
1932,63961,2.5000000000000018,0,36,0.39237050000000007,0.0015676177572458982
1933,63996,2.4000000000000017,0,35,0.3920380000000001,0.002744387835264206
1934,64037,3.0000000000000018,0,41,0.39164850000000007,0.0018615486333146691
1935,64072,2.4000000000000017,0,35,0.3913160000000001,0.00696099828928709
1936,64114,3.1000000000000014,0,42,0.39091699999999996,0.0018919557332992554
1937,64182,5.699999999999992,0,68,0.39027100000000003,0.004785940051078796
1938,64222,2.900000000000002,0,40,0.389891,0.002953322371467948
1939,64267,3.4000000000000004,0,45,0.3894635000000001,0.0018222125945612788
1940,64298,2.0000000000000013,0,31,0.389169,0.0016997421626001596
1941,64347,3.799999999999999,0,49,0.3887035000000001,0.001763150212354958
1942,64378,2.0000000000000013,0,31,0.388409,0.0019917229656130075
1943,64413,2.4000000000000017,0,35,0.38807650000000005,0.004995034076273441
1944,64445,2.1000000000000014,0,32,0.3877725000000001,0.01135585829615593
1945,64483,2.700000000000002,0,38,0.3874115,0.0010597786167636514
1946,64516,2.2000000000000015,0,33,0.38709800000000005,0.0013867832021787763
1947,64550,2.3000000000000016,0,34,0.3867750000000001,0.0014881251845508814
1948,64586,2.5000000000000018,0,36,0.386433,0.0018788481829687953
1949,64617,2.0000000000000013,0,31,0.38613850000000005,0.0012748603476211429
1950,64662,3.4000000000000004,0,45,0.385711,0.001375643303617835
1951,64702,2.900000000000002,0,40,0.385331,0.0849352702498436
1952,64737,2.4000000000000017,0,35,0.3849985,0.001417174469679594
1953,64769,2.1000000000000014,0,32,0.38469450000000005,0.0012554401764646173
1954,64805,2.5000000000000018,0,36,0.3843525,0.00100631732493639
1955,64838,2.2000000000000015,0,33,0.384039,0.005878285504877567
1956,64871,2.2000000000000015,0,33,0.38372550000000005,0.000906323897652328
1957,64907,2.5000000000000018,0,36,0.3833835,0.0009898906573653221
1958,64939,2.1000000000000014,0,32,0.3830795,0.0007236509118229151
1959,64978,2.800000000000002,0,39,0.38270899999999997,0.0011950545012950897
1960,65015,2.600000000000002,0,37,0.3823575,0.037481434643268585
1961,65054,2.800000000000002,0,39,0.3819870000000001,0.001048652920871973
1962,65094,2.900000000000002,0,40,0.38160700000000003,0.0006590461125597358
1963,65134,2.900000000000002,0,40,0.381227,0.0019111682195216417
1964,65172,2.700000000000002,0,38,0.38086600000000004,0.00078716961434111
1965,65210,2.700000000000002,0,38,0.380505,0.0012952284887433052
1966,65243,2.2000000000000015,0,33,0.3801915000000001,0.002302954439073801
1967,65285,3.1000000000000014,0,42,0.3797925,0.0015248601557686925
1968,65318,2.2000000000000015,0,33,0.379479,0.0008509866893291473
1969,65366,3.6999999999999993,0,48,0.379023,0.0009265146218240261
1970,65403,2.600000000000002,0,37,0.37867150000000005,0.00046261114766821265
1971,65437,2.3000000000000016,0,34,0.3783485,0.002221403643488884
1972,65493,4.4999999999999964,0,56,0.3778165,0.001916681881994009
1973,65524,2.0000000000000013,0,31,0.377522,0.0012519105803221464
1974,65558,2.3000000000000016,0,34,0.37719899999999995,0.001936260610818863
1975,65591,2.2000000000000015,0,33,0.3768855,0.11901725828647614
1976,65621,1.9000000000000012,0,30,0.3766005000000001,0.03479679301381111
1977,65653,2.1000000000000014,0,32,0.37629650000000003,0.002765448298305273
1978,65689,2.5000000000000018,0,36,0.3759545000000001,0.0024893712252378464
1979,65731,3.1000000000000014,0,42,0.37555550000000004,0.0013999204384163022
1980,65776,3.4000000000000004,0,45,0.375128,0.0005133715458214283
1981,65843,5.5999999999999925,0,67,0.3744915000000001,0.0011312307324260473
1982,65892,3.799999999999999,0,49,0.3740260000000001,0.0015868002083152533
1983,65933,3.0000000000000018,0,41,0.37363650000000004,0.0015597966266795993
1984,65985,4.099999999999998,0,52,0.37314249999999993,0.0008067406597547233
1985,66030,3.4000000000000004,0,45,0.372715,0.003450111486017704
1986,66065,2.4000000000000017,0,35,0.37238250000000006,0.0027100578881800175
1987,66097,2.1000000000000014,0,32,0.3720785000000001,0.002740083960816264
1988,66134,2.600000000000002,0,37,0.37172700000000003,0.0019451066618785262
1989,66176,3.1000000000000014,0,42,0.371328,0.0012904297327622771
1990,66207,2.0000000000000013,0,31,0.3710335,0.0025403506588190794
1991,66240,2.2000000000000015,0,33,0.37072000000000005,0.0032486184500157833
1992,66292,4.099999999999998,0,52,0.37022600000000006,0.002668862696737051
1993,66328,2.5000000000000018,0,36,0.3698840000000001,0.0011226256610825658
1994,66361,2.2000000000000015,0,33,0.3695705,0.0018327272264286876
1995,66409,3.6999999999999993,0,48,0.3691145000000001,0.0017281209584325552
1996,66458,3.799999999999999,0,49,0.3686490000000001,0.00111535401083529
1997,66495,2.600000000000002,0,37,0.36829749999999994,0.0016957077896222472
1998,66550,4.399999999999997,0,55,0.3677750000000001,0.0029959059320390224
1999,66598,3.6999999999999993,0,48,0.36731900000000006,0.006512423045933247
2000,66634,2.5000000000000018,0,36,0.366977,0.0026815033052116632
2001,66666,2.1000000000000014,0,32,0.366673,0.0009190054843202233
2002,66702,2.5000000000000018,0,36,0.3663310000000001,0.0015789506724104285
2003,66741,2.800000000000002,0,39,0.36596050000000013,0.012090662494301796
2004,66780,2.800000000000002,0,39,0.3655900000000001,0.0017062727129086852
2005,66814,2.3000000000000016,0,34,0.3652670000000001,0.0021095285192131996
2006,66852,2.700000000000002,0,38,0.36490600000000006,0.011008331552147865
2007,66931,6.799999999999988,0,79,0.3641555000000001,0.03723321110010147
2008,66962,2.0000000000000013,0,31,0.363861,0.0008788931299932301
2009,66999,2.600000000000002,0,37,0.36350950000000004,0.0029905219562351704
2010,67037,2.700000000000002,0,38,0.3631485,0.0013893060386180878
2011,67101,5.299999999999994,0,64,0.36254050000000004,0.0013445280492305756
2012,67141,2.900000000000002,0,40,0.3621605000000001,0.0011790359858423471
2013,67184,3.200000000000001,0,43,0.3617520000000001,0.007235668133944273
2014,67214,1.9000000000000012,0,30,0.3614670000000001,0.003205444198101759
2015,67249,2.4000000000000017,0,35,0.3611345,0.006497188471257687
2016,67291,3.1000000000000014,0,42,0.3607355,0.0009709734586067498
2017,67329,2.700000000000002,0,38,0.36037449999999993,0.004397084936499596
2018,67362,2.2000000000000015,0,33,0.3600610000000001,0.021229177713394165
2019,67409,3.5999999999999996,0,47,0.35961450000000006,0.0009319527889601886
2020,67449,2.900000000000002,0,40,0.3592345,0.002178388647735119
2021,67481,2.1000000000000014,0,32,0.35893050000000004,0.0026710177771747112
2022,67525,3.3000000000000007,0,44,0.3585125,0.0017528131138533354
2023,67574,3.799999999999999,0,49,0.358047,0.016466112807393074
2024,67607,2.2000000000000015,0,33,0.35773350000000004,0.0021257642656564713
2025,67642,2.4000000000000017,0,35,0.35740099999999997,0.003305979771539569
2026,67678,2.5000000000000018,0,36,0.357059,0.001059630187228322
2027,67709,2.0000000000000013,0,31,0.35676450000000004,0.0017403389792889357
2028,67748,2.800000000000002,0,39,0.3563940000000001,0.0026320347096771
2029,67788,2.900000000000002,0,40,0.35601399999999994,0.001459907041862607
2030,67822,2.3000000000000016,0,34,0.355691,0.001062836148776114
2031,67853,2.0000000000000013,0,31,0.3553965000000001,0.0012921321904286742
2032,67900,3.5999999999999996,0,47,0.35495,0.0022702000569552183
2033,67944,3.3000000000000007,0,44,0.35453199999999996,0.0013575931079685688
2034,67980,2.5000000000000018,0,36,0.3541900000000001,0.003161635948345065
2035,68012,2.1000000000000014,0,32,0.35388600000000003,0.00255948631092906
2036,68046,2.3000000000000016,0,34,0.35356300000000007,0.0019335988909006119
2037,68102,4.4999999999999964,0,56,0.3530310000000001,0.003113582730293274
2038,68142,2.900000000000002,0,40,0.35265100000000005,0.0022286507301032543
2039,68175,2.2000000000000015,0,33,0.3523375000000001,0.001046084682457149
2040,68210,2.4000000000000017,0,35,0.352005,0.0015998922754079103
2041,68265,4.399999999999997,0,55,0.35148250000000003,0.0008837516652420163
2042,68299,2.3000000000000016,0,34,0.35115950000000007,0.10292157530784607
2043,68331,2.1000000000000014,0,32,0.3508555000000001,0.0014909671153873205
2044,68373,3.1000000000000014,0,42,0.35045650000000006,0.0010594615014269948
2045,68450,6.599999999999989,0,77,0.34972500000000006,0.0019413696136325598
2046,68503,4.1999999999999975,0,53,0.34922149999999996,0.0006647682748734951
2047,68534,2.0000000000000013,0,31,0.3489270000000001,0.0014231223613023758
2048,68579,3.4000000000000004,0,45,0.3484995000000001,0.0010260792914777994
2049,68640,4.999999999999995,0,61,0.34792,0.0012209181440994143
2050,68672,2.1000000000000014,0,32,0.34761600000000004,0.0012374111684039235
2051,68706,2.3000000000000016,0,34,0.3472930000000001,0.001402703346684575
2052,68753,3.5999999999999996,0,47,0.34684650000000006,0.0019205529242753983
2053,68810,4.599999999999996,0,57,0.346305,0.002582776825875044
2054,68850,2.900000000000002,0,40,0.34592500000000004,0.001928043900988996
2055,68887,2.600000000000002,0,37,0.3455735000000001,0.002047356218099594
2056,68919,2.1000000000000014,0,32,0.3452695,0.0038395102601498365
2057,68958,2.800000000000002,0,39,0.34489900000000007,0.0014284589560702443
2058,68989,2.0000000000000013,0,31,0.3446045,0.0007018042961135507
2059,69034,3.4000000000000004,0,45,0.34417700000000007,0.001962153008207679
2060,69073,2.800000000000002,0,39,0.3438065000000001,0.005091007333248854
2061,69111,2.700000000000002,0,38,0.34344550000000007,0.0012865731259807944
2062,69153,3.1000000000000014,0,42,0.34304650000000003,0.0011086058802902699
2063,69195,3.1000000000000014,0,42,0.3426475000000001,0.003166015725582838
2064,69232,2.600000000000002,0,37,0.34229599999999993,0.021173398941755295
2065,69284,4.099999999999998,0,52,0.34180200000000005,0.005515739321708679
2066,69320,2.5000000000000018,0,36,0.34146,0.0015710755251348019
2067,69353,2.2000000000000015,0,33,0.3411465,0.0019463476492092013
2068,69396,3.200000000000001,0,43,0.340738,0.0017100574914366007
2069,69453,4.599999999999996,0,57,0.3401965,0.004063963890075684
2070,69505,4.099999999999998,0,52,0.33970250000000013,0.0018314432818442583
2071,69551,3.5,0,46,0.3392655000000001,0.0019971048459410667
2072,69589,2.700000000000002,0,38,0.33890450000000005,0.0008042013505473733
2073,69665,6.499999999999989,0,76,0.33818250000000005,0.0022138874046504498
2074,69720,4.399999999999997,0,55,0.33765999999999996,0.05350538715720177
2075,69767,3.5999999999999996,0,47,0.33721350000000005,0.0010755580151453614
2076,69808,3.0000000000000018,0,41,0.336824,0.0007253761868923903
2077,69879,5.999999999999991,0,71,0.3361495,0.004146608989685774
2078,69962,7.199999999999987,0,83,0.335361,0.0022931168787181377
2079,70020,4.699999999999996,0,58,0.33480999999999994,0.0011559451231732965
2080,70055,2.4000000000000017,0,35,0.3344775,0.002761474810540676
2081,70095,2.900000000000002,0,40,0.33409750000000005,0.003264008089900017
2082,70135,2.900000000000002,0,40,0.3337175,0.020520590245723724
2083,70179,3.3000000000000007,0,44,0.33329949999999997,0.001573970541357994
2084,70217,2.700000000000002,0,38,0.3329385,0.003956926520913839
2085,70253,2.5000000000000018,0,36,0.3325965000000001,0.0038921518716961145
2086,70299,3.5,0,46,0.33215950000000005,0.0011761673958972096
2087,70335,2.5000000000000018,0,36,0.3318175,0.0018308802973479033
2088,70369,2.3000000000000016,0,34,0.3314945,0.00230084965005517
2089,70412,3.200000000000001,0,43,0.3310860000000001,0.001846223371103406
2090,70456,3.3000000000000007,0,44,0.3306680000000001,0.003231288865208626
2091,70500,3.3000000000000007,0,44,0.33025000000000004,0.0020477105863392353
2092,70533,2.2000000000000015,0,33,0.32993649999999997,0.0010881732450798154
2093,70587,4.299999999999997,0,54,0.3294235,0.0006281493697315454
2094,70632,3.4000000000000004,0,45,0.32899600000000007,0.002470979932695627
2095,70671,2.800000000000002,0,39,0.3286255000000001,0.005907115526497364
2096,70723,4.099999999999998,0,52,0.3281315,0.0016946553951129317
2097,70763,2.900000000000002,0,40,0.3277515000000001,0.006891016848385334
2098,70813,3.8999999999999986,0,50,0.32727649999999997,0.002481518778949976
2099,70852,2.800000000000002,0,39,0.32690600000000003,0.05585847422480583
2100,70887,2.4000000000000017,0,35,0.32657350000000007,0.0012319980887696147
2101,70922,2.4000000000000017,0,35,0.3262410000000001,0.00463230162858963
2102,70958,2.5000000000000018,0,36,0.32589900000000005,0.0032264809124171734
2103,71010,4.099999999999998,0,52,0.32540500000000006,0.009444632567465305
2104,71045,2.4000000000000017,0,35,0.3250725,0.002913559088483453
2105,71096,3.9999999999999982,0,51,0.324588,0.001293317647650838
2106,71131,2.4000000000000017,0,35,0.32425550000000003,0.001474772347137332
2107,71187,4.4999999999999964,0,56,0.32372350000000005,0.0018990985117852688
2108,71225,2.700000000000002,0,38,0.3233625,0.005322488024830818
2109,71289,5.299999999999994,0,64,0.32275450000000006,0.0029654032550752163
2110,71342,4.1999999999999975,0,53,0.32225099999999995,0.002238068962469697
2111,71373,2.0000000000000013,0,31,0.3219565000000001,0.08323606848716736
2112,71416,3.200000000000001,0,43,0.32154800000000006,0.0010053117293864489
2113,71456,2.900000000000002,0,40,0.321168,0.0008775457390584052
2114,71493,2.600000000000002,0,37,0.32081650000000006,0.0005650680395774543
2115,71532,2.800000000000002,0,39,0.3204460000000001,0.001663705799728632
2116,71574,3.1000000000000014,0,42,0.32004699999999997,0.0008999955607578158
2117,71613,2.800000000000002,0,39,0.31967650000000003,0.00046673743054270744
2118,71685,6.099999999999991,0,72,0.3189925,0.008965978398919106
2119,71741,4.4999999999999964,0,56,0.31846050000000004,0.0013619803357869387
2120,71779,2.700000000000002,0,38,0.3180995,0.0027225068770349026
2121,71821,3.1000000000000014,0,42,0.31770050000000005,0.0024418686516582966
2122,71856,2.4000000000000017,0,35,0.3173680000000001,0.005654479376971722
2123,71907,3.9999999999999982,0,51,0.3168835000000001,0.004855695646256208
2124,71940,2.2000000000000015,0,33,0.31657,0.0014749394031241536
2125,71973,2.2000000000000015,0,33,0.31625650000000005,0.0016996164340525866
2126,72009,2.5000000000000018,0,36,0.3159145,0.0006851446814835072
2127,72047,2.700000000000002,0,38,0.31555349999999993,0.0023014438338577747
2128,72085,2.700000000000002,0,38,0.3151925,0.001395276514813304
2129,72131,3.5,0,46,0.3147555000000001,0.0006997471209615469
2130,72176,3.4000000000000004,0,45,0.31432800000000005,0.0036987089551985264
2131,72221,3.4000000000000004,0,45,0.3139005,0.0009079452720470726
2132,72286,5.399999999999993,0,65,0.3132830000000001,0.0021461292635649443
2133,72335,3.799999999999999,0,49,0.31281749999999997,0.00089093396672979
2134,72385,3.8999999999999986,0,50,0.3123425000000001,0.001060308190062642
2135,72426,3.0000000000000018,0,41,0.31195300000000004,0.0007197537343017757
2136,72467,3.0000000000000018,0,41,0.3115635,0.0012993784621357918
2137,72521,4.299999999999997,0,54,0.3110505,0.002387856598943472
2138,72571,3.8999999999999986,0,50,0.3105755000000001,0.0022494327276945114
2139,72613,3.1000000000000014,0,42,0.31017649999999997,0.0010115981567651033
2140,72647,2.3000000000000016,0,34,0.3098535000000001,0.0012807477032765746
2141,72682,2.4000000000000017,0,35,0.30952100000000005,0.0011486352887004614
2142,72716,2.3000000000000016,0,34,0.309198,0.005707146134227514
2143,72754,2.700000000000002,0,38,0.30883700000000003,0.004139226395636797
2144,72794,2.900000000000002,0,40,0.308457,0.0012186277890577912
2145,72834,2.900000000000002,0,40,0.30807700000000005,0.0032409625127911568
2146,72881,3.5999999999999996,0,47,0.30763050000000003,0.0006859507411718369
2147,72937,4.4999999999999964,0,56,0.30709850000000005,0.0020656120032072067
2148,72975,2.700000000000002,0,38,0.3067375,0.0015096459537744522
2149,73007,2.1000000000000014,0,32,0.3064335,0.005286863073706627
2150,73059,4.099999999999998,0,52,0.30593950000000003,0.005074193701148033
2151,73105,3.5,0,46,0.3055025,0.002152023371309042
2152,73165,4.899999999999995,0,60,0.30493250000000005,0.0015756917418912053
2153,73211,3.5,0,46,0.30449550000000003,0.0005713488208130002
2154,73256,3.4000000000000004,0,45,0.304068,0.0033216478768736124
2155,73302,3.5,0,46,0.303631,0.0018414701335132122
2156,73342,2.900000000000002,0,40,0.30325100000000005,0.0028206645511090755
2157,73386,3.3000000000000007,0,44,0.302833,0.0009950039675459266
2158,73426,2.900000000000002,0,40,0.30245299999999997,0.004039617720991373
2159,73471,3.4000000000000004,0,45,0.30202550000000006,0.0022346375044435263
2160,73535,5.299999999999994,0,64,0.3014175000000001,0.004697832278907299
2161,73569,2.3000000000000016,0,34,0.30109450000000004,0.002010618569329381
2162,73617,3.6999999999999993,0,48,0.30063850000000003,0.0012595958542078733
2163,73670,4.1999999999999975,0,53,0.30013500000000004,0.0025343589950352907
2164,73711,3.0000000000000018,0,41,0.2997455,0.0008047877927310765
2165,73757,3.5,0,46,0.2993085000000001,0.0015245029935613275
2166,73799,3.1000000000000014,0,42,0.29890950000000005,0.0017982127610594034
2167,73838,2.800000000000002,0,39,0.298539,0.0008809807477518916
2168,73889,3.9999999999999982,0,51,0.2980545,0.004221788607537746
2169,73949,4.899999999999995,0,60,0.29748450000000004,0.0018047712510451674
2170,73997,3.6999999999999993,0,48,0.29702850000000003,0.0016319493297487497
2171,74032,2.4000000000000017,0,35,0.29669600000000007,0.0038822810165584087
2172,74091,4.799999999999995,0,59,0.2961355000000001,0.00403445353731513
2173,74144,4.1999999999999975,0,53,0.295632,0.0008724790532141924
2174,74182,2.700000000000002,0,38,0.29527099999999995,0.0019523582886904478
2175,74225,3.200000000000001,0,43,0.2948625,0.003106898395344615
2176,74292,5.5999999999999925,0,67,0.294226,0.0023312456905841827
2177,74325,2.2000000000000015,0,33,0.2939125,0.0021876513492316008
2178,74361,2.5000000000000018,0,36,0.29357050000000007,0.003582239616662264
2179,74400,2.800000000000002,0,39,0.2932,0.0013364923652261496
2180,74433,2.2000000000000015,0,33,0.29288649999999994,0.007133520673960447
2181,74471,2.700000000000002,0,38,0.2925255,0.020248431712388992
2182,74524,4.1999999999999975,0,53,0.292022,0.002748580416664481
2183,74559,2.4000000000000017,0,35,0.29168950000000005,0.0011531482450664043
2184,74640,6.999999999999988,0,81,0.29092000000000007,0.0035654865205287933
2185,74680,2.900000000000002,0,40,0.29054,0.0016521482029929757
2186,74748,5.699999999999992,0,68,0.289894,0.0019517502514645457
2187,74791,3.200000000000001,0,43,0.28948550000000006,0.0021839351393282413
2188,74832,3.0000000000000018,0,41,0.289096,0.0016811513341963291
2189,74868,2.5000000000000018,0,36,0.28875400000000007,0.0018104424234479666
2190,74911,3.200000000000001,0,43,0.28834550000000003,0.002150346990674734
2191,74957,3.5,0,46,0.2879085000000001,0.00083010527305305
2192,75001,3.3000000000000007,0,44,0.2874905000000001,0.014069290831685066
2193,75040,2.800000000000002,0,39,0.28712000000000004,0.0009298868244513869
2194,75084,3.3000000000000007,0,44,0.2867020000000001,0.0065374793484807014
2195,75135,3.9999999999999982,0,51,0.2862175000000001,0.0018669582204893231
2196,75183,3.6999999999999993,0,48,0.2857615,0.003270728513598442
2197,75218,2.4000000000000017,0,35,0.28542900000000004,0.0046300143003463745
2198,75252,2.3000000000000016,0,34,0.2851060000000001,0.04807296767830849
2199,75310,4.699999999999996,0,58,0.284555,0.004840141627937555
2200,75358,3.6999999999999993,0,48,0.284099,0.001998057821765542
2201,75417,4.799999999999995,0,59,0.2835385,0.0017136258538812399
2202,75469,4.099999999999998,0,52,0.28304450000000003,0.001658473163843155
2203,75529,4.899999999999995,0,60,0.2824745000000001,0.0005963678704574704
2204,75566,2.600000000000002,0,37,0.282123,0.002539202105253935
2205,75627,4.999999999999995,0,61,0.28154350000000006,0.0015389348845928907
2206,75699,6.099999999999991,0,72,0.28085950000000004,0.0017413162859156728
2207,75745,3.5,0,46,0.28042250000000013,0.0027024755254387856
2208,75793,3.6999999999999993,0,48,0.2799665,0.00246246624737978
2209,75827,2.3000000000000016,0,34,0.27964350000000004,0.001476437784731388
2210,75860,2.2000000000000015,0,33,0.27932999999999997,0.0016789172077551484
2211,75907,3.5999999999999996,0,47,0.27888350000000006,0.0013732558581978083
2212,75940,2.2000000000000015,0,33,0.2785700000000001,0.0024890927597880363
2213,75989,3.799999999999999,0,49,0.2781045000000001,0.00045348372077569366
2214,76027,2.700000000000002,0,38,0.27774350000000003,0.0009130558464676142
2215,76085,4.699999999999996,0,58,0.27719250000000006,0.004728562198579311
2216,76130,3.4000000000000004,0,45,0.27676500000000004,0.005009436048567295
2217,76178,3.6999999999999993,0,48,0.276309,0.001053878222592175
2218,76231,4.1999999999999975,0,53,0.27580550000000004,0.00644887238740921
2219,76289,4.699999999999996,0,58,0.27525450000000007,0.001695935963653028
2220,76352,5.199999999999994,0,63,0.274656,0.0020712593104690313
2221,76409,4.599999999999996,0,57,0.27411450000000004,0.17110133171081543
2222,76471,5.099999999999994,0,62,0.2735255000000001,0.0036993755493313074
2223,76538,5.5999999999999925,0,67,0.27288900000000005,0.0015037195989862084
2224,76583,3.4000000000000004,0,45,0.2724615,0.004747839644551277
2225,76644,4.999999999999995,0,61,0.27188200000000007,0.002112576039507985
2226,76691,3.5999999999999996,0,47,0.27143550000000005,0.0020760158076882362
2227,76726,2.4000000000000017,0,35,0.271103,0.004012938588857651
2228,76757,2.0000000000000013,0,31,0.2708085,0.005429088603705168
2229,76809,4.099999999999998,0,52,0.2703145,0.0012801710981875658
2230,76842,2.2000000000000015,0,33,0.27000100000000005,0.01676040142774582
2231,76887,3.4000000000000004,0,45,0.2695735,0.0019040118204429746
2232,76921,2.3000000000000016,0,34,0.26925050000000006,0.0034029786475002766
2233,76994,6.19999999999999,0,73,0.26855700000000005,0.006183842197060585
2234,77046,4.099999999999998,0,52,0.26806300000000005,0.0031100723426789045
2235,77089,3.200000000000001,0,43,0.2676545,0.005566584877669811
2236,77140,3.9999999999999982,0,51,0.26717,0.10329815000295639
2237,77205,5.399999999999993,0,65,0.26655249999999997,0.0020107864402234554
2238,77258,4.1999999999999975,0,53,0.266049,0.003952682949602604
2239,77319,4.999999999999995,0,61,0.2654695,0.008194671012461185
2240,77357,2.700000000000002,0,38,0.2651085000000001,0.0038239145651459694
2241,77416,4.799999999999995,0,59,0.2645480000000001,0.002793485065922141
2242,77472,4.4999999999999964,0,56,0.26401600000000003,0.002462630160152912
2243,77504,2.1000000000000014,0,32,0.26371200000000006,0.0019125569378957152
2244,77548,3.3000000000000007,0,44,0.26329400000000014,0.002426954684779048
2245,77593,3.4000000000000004,0,45,0.2628665,0.0017922187689691782
2246,77644,3.9999999999999982,0,51,0.262382,0.062433309853076935
2247,77695,3.9999999999999982,0,51,0.2618975,0.0028350267093628645
2248,77760,5.399999999999993,0,65,0.26128000000000007,0.006382068619132042
2249,77803,3.200000000000001,0,43,0.26087150000000003,0.0034979863557964563
2250,77868,5.399999999999993,0,65,0.260254,0.001831584726460278
2251,77925,4.599999999999996,0,57,0.2597125,0.0012025944888591766
2252,77959,2.3000000000000016,0,34,0.25938950000000005,0.0011952875647693872
2253,78014,4.399999999999997,0,55,0.25886700000000007,0.0029673289973288774
2254,78057,3.200000000000001,0,43,0.25845850000000004,0.0009547204244881868
2255,78089,2.1000000000000014,0,32,0.25815450000000006,0.009438670240342617
2256,78128,2.800000000000002,0,39,0.257784,0.0014999837148934603
2257,78171,3.200000000000001,0,43,0.2573755,0.010731417685747147
2258,78206,2.4000000000000017,0,35,0.257043,0.0019954736344516277
2259,78249,3.200000000000001,0,43,0.2566345,0.0038248561322689056
2260,78327,6.699999999999989,0,78,0.2558935,0.0037499251775443554
2261,78376,3.799999999999999,0,49,0.255428,0.003377029439434409
2262,78425,3.799999999999999,0,49,0.2549625,0.0017730235122144222
2263,78478,4.1999999999999975,0,53,0.254459,0.0032223870512098074
2264,78527,3.799999999999999,0,49,0.2539935,0.03513764962553978
2265,78570,3.200000000000001,0,43,0.25358500000000006,0.0006989040994085371
2266,78611,3.0000000000000018,0,41,0.2531955,0.001852710614912212
2267,78647,2.5000000000000018,0,36,0.25285350000000006,0.011178890243172646
2268,78691,3.3000000000000007,0,44,0.25243550000000003,0.004690104629844427
2269,78727,2.5000000000000018,0,36,0.25209349999999997,0.0016314515378326178
2270,78768,3.0000000000000018,0,41,0.25170400000000004,0.0011719956528395414
2271,78804,2.5000000000000018,0,36,0.2513620000000001,0.002260086126625538
2272,78848,3.3000000000000007,0,44,0.25094400000000006,0.0021645878441631794
2273,78922,6.29999999999999,0,74,0.25024100000000005,0.0008983592852018774
2274,78962,2.900000000000002,0,40,0.249861,0.002032664604485035
2275,79013,3.9999999999999982,0,51,0.2493765,0.004566513001918793
2276,79067,4.299999999999997,0,54,0.24886350000000002,0.0075268931686878204
2277,79111,3.3000000000000007,0,44,0.2484455000000001,0.00103289564140141
2278,79179,5.699999999999992,0,68,0.24779950000000006,0.003124475944787264
2279,79221,3.1000000000000014,0,42,0.24740050000000002,0.005837205797433853
2280,79275,4.299999999999997,0,54,0.24688750000000004,0.003447076305747032
2281,79339,5.299999999999994,0,64,0.24627949999999998,0.004534165374934673
2282,79396,4.599999999999996,0,57,0.245738,0.002197863534092903
2283,79430,2.3000000000000016,0,34,0.24541500000000005,0.005181357264518738
2284,79476,3.5,0,46,0.24497800000000003,0.002178726252168417
2285,79521,3.4000000000000004,0,45,0.24455050000000012,0.0019696608651429415
2286,79559,2.700000000000002,0,38,0.24418950000000006,0.0034549906849861145
2287,79615,4.4999999999999964,0,56,0.24365749999999997,0.0020306422375142574
2288,79656,3.0000000000000018,0,41,0.24326800000000004,0.043378796428442
2289,79689,2.2000000000000015,0,33,0.24295450000000007,0.10432014614343643
2290,79740,3.9999999999999982,0,51,0.24247000000000007,0.011026108637452126
2291,79783,3.200000000000001,0,43,0.24206150000000004,0.002697813557460904
2292,79843,4.899999999999995,0,60,0.24149150000000008,0.0013812016695737839
2293,79897,4.299999999999997,0,54,0.2409785000000001,0.002750330837443471
2294,79956,4.799999999999995,0,59,0.24041800000000002,0.017749492079019547
2295,79999,3.200000000000001,0,43,0.2400095000000001,0.11055708676576614
2296,80055,4.4999999999999964,0,56,0.2394775,0.003973891492933035
2297,80101,3.5,0,46,0.2390405,0.0011885410640388727
2298,80158,4.599999999999996,0,57,0.23849900000000013,0.0012933171819895506
2299,80221,5.199999999999994,0,63,0.23790050000000007,0.011047503910958767
2300,80284,5.199999999999994,0,63,0.237302,0.004319142550230026
2301,80323,2.800000000000002,0,39,0.23693150000000007,0.003361297305673361
2302,80391,5.699999999999992,0,68,0.23628550000000004,0.004198731854557991
2303,80434,3.200000000000001,0,43,0.235877,0.0028638127259910107
2304,80485,3.9999999999999982,0,51,0.23539250000000012,0.004339688923209906
2305,80519,2.3000000000000016,0,34,0.23506950000000004,0.00511485431343317
2306,80600,6.999999999999988,0,81,0.23429999999999995,0.006164167542010546
2307,80642,3.1000000000000014,0,42,0.23390100000000003,0.0034926068037748337
2308,80717,6.39999999999999,0,75,0.23318850000000002,0.00521138496696949
2309,80759,3.1000000000000014,0,42,0.23278949999999998,0.0037791836075484753
2310,80819,4.899999999999995,0,60,0.23221950000000002,0.01571260392665863
2311,80859,2.900000000000002,0,40,0.23183949999999998,0.002951091853901744
2312,80905,3.5,0,46,0.23140249999999996,0.001094100996851921
2313,80956,3.9999999999999982,0,51,0.23091800000000007,0.04011629894375801
2314,81042,7.499999999999986,0,86,0.230101,0.0018964237533509731
2315,81111,5.799999999999992,0,69,0.22944550000000008,0.0035314923152327538
2316,81150,2.800000000000002,0,39,0.22907500000000003,0.004146921448409557
2317,81185,2.4000000000000017,0,35,0.22874250000000007,0.0019615350756794214
2318,81227,3.1000000000000014,0,42,0.22834350000000003,0.0029513337649405003
2319,81284,4.599999999999996,0,57,0.22780200000000006,0.0036607268266379833
2320,81337,4.1999999999999975,0,53,0.22729849999999996,0.0023441999219357967
2321,81381,3.3000000000000007,0,44,0.22688050000000004,0.002949320711195469
2322,81437,4.4999999999999964,0,56,0.22634849999999995,0.0024185122456401587
2323,81483,3.5,0,46,0.22591149999999993,0.005212388001382351
2324,81528,3.4000000000000004,0,45,0.22548400000000002,0.0033534597605466843
2325,81564,2.5000000000000018,0,36,0.22514199999999995,0.0017800715286284685
2326,81658,8.299999999999983,0,94,0.22424900000000003,0.0031356720719486475
2327,81725,5.5999999999999925,0,67,0.2236125,0.004162729252129793
2328,81790,5.399999999999993,0,65,0.22299500000000005,0.001761648803949356
2329,81877,7.599999999999985,0,87,0.2221685,0.000955106457695365
2330,81963,7.499999999999986,0,86,0.22135150000000003,0.0015424302546307445
2331,81996,2.2000000000000015,0,33,0.22103800000000007,0.004337751306593418
2332,82041,3.4000000000000004,0,45,0.22061050000000004,0.0586777999997139
2333,82092,3.9999999999999982,0,51,0.22012600000000004,0.003671405604109168
2334,82161,5.799999999999992,0,69,0.21947050000000012,0.005047248676419258
2335,82202,3.0000000000000018,0,41,0.21908100000000008,0.0019396438729017973
2336,82255,4.1999999999999975,0,53,0.21857749999999998,0.0014411949086934328
2337,82304,3.799999999999999,0,49,0.21811200000000008,0.0046167634427547455
2338,82349,3.4000000000000004,0,45,0.21768449999999995,0.003452653530985117
2339,82399,3.8999999999999986,0,50,0.21720950000000006,0.010578565299510956
2340,82491,8.099999999999984,0,92,0.21633550000000001,0.004590298514813185
2341,82549,4.699999999999996,0,58,0.21578450000000005,0.0036802731920033693
2342,82602,4.1999999999999975,0,53,0.21528100000000006,0.0011798570631071925
2343,82676,6.29999999999999,0,74,0.21457799999999994,0.0033562909811735153
2344,82722,3.5,0,46,0.21414100000000003,0.004636198282241821
2345,82798,6.499999999999989,0,76,0.21341900000000003,0.0051355911418795586
2346,82841,3.200000000000001,0,43,0.2130105000000001,0.0022091111168265343
2347,82894,4.1999999999999975,0,53,0.212507,0.0030765030533075333
2348,82951,4.599999999999996,0,57,0.21196550000000003,0.0012934079859405756
2349,83031,6.899999999999988,0,80,0.21120550000000005,0.002214503474533558
2350,83082,3.9999999999999982,0,51,0.21072100000000005,0.005232359282672405
2351,83137,4.399999999999997,0,55,0.21019849999999995,0.006405108608305454
2352,83194,4.599999999999996,0,57,0.20965699999999998,0.0042798155918717384
2353,83240,3.5,0,46,0.20921999999999996,0.0019694529473781586
2354,83272,2.1000000000000014,0,32,0.208916,0.003339252434670925
2355,83346,6.29999999999999,0,74,0.2082130000000001,0.0038156346417963505
2356,83398,4.099999999999998,0,52,0.207719,0.013630948029458523
2357,83439,3.0000000000000018,0,41,0.20732950000000006,0.0040154829621315
2358,83500,4.999999999999995,0,61,0.2067500000000001,0.0024903020821511745
2359,83544,3.3000000000000007,0,44,0.20633200000000007,0.0017347962129861116
2360,83585,3.0000000000000018,0,41,0.20594250000000003,0.00104421260766685
2361,83641,4.4999999999999964,0,56,0.20541050000000005,0.12826186418533325
2362,83690,3.799999999999999,0,49,0.20494500000000004,0.0014658435247838497
2363,83741,3.9999999999999982,0,51,0.20446050000000004,0.004360861144959927
2364,83804,5.199999999999994,0,63,0.203862,0.0037788047920912504
2365,83905,8.99999999999998,0,101,0.2029025000000001,0.0014297302113845944
2366,83960,4.399999999999997,0,55,0.20238,0.002754884772002697
2367,83996,2.5000000000000018,0,36,0.20203800000000005,0.07847082614898682
2368,84050,4.299999999999997,0,54,0.20152500000000007,0.003485469613224268
2369,84129,6.799999999999988,0,79,0.20077450000000008,0.0043075792491436005
2370,84230,8.99999999999998,0,101,0.19981499999999996,0.008066057227551937
2371,84287,4.599999999999996,0,57,0.1992735,0.0008740522898733616
2372,84339,4.099999999999998,0,52,0.1987795000000001,0.0012079649604856968
2373,84387,3.6999999999999993,0,48,0.19832349999999999,0.0016413277480751276
2374,84450,5.199999999999994,0,63,0.19772500000000004,0.007571058347821236
2375,84524,6.29999999999999,0,74,0.19702200000000003,0.008116649463772774
2376,84584,4.899999999999995,0,60,0.19645199999999996,0.008202610537409782
2377,84636,4.099999999999998,0,52,0.19595800000000008,0.0044693294912576675
2378,84688,4.099999999999998,0,52,0.19546400000000008,0.00409427285194397
2379,84731,3.200000000000001,0,43,0.19505550000000005,0.013530907221138477
2380,84777,3.5,0,46,0.19461850000000003,0.006301034241914749
2381,84849,6.099999999999991,0,72,0.19393450000000012,0.011099696159362793
2382,84888,2.800000000000002,0,39,0.19356400000000007,0.005634669214487076
2383,84951,5.199999999999994,0,63,0.1929655,0.0021633466240018606
2384,85052,8.99999999999998,0,101,0.192006,0.008788575418293476
2385,85111,4.799999999999995,0,59,0.19144550000000005,0.002064832951873541
2386,85187,6.499999999999989,0,76,0.19072350000000005,0.004798779264092445
2387,85227,2.900000000000002,0,40,0.1903435000000001,0.0035585046280175447
2388,85295,5.699999999999992,0,68,0.18969750000000007,0.0010671972995623946
2389,85340,3.4000000000000004,0,45,0.18926999999999994,0.0021367170847952366
2390,85390,3.8999999999999986,0,50,0.18879500000000005,0.01222342811524868
2391,85436,3.5,0,46,0.18835800000000003,0.0024718474596738815
2392,85493,4.599999999999996,0,57,0.18781650000000005,0.0029346435330808163
2393,85545,4.099999999999998,0,52,0.18732249999999995,0.003947409335523844
2394,85603,4.699999999999996,0,58,0.1867715000000001,0.0022867736406624317
2395,85641,2.700000000000002,0,38,0.18641050000000003,0.02596883475780487
2396,85692,3.9999999999999982,0,51,0.18592600000000004,0.0019808057695627213
2397,85751,4.799999999999995,0,59,0.18536550000000007,0.009330217726528645
2398,85852,8.99999999999998,0,101,0.18440600000000007,0.00176541309338063
2399,85905,4.1999999999999975,0,53,0.18390250000000008,0.015032760798931122
2400,85962,4.599999999999996,0,57,0.183361,0.004403902217745781
2401,86001,2.800000000000002,0,39,0.18299049999999994,0.010051839984953403
2402,86084,7.199999999999987,0,83,0.18220199999999998,0.0028610352892428637
2403,86154,5.8999999999999915,0,70,0.18153700000000006,0.0025318083353340626
2404,86228,6.29999999999999,0,74,0.18083399999999994,0.0016905339434742928
2405,86280,4.099999999999998,0,52,0.18034000000000006,0.00437657255679369
2406,86340,4.899999999999995,0,60,0.1797700000000001,0.006820289418101311
2407,86413,6.19999999999999,0,73,0.17907650000000008,0.004948534537106752
2408,86481,5.699999999999992,0,68,0.17843050000000005,0.00607200525701046
2409,86547,5.499999999999993,0,66,0.17780350000000011,0.0019363067112863064
2410,86606,4.799999999999995,0,59,0.17724300000000004,0.0013479007175192237
2411,86702,8.499999999999982,0,96,0.17633100000000002,0.0026272409595549107
2412,86751,3.799999999999999,0,49,0.1758655,0.009556114673614502
2413,86799,3.6999999999999993,0,48,0.1754095,0.00286107393912971
2414,86873,6.29999999999999,0,74,0.1747065,0.008081182837486267
2415,86938,5.399999999999993,0,65,0.17408900000000005,0.0018673515878617764
2416,86996,4.699999999999996,0,58,0.17353800000000008,0.0014237987343221903
2417,87065,5.799999999999992,0,69,0.17288250000000005,0.0012816733215004206
2418,87123,4.699999999999996,0,58,0.17233150000000008,0.009195573627948761
2419,87190,5.5999999999999925,0,67,0.17169500000000004,0.003932800143957138
2420,87261,5.999999999999991,0,71,0.17102050000000002,0.007971159182488918
2421,87336,6.39999999999999,0,75,0.17030800000000001,0.008781068958342075
2422,87392,4.4999999999999964,0,56,0.16977600000000004,0.004326179623603821
2423,87461,5.799999999999992,0,69,0.1691205,0.0028993883170187473
2424,87509,3.6999999999999993,0,48,0.1686645,0.002604059875011444
2425,87563,4.299999999999997,0,54,0.1681515,0.042373236268758774
2426,87632,5.799999999999992,0,69,0.1674960000000001,0.0091897863894701
2427,87702,5.8999999999999915,0,70,0.16683100000000006,0.0028460174798965454
2428,87754,4.099999999999998,0,52,0.16633700000000007,0.0032102372497320175
2429,87830,6.499999999999989,0,76,0.16561500000000007,0.005229964852333069
2430,87900,5.8999999999999915,0,70,0.16495000000000004,0.0028626229614019394
2431,87954,4.299999999999997,0,54,0.16443700000000006,0.1477544754743576
2432,88013,4.799999999999995,0,59,0.1638765000000001,0.006323552690446377
2433,88107,8.299999999999983,0,94,0.16298350000000006,0.007437568157911301
2434,88178,5.999999999999991,0,71,0.16230900000000004,0.0032433546148240566
2435,88256,6.699999999999989,0,78,0.16156800000000004,0.0040207915008068085
2436,88305,3.799999999999999,0,49,0.16110250000000004,0.0028305677697062492
2437,88384,6.799999999999988,0,79,0.16035200000000005,0.0034884146880358458
2438,88448,5.299999999999994,0,64,0.159744,0.0019299873383715749
2439,88515,5.5999999999999925,0,67,0.15910750000000007,0.01079675555229187
2440,88604,7.799999999999985,0,89,0.158262,0.004707601387053728
2441,88653,3.799999999999999,0,49,0.1577965,0.02065536193549633
2442,88737,7.2999999999999865,0,84,0.15699850000000004,0.00590104516595602
2443,88791,4.299999999999997,0,54,0.15648550000000006,0.0049235885962843895
2444,88844,4.1999999999999975,0,53,0.15598200000000007,0.0033910954371094704
2445,88899,4.399999999999997,0,55,0.15545950000000008,0.002086471300572157
2446,88967,5.699999999999992,0,68,0.15481350000000005,0.004810970276594162
2447,89049,7.099999999999987,0,82,0.15403450000000007,0.05056963860988617
2448,89096,3.5999999999999996,0,47,0.15358800000000006,0.002087892033159733
2449,89128,2.1000000000000014,0,32,0.1532840000000001,0.0034630773589015007
2450,89178,3.8999999999999986,0,50,0.15280899999999997,0.0017863144166767597
2451,89241,5.199999999999994,0,63,0.15221050000000003,0.007732957601547241
2452,89301,4.899999999999995,0,60,0.15164050000000007,0.011498406529426575
2453,89387,7.499999999999986,0,86,0.1508235,0.0034615322947502136
2454,89437,3.8999999999999986,0,50,0.1503485,0.010065324604511261
2455,89538,8.99999999999998,0,101,0.1493890000000001,0.006023079622536898
2456,89612,6.29999999999999,0,74,0.14868599999999998,0.005870901048183441
2457,89679,5.5999999999999925,0,67,0.14804950000000006,0.004927977919578552
2458,89780,8.99999999999998,0,101,0.14709000000000005,0.002520738635212183
2459,89830,3.8999999999999986,0,50,0.14661500000000005,0.0026097071822732687
2460,89931,8.99999999999998,0,101,0.14565549999999994,0.002094942843541503
2461,90031,8.89999999999998,0,100,0.14470550000000004,0.012150991708040237
2462,90104,6.19999999999999,0,73,0.14401200000000014,0.012992583215236664
2463,90154,3.8999999999999986,0,50,0.14353700000000003,0.014437444508075714
2464,90207,4.1999999999999975,0,53,0.14303350000000004,0.017516452819108963
2465,90290,7.199999999999987,0,83,0.14224499999999995,0.00791351031512022
2466,90379,7.799999999999985,0,89,0.1413995,0.005910014733672142
2467,90446,5.5999999999999925,0,67,0.14076299999999997,0.004757183138281107
2468,90512,5.499999999999993,0,66,0.14013600000000004,0.0028034220449626446
2469,90581,5.799999999999992,0,69,0.1394805,0.0050473823212087154
2470,90613,2.1000000000000014,0,32,0.13917650000000004,0.0020924233831465244
2471,90714,8.99999999999998,0,101,0.13821700000000015,0.008582406677305698
2472,90795,6.999999999999988,0,81,0.13744750000000006,0.004823422525078058
2473,90849,4.299999999999997,0,54,0.13693450000000007,0.005801099352538586
2474,90913,5.299999999999994,0,64,0.13632650000000002,0.00601120013743639
2475,91005,8.099999999999984,0,92,0.13545249999999998,0.020331135019659996
2476,91070,5.399999999999993,0,65,0.13483500000000004,0.004190518986433744
2477,91102,2.1000000000000014,0,32,0.13453099999999996,0.003848658874630928
2478,91186,7.2999999999999865,0,84,0.133733,0.009054124355316162
2479,91287,8.99999999999998,0,101,0.1327735000000001,0.016920533031225204
2480,91347,4.899999999999995,0,60,0.13220350000000003,0.0032437394838780165
2481,91410,5.199999999999994,0,63,0.13160499999999997,0.0053455703891813755
2482,91510,8.89999999999998,0,100,0.13065499999999997,0.004813727922737598
2483,91551,3.0000000000000018,0,41,0.13026550000000003,0.0013678302057087421
2484,91652,8.99999999999998,0,101,0.12930600000000003,0.006115631200373173
2485,91709,4.599999999999996,0,57,0.12876450000000006,0.004218438174575567
2486,91777,5.699999999999992,0,68,0.12811850000000002,0.0011340283090248704
2487,91878,8.99999999999998,0,101,0.12715900000000002,0.001697589410468936
2488,91940,5.099999999999994,0,62,0.12657000000000007,0.0015966988867148757
2489,92000,4.899999999999995,0,60,0.126,0.003211080329492688
2490,92038,2.700000000000002,0,38,0.12563900000000006,0.0025572353042662144
2491,92078,2.900000000000002,0,40,0.125259,0.009723723866045475
2492,92153,6.39999999999999,0,75,0.12454650000000012,0.00231506978161633
2493,92223,5.8999999999999915,0,70,0.12388150000000009,0.012841776013374329
2494,92289,5.499999999999993,0,66,0.12325450000000004,0.004341055639088154
2495,92352,5.199999999999994,0,63,0.12265599999999999,0.31868553161621094
2496,92408,4.4999999999999964,0,56,0.12212400000000001,0.004051190800964832
2497,92441,2.2000000000000015,0,33,0.12181050000000004,0.006507819518446922
2498,92480,2.800000000000002,0,39,0.1214400000000001,0.004266590811312199
2499,92513,2.2000000000000015,0,33,0.12112650000000003,0.0038728981744498014
2500,92597,7.2999999999999865,0,84,0.12032850000000006,0.010286489501595497
2501,92655,4.699999999999996,0,58,0.11977750000000009,0.01685153692960739
2502,92756,8.99999999999998,0,101,0.11881799999999998,0.006798842456191778
2503,92816,4.899999999999995,0,60,0.11824800000000002,0.001438124687410891
2504,92903,7.599999999999985,0,87,0.11742150000000007,0.00529685290530324
2505,92963,4.899999999999995,0,60,0.11685150000000011,0.002122041769325733
2506,93028,5.399999999999993,0,65,0.11623400000000006,0.0020101694390177727
2507,93085,4.599999999999996,0,57,0.11569250000000009,0.002772620180621743
2508,93134,3.799999999999999,0,49,0.11522700000000008,0.011446695774793625
2509,93200,5.499999999999993,0,66,0.11460000000000004,0.005619592498987913
2510,93269,5.799999999999992,0,69,0.1139445,0.014115516096353531
2511,93370,8.99999999999998,0,101,0.11298500000000011,0.007792583666741848
2512,93471,8.99999999999998,0,101,0.1120255,0.005156474653631449
2513,93539,5.699999999999992,0,68,0.11137949999999996,0.004089300520718098
2514,93625,7.499999999999986,0,86,0.11056250000000001,0.00400850735604763
2515,93695,5.8999999999999915,0,70,0.10989750000000009,0.3461623191833496
2516,93727,2.1000000000000014,0,32,0.10959350000000001,0.0380462221801281
2517,93811,7.2999999999999865,0,84,0.10879550000000004,0.001786653883755207
2518,93911,8.89999999999998,0,100,0.10784550000000004,0.011033343151211739
2519,93984,6.19999999999999,0,73,0.10715200000000003,0.0199253149330616
2520,94085,8.99999999999998,0,101,0.10619250000000002,0.15957432985305786
2521,94125,2.900000000000002,0,40,0.10581249999999998,0.004611808806657791
2522,94179,4.299999999999997,0,54,0.10529949999999999,0.0038876377511769533
2523,94255,6.499999999999989,0,76,0.10457749999999999,0.004160931799560785
2524,94356,8.99999999999998,0,101,0.1036180000000001,0.004241358023136854
2525,94392,2.5000000000000018,0,36,0.10327600000000003,0.0030798993539065123
2526,94433,3.0000000000000018,0,41,0.10288649999999999,0.004865851253271103
2527,94490,4.599999999999996,0,57,0.10234500000000013,0.0021399136167019606
2528,94522,2.1000000000000014,0,32,0.10204100000000005,0.001713871955871582
2529,94584,5.099999999999994,0,62,0.10145199999999999,0.20252195000648499
2530,94646,5.099999999999994,0,62,0.10086300000000004,0.0032055233605206013
2531,94717,5.999999999999991,0,71,0.10018850000000012,0.011355653405189514
2532,94818,8.99999999999998,0,101,0.09922900000000001,0.001011736923828721
2533,94868,3.8999999999999986,0,50,0.09875400000000012,0.02416999638080597
2534,94927,4.799999999999995,0,59,0.09819350000000004,0.004154909402132034
2535,95028,8.99999999999998,0,101,0.09723400000000004,0.1486472189426422
2536,95066,2.700000000000002,0,38,0.0968730000000001,0.013959174044430256
2537,95167,8.99999999999998,0,101,0.09591349999999998,0.0020349163096398115
2538,95268,8.99999999999998,0,101,0.0949540000000001,0.0297414418309927
2539,95355,7.599999999999985,0,87,0.09412750000000003,0.015611311420798302
2540,95401,3.5,0,46,0.09369050000000001,0.008616910316050053
2541,95468,5.5999999999999925,0,67,0.09305400000000008,0.0020931223407387733
2542,95547,6.799999999999988,0,79,0.09230349999999998,0.002318753395229578
2543,95648,8.99999999999998,0,101,0.09134400000000009,0.003910112660378218
2544,95749,8.99999999999998,0,101,0.09038450000000009,0.005096280947327614
2545,95850,8.99999999999998,0,101,0.08942499999999998,0.004541927948594093
2546,95889,2.800000000000002,0,39,0.08905450000000004,0.002323593944311142
2547,95954,5.399999999999993,0,65,0.0884370000000001,0.00538954883813858
2548,96055,8.99999999999998,0,101,0.08747749999999999,0.006950472015887499
2549,96156,8.99999999999998,0,101,0.0865180000000001,0.02501877024769783
2550,96257,8.99999999999998,0,101,0.08555849999999998,0.006026543211191893
2551,96289,2.1000000000000014,0,32,0.08525450000000001,0.00568581884726882
2552,96390,8.99999999999998,0,101,0.08429500000000001,0.005068288184702396
2553,96491,8.99999999999998,0,101,0.0833355,0.006074579432606697
2554,96592,8.99999999999998,0,101,0.082376,0.005652541294693947
2555,96638,3.5,0,46,0.08193899999999998,0.006360942497849464
2556,96734,8.499999999999982,0,96,0.08102700000000007,0.0070954193361103535
2557,96835,8.99999999999998,0,101,0.08006749999999996,0.00665989238768816
2558,96869,2.3000000000000016,0,34,0.0797445,0.020048577338457108
2559,96913,3.3000000000000007,0,44,0.07932649999999997,0.013259468600153923
2560,96957,3.3000000000000007,0,44,0.07890850000000005,0.0035816505551338196
2561,97058,8.99999999999998,0,101,0.07794900000000005,0.00590283190831542
2562,97159,8.99999999999998,0,101,0.07698950000000004,0.002547167707234621
2563,97254,8.399999999999983,0,95,0.07608700000000013,0.007514755707234144
2564,97287,2.2000000000000015,0,33,0.07577350000000005,0.002714303554967046
2565,97388,8.99999999999998,0,101,0.07481400000000005,0.003143180161714554
2566,97489,8.99999999999998,0,101,0.07385450000000005,0.00563161913305521
2567,97574,7.399999999999986,0,85,0.07304699999999997,0.0009917611023411155
2568,97675,8.99999999999998,0,101,0.07208750000000008,0.003196279052644968
2569,97741,5.499999999999993,0,66,0.07146050000000004,0.13016772270202637
2570,97842,8.99999999999998,0,101,0.07050100000000004,0.003719278145581484
2571,97900,4.699999999999996,0,58,0.06995000000000007,0.009033837355673313
2572,98001,8.99999999999998,0,101,0.06899049999999995,0.010943359695374966
2573,98076,6.39999999999999,0,75,0.06827800000000006,0.012907538563013077
2574,98146,5.8999999999999915,0,70,0.06761300000000003,0.001527646672911942
2575,98212,5.499999999999993,0,66,0.0669860000000001,0.016332479193806648
2576,98286,6.29999999999999,0,74,0.06628300000000009,0.006349579431116581
2577,98373,7.599999999999985,0,87,0.06545650000000003,0.002396081108599901
2578,98443,5.8999999999999915,0,70,0.0647915,0.0020465089473873377
2579,98544,8.99999999999998,0,101,0.06383200000000011,0.0039878226816654205
2580,98645,8.99999999999998,0,101,0.0628725,0.13744163513183594
2581,98746,8.99999999999998,0,101,0.061912999999999996,0.0025215079076588154
2582,98847,8.99999999999998,0,101,0.060953500000000105,0.0013264537556096911
2583,98925,6.699999999999989,0,78,0.06021250000000011,0.01236822921782732
2584,99026,8.99999999999998,0,101,0.059253,0.00448218360543251
2585,99060,2.3000000000000016,0,34,0.05893000000000004,0.004950517788529396
2586,99161,8.99999999999998,0,101,0.057970500000000036,0.35824787616729736
2587,99262,8.99999999999998,0,101,0.057011000000000145,0.005180450156331062
2588,99291,1.8000000000000012,0,29,0.05673550000000005,0.012806541286408901
2589,99364,6.19999999999999,0,73,0.056042000000000036,0.02429737150669098
2590,99429,5.399999999999993,0,65,0.05542449999999999,0.0057549853809177876
2591,99530,8.99999999999998,0,101,0.0544650000000001,0.00958319567143917
2592,99625,8.399999999999983,0,95,0.05356250000000007,0.006819182075560093
2593,99707,7.099999999999987,0,82,0.05278349999999998,0.014573566615581512
2594,99808,8.99999999999998,0,101,0.05182400000000009,0.005664888769388199
2595,99909,8.99999999999998,0,101,0.05086449999999998,0.33205142617225647
2596,100010,8.99999999999998,0,101,0.050000000000000044,0.0030737160705029964
2597,100091,6.999999999999988,0,81,0.050000000000000044,0.003227678593248129
2598,100192,8.99999999999998,0,101,0.050000000000000044,0.00944651011377573
2599,100293,8.99999999999998,0,101,0.050000000000000044,0.002643207088112831
2600,100374,6.999999999999988,0,81,0.050000000000000044,0.08940733224153519
2601,100408,2.3000000000000016,0,34,0.050000000000000044,0.28840187191963196
2602,100451,3.200000000000001,0,43,0.050000000000000044,0.23243385553359985
2603,100512,4.999999999999995,0,61,0.050000000000000044,0.005254159681499004
2604,100613,8.99999999999998,0,101,0.050000000000000044,0.0027776926290243864
2605,100714,8.99999999999998,0,101,0.050000000000000044,0.0027119009755551815
2606,100814,8.89999999999998,0,100,0.050000000000000044,0.1378563642501831
2607,100915,8.99999999999998,0,101,0.050000000000000044,0.008211462758481503
2608,101016,8.99999999999998,0,101,0.050000000000000044,0.03040486015379429
2609,101117,8.99999999999998,0,101,0.050000000000000044,0.01725638657808304
2610,101218,8.99999999999998,0,101,0.050000000000000044,0.009578279219567776
2611,101300,7.099999999999987,0,82,0.050000000000000044,0.005417404696345329
2612,101375,6.39999999999999,0,75,0.050000000000000044,0.3671986758708954
2613,101410,2.4000000000000017,0,35,0.050000000000000044,0.00277865887619555
2614,101511,8.99999999999998,0,101,0.050000000000000044,0.008252743631601334
2615,101612,8.99999999999998,0,101,0.050000000000000044,0.017580633983016014
2616,101679,5.5999999999999925,0,67,0.050000000000000044,0.003943965770304203
2617,101711,2.1000000000000014,0,32,0.050000000000000044,0.00393739715218544
2618,101795,7.2999999999999865,0,84,0.050000000000000044,0.010254990309476852
2619,101896,8.99999999999998,0,101,0.050000000000000044,0.011350680142641068
2620,101997,8.99999999999998,0,101,0.050000000000000044,0.0048753973096609116
2621,102098,8.99999999999998,0,101,0.050000000000000044,0.047792933881282806
2622,102199,8.99999999999998,0,101,0.050000000000000044,0.00582945765927434
2623,102232,2.2000000000000015,0,33,0.050000000000000044,0.002680243458598852
2624,102333,8.99999999999998,0,101,0.050000000000000044,0.011142445728182793
2625,102367,2.3000000000000016,0,34,0.050000000000000044,0.012087068520486355
2626,102409,3.1000000000000014,0,42,0.050000000000000044,0.19516712427139282
2627,102510,8.99999999999998,0,101,0.050000000000000044,0.004447596147656441
2628,102611,8.99999999999998,0,101,0.050000000000000044,0.002017499413341284
2629,102712,8.99999999999998,0,101,0.050000000000000044,0.002720520133152604
2630,102783,5.999999999999991,0,71,0.050000000000000044,0.011089594103395939
2631,102884,8.99999999999998,0,101,0.050000000000000044,0.008065967820584774
2632,102918,2.3000000000000016,0,34,0.050000000000000044,0.00681089423596859
2633,103019,8.99999999999998,0,101,0.050000000000000044,0.004920412786304951
2634,103120,8.99999999999998,0,101,0.050000000000000044,0.0032924991101026535
2635,103152,2.1000000000000014,0,32,0.050000000000000044,0.005571270827203989
2636,103253,8.99999999999998,0,101,0.050000000000000044,0.00661751301959157
2637,103354,8.99999999999998,0,101,0.050000000000000044,0.0078098708763718605
2638,103393,2.800000000000002,0,39,0.050000000000000044,0.009194519370794296
2639,103424,2.0000000000000013,0,31,0.050000000000000044,0.006878792308270931
2640,103525,8.99999999999998,0,101,0.050000000000000044,0.005310444626957178
2641,103607,7.099999999999987,0,82,0.050000000000000044,0.11793286353349686
2642,103708,8.99999999999998,0,101,0.050000000000000044,0.005249082110822201
2643,103809,8.99999999999998,0,101,0.050000000000000044,0.0035526808351278305
2644,103910,8.99999999999998,0,101,0.050000000000000044,0.0053430781699717045
2645,104011,8.99999999999998,0,101,0.050000000000000044,0.014465155079960823
2646,104077,5.499999999999993,0,66,0.050000000000000044,0.01074524037539959
2647,104178,8.99999999999998,0,101,0.050000000000000044,0.008299686945974827
2648,104279,8.99999999999998,0,101,0.050000000000000044,0.009195866994559765
2649,104311,2.1000000000000014,0,32,0.050000000000000044,0.010208484716713428
2650,104342,2.0000000000000013,0,31,0.050000000000000044,0.0030611781403422356
2651,104443,8.99999999999998,0,101,0.050000000000000044,0.006486826576292515
2652,104514,5.999999999999991,0,71,0.050000000000000044,0.013067027553915977
2653,104553,2.800000000000002,0,39,0.050000000000000044,0.00796600617468357
2654,104605,4.099999999999998,0,52,0.050000000000000044,0.009246720001101494
2655,104651,3.5,0,46,0.050000000000000044,0.0028526149690151215
2656,104682,2.0000000000000013,0,31,0.050000000000000044,0.005327259190380573
2657,104783,8.99999999999998,0,101,0.050000000000000044,0.004152313806116581
2658,104884,8.99999999999998,0,101,0.050000000000000044,0.005688424687832594
2659,104941,4.599999999999996,0,57,0.050000000000000044,0.023152394220232964
2660,105026,7.399999999999986,0,85,0.050000000000000044,0.0026021995581686497
2661,105127,8.99999999999998,0,101,0.050000000000000044,0.0019839336164295673
2662,105180,4.1999999999999975,0,53,0.050000000000000044,0.0049506258219480515
2663,105245,5.399999999999993,0,65,0.050000000000000044,0.0017879686783999205
2664,105346,8.99999999999998,0,101,0.050000000000000044,0.006709860172122717
2665,105409,5.199999999999994,0,63,0.050000000000000044,0.018417850136756897
2666,105449,2.900000000000002,0,40,0.050000000000000044,0.007281234487891197
2667,105550,8.99999999999998,0,101,0.050000000000000044,0.01553601585328579
2668,105611,4.999999999999995,0,61,0.050000000000000044,0.00901845097541809
2669,105712,8.99999999999998,0,101,0.050000000000000044,0.00451302994042635
2670,105813,8.99999999999998,0,101,0.050000000000000044,0.01065020076930523
2671,105902,7.799999999999985,0,89,0.050000000000000044,0.002673184033483267
2672,106003,8.99999999999998,0,101,0.050000000000000044,0.006195412017405033
2673,106035,2.1000000000000014,0,32,0.050000000000000044,0.006278728600591421
2674,106066,2.0000000000000013,0,31,0.050000000000000044,0.005311927292495966
2675,106098,2.1000000000000014,0,32,0.050000000000000044,0.0058905319310724735
2676,106199,8.99999999999998,0,101,0.050000000000000044,0.008793354034423828
2677,106275,6.499999999999989,0,76,0.050000000000000044,0.00610892241820693
2678,106376,8.99999999999998,0,101,0.050000000000000044,0.0018222691724076867
2679,106477,8.99999999999998,0,101,0.050000000000000044,0.006322077941149473
2680,106528,3.9999999999999982,0,51,0.050000000000000044,0.004370612092316151
2681,106568,2.900000000000002,0,40,0.050000000000000044,0.004685230553150177
2682,106669,8.99999999999998,0,101,0.050000000000000044,0.0427904948592186
2683,106734,5.399999999999993,0,65,0.050000000000000044,0.02272876165807247
2684,106806,6.099999999999991,0,72,0.050000000000000044,0.320181280374527
2685,106838,2.1000000000000014,0,32,0.050000000000000044,0.00707485806196928
2686,106922,7.2999999999999865,0,84,0.050000000000000044,0.1493409425020218
2687,106964,3.1000000000000014,0,42,0.050000000000000044,0.010030643083155155
2688,107026,5.099999999999994,0,62,0.050000000000000044,0.2338215708732605
2689,107057,2.0000000000000013,0,31,0.050000000000000044,0.012306704185903072
2690,107158,8.99999999999998,0,101,0.050000000000000044,0.21684639155864716
2691,107191,2.2000000000000015,0,33,0.050000000000000044,0.0037465118803083897
2692,107243,4.099999999999998,0,52,0.050000000000000044,0.00396037008613348
2693,107344,8.99999999999998,0,101,0.050000000000000044,0.047045592218637466
2694,107374,1.9000000000000012,0,30,0.050000000000000044,0.011598323471844196
2695,107407,2.2000000000000015,0,33,0.050000000000000044,0.00730496272444725
2696,107508,8.99999999999998,0,101,0.050000000000000044,0.0035332581028342247
2697,107579,5.999999999999991,0,71,0.050000000000000044,0.006245619151741266
2698,107631,4.099999999999998,0,52,0.050000000000000044,0.006965290755033493
2699,107732,8.99999999999998,0,101,0.050000000000000044,0.0044812303967773914
2700,107833,8.99999999999998,0,101,0.050000000000000044,0.0037180681247264147
2701,107934,8.99999999999998,0,101,0.050000000000000044,0.006483914330601692
2702,108008,6.29999999999999,0,74,0.050000000000000044,0.2123991847038269
2703,108039,2.0000000000000013,0,31,0.050000000000000044,0.3126595616340637
2704,108074,2.4000000000000017,0,35,0.050000000000000044,0.004789233207702637
2705,108126,4.099999999999998,0,52,0.050000000000000044,0.00527539337053895
2706,108157,2.0000000000000013,0,31,0.050000000000000044,0.0021943412721157074
2707,108218,4.999999999999995,0,61,0.050000000000000044,0.022173617035150528
2708,108252,2.3000000000000016,0,34,0.050000000000000044,0.010889453813433647
2709,108284,2.1000000000000014,0,32,0.050000000000000044,0.004853240214288235
2710,108318,2.3000000000000016,0,34,0.050000000000000044,0.007049889303743839
2711,108412,8.299999999999983,0,94,0.050000000000000044,0.007690180093050003
2712,108449,2.600000000000002,0,37,0.050000000000000044,0.3305440843105316
2713,108493,3.3000000000000007,0,44,0.050000000000000044,0.007971716113388538
2714,108549,4.4999999999999964,0,56,0.050000000000000044,0.0038270738441497087
2715,108650,8.99999999999998,0,101,0.050000000000000044,0.003501788480207324
2716,108702,4.099999999999998,0,52,0.050000000000000044,0.08759579807519913
2717,108734,2.1000000000000014,0,32,0.050000000000000044,0.01411348208785057
2718,108835,8.99999999999998,0,101,0.050000000000000044,0.009420623071491718
2719,108889,4.299999999999997,0,54,0.050000000000000044,0.0035173832438886166
2720,108990,8.99999999999998,0,101,0.050000000000000044,0.01363996509462595
2721,109091,8.99999999999998,0,101,0.050000000000000044,0.0033467886969447136
2722,109133,3.1000000000000014,0,42,0.050000000000000044,0.005431579425930977
2723,109164,2.0000000000000013,0,31,0.050000000000000044,0.003699983935803175
2724,109265,8.99999999999998,0,101,0.050000000000000044,0.003938588313758373
2725,109303,2.700000000000002,0,38,0.050000000000000044,0.002984091406688094
2726,109404,8.99999999999998,0,101,0.050000000000000044,0.0015071714296936989
2727,109436,2.1000000000000014,0,32,0.050000000000000044,0.06517850607633591
2728,109537,8.99999999999998,0,101,0.050000000000000044,0.31968221068382263
2729,109595,4.699999999999996,0,58,0.050000000000000044,0.00442626653239131
2730,109666,5.999999999999991,0,71,0.050000000000000044,0.006206058897078037
2731,109695,1.8000000000000012,0,29,0.050000000000000044,0.0017320667393505573
2732,109735,2.900000000000002,0,40,0.050000000000000044,0.00749753275886178
2733,109836,8.99999999999998,0,101,0.050000000000000044,0.010309985838830471
2734,109937,8.99999999999998,0,101,0.050000000000000044,0.0037443467881530523
2735,110014,6.599999999999989,0,77,0.050000000000000044,0.006085358094424009
2736,110115,8.99999999999998,0,101,0.050000000000000044,0.002604676876217127
2737,110163,3.6999999999999993,0,48,0.050000000000000044,0.004295792430639267
2738,110194,2.0000000000000013,0,31,0.050000000000000044,0.014562256634235382
2739,110227,2.2000000000000015,0,33,0.050000000000000044,0.010946648195385933
2740,110328,8.99999999999998,0,101,0.050000000000000044,0.009372423402965069
2741,110358,1.9000000000000012,0,30,0.050000000000000044,0.0037501375190913677
2742,110459,8.99999999999998,0,101,0.050000000000000044,0.004568897187709808
2743,110534,6.39999999999999,0,75,0.050000000000000044,0.013145463541150093
2744,110572,2.700000000000002,0,38,0.050000000000000044,0.007041385862976313
2745,110604,2.1000000000000014,0,32,0.050000000000000044,0.0034778399858623743
2746,110653,3.799999999999999,0,49,0.050000000000000044,0.0037606069818139076
2747,110754,8.99999999999998,0,101,0.050000000000000044,0.006906471680849791
2748,110784,1.9000000000000012,0,30,0.050000000000000044,0.049924585968256
2749,110813,1.8000000000000012,0,29,0.050000000000000044,0.0032065166160464287
2750,110914,8.99999999999998,0,101,0.050000000000000044,0.006629813928157091
2751,110983,5.799999999999992,0,69,0.050000000000000044,0.012458653189241886
2752,111084,8.99999999999998,0,101,0.050000000000000044,0.016044454649090767
2753,111135,3.9999999999999982,0,51,0.050000000000000044,0.006641564890742302
2754,111167,2.1000000000000014,0,32,0.050000000000000044,0.0031476642470806837
2755,111199,2.1000000000000014,0,32,0.050000000000000044,0.0020639903377741575
2756,111300,8.99999999999998,0,101,0.050000000000000044,0.010289338417351246
2757,111346,3.5,0,46,0.050000000000000044,0.316674143075943
2758,111447,8.99999999999998,0,101,0.050000000000000044,0.019491367042064667
2759,111548,8.99999999999998,0,101,0.050000000000000044,0.007925246842205524
2760,111578,1.9000000000000012,0,30,0.050000000000000044,0.002547302981838584
2761,111621,3.200000000000001,0,43,0.050000000000000044,0.012161162681877613
2762,111677,4.4999999999999964,0,56,0.050000000000000044,0.0031944522634148598
2763,111778,8.99999999999998,0,101,0.050000000000000044,0.004264526069164276
2764,111814,2.5000000000000018,0,36,0.050000000000000044,0.001452573575079441
2765,111862,3.6999999999999993,0,48,0.050000000000000044,0.0032311873510479927
2766,111930,5.699999999999992,0,68,0.050000000000000044,0.00783964991569519
2767,112031,8.99999999999998,0,101,0.050000000000000044,0.0020090024918317795
2768,112132,8.99999999999998,0,101,0.050000000000000044,0.0024130132514983416
2769,112184,4.099999999999998,0,52,0.050000000000000044,0.16366437077522278
2770,112239,4.399999999999997,0,55,0.050000000000000044,0.00885300524532795
2771,112340,8.99999999999998,0,101,0.050000000000000044,0.013572918251156807
2772,112401,4.999999999999995,0,61,0.050000000000000044,0.002671566791832447
2773,112502,8.99999999999998,0,101,0.050000000000000044,0.004665534943342209
2774,112562,4.899999999999995,0,60,0.050000000000000044,0.0019503377843648195
2775,112610,3.6999999999999993,0,48,0.050000000000000044,0.004251414909958839
2776,112689,6.799999999999988,0,79,0.050000000000000044,0.0015408066101372242
2777,112760,5.999999999999991,0,71,0.050000000000000044,0.005117292515933514
2778,112808,3.6999999999999993,0,48,0.050000000000000044,0.0060970657505095005
2779,112905,8.599999999999982,0,97,0.050000000000000044,0.22775714099407196
2780,112987,7.099999999999987,0,82,0.050000000000000044,0.2948538362979889
2781,113022,2.4000000000000017,0,35,0.050000000000000044,0.004703406244516373
2782,113070,3.6999999999999993,0,48,0.050000000000000044,0.006619527004659176
2783,113121,3.9999999999999982,0,51,0.050000000000000044,0.003354710293933749
2784,113222,8.99999999999998,0,101,0.050000000000000044,0.010424512438476086
2785,113275,4.1999999999999975,0,53,0.050000000000000044,0.029896339401602745
2786,113359,7.2999999999999865,0,84,0.050000000000000044,0.010145710781216621
2787,113450,7.999999999999984,0,91,0.050000000000000044,0.008544479496777058
2788,113482,2.1000000000000014,0,32,0.050000000000000044,0.006591618061065674
2789,113532,3.8999999999999986,0,50,0.050000000000000044,0.017590966075658798
2790,113570,2.700000000000002,0,38,0.050000000000000044,0.0025404109619557858
2791,113620,3.8999999999999986,0,50,0.050000000000000044,0.005055982619524002
2792,113670,3.8999999999999986,0,50,0.050000000000000044,0.02047126181423664
2793,113771,8.99999999999998,0,101,0.050000000000000044,0.008152403868734837
2794,113822,3.9999999999999982,0,51,0.050000000000000044,0.0015686217229813337
2795,113923,8.99999999999998,0,101,0.050000000000000044,0.0022051394917070866
2796,113975,4.099999999999998,0,52,0.050000000000000044,0.00396739412099123
2797,114004,1.8000000000000012,0,29,0.050000000000000044,0.011329271830618382
2798,114105,8.99999999999998,0,101,0.050000000000000044,0.010179467499256134
2799,114151,3.5,0,46,0.050000000000000044,0.008220002055168152
2800,114181,1.9000000000000012,0,30,0.050000000000000044,0.006044850219041109
2801,114218,2.600000000000002,0,37,0.050000000000000044,0.00829274021089077
2802,114274,4.4999999999999964,0,56,0.050000000000000044,0.012566907331347466
2803,114315,3.0000000000000018,0,41,0.050000000000000044,0.0078101009130477905
2804,114369,4.299999999999997,0,54,0.050000000000000044,0.013810004107654095
2805,114405,2.5000000000000018,0,36,0.050000000000000044,0.012979751452803612
2806,114437,2.1000000000000014,0,32,0.050000000000000044,0.004529045429080725
2807,114467,1.9000000000000012,0,30,0.050000000000000044,0.11033160239458084
2808,114499,2.1000000000000014,0,32,0.050000000000000044,0.004094946198165417
2809,114540,3.0000000000000018,0,41,0.050000000000000044,0.010929511860013008
2810,114641,8.99999999999998,0,101,0.050000000000000044,0.13110244274139404
2811,114687,3.5,0,46,0.050000000000000044,0.20228120684623718
2812,114719,2.1000000000000014,0,32,0.050000000000000044,0.001579179661348462
2813,114820,8.99999999999998,0,101,0.050000000000000044,0.0030230130068957806
2814,114873,4.1999999999999975,0,53,0.050000000000000044,0.01937357895076275
2815,114928,4.399999999999997,0,55,0.050000000000000044,0.006604231894016266
2816,115029,8.99999999999998,0,101,0.050000000000000044,0.0050688209012150764
2817,115098,5.799999999999992,0,69,0.050000000000000044,0.009214621037244797
2818,115187,7.799999999999985,0,89,0.050000000000000044,0.011190528981387615
2819,115236,3.799999999999999,0,49,0.050000000000000044,0.013959983363747597
2820,115337,8.99999999999998,0,101,0.050000000000000044,0.002586210146546364
2821,115367,1.9000000000000012,0,30,0.050000000000000044,0.012349740602076054
2822,115406,2.800000000000002,0,39,0.050000000000000044,0.01544116623699665
2823,115459,4.1999999999999975,0,53,0.050000000000000044,0.007520009763538837
2824,115540,6.999999999999988,0,81,0.050000000000000044,0.00873556174337864
2825,115572,2.1000000000000014,0,32,0.050000000000000044,0.003905156161636114
2826,115628,4.4999999999999964,0,56,0.050000000000000044,0.1431604027748108
2827,115671,3.200000000000001,0,43,0.050000000000000044,0.005031488835811615
2828,115708,2.600000000000002,0,37,0.050000000000000044,0.28159430623054504
2829,115757,3.799999999999999,0,49,0.050000000000000044,0.013973699882626534
2830,115809,4.099999999999998,0,52,0.050000000000000044,0.00480908527970314
2831,115910,8.99999999999998,0,101,0.050000000000000044,0.006054515019059181
2832,115990,6.899999999999988,0,80,0.050000000000000044,0.005976079031825066
2833,116030,2.900000000000002,0,40,0.050000000000000044,0.009438897483050823
2834,116123,8.199999999999983,0,93,0.050000000000000044,0.004975858144462109
2835,116172,3.799999999999999,0,49,0.050000000000000044,0.008101305924355984
2836,116227,4.399999999999997,0,55,0.050000000000000044,0.008041806519031525
2837,116319,8.099999999999984,0,92,0.050000000000000044,0.008290031924843788
2838,116361,3.1000000000000014,0,42,0.050000000000000044,0.002144942060112953
2839,116405,3.3000000000000007,0,44,0.050000000000000044,0.002861668821424246
2840,116466,4.999999999999995,0,61,0.050000000000000044,0.0022277699317783117
2841,116517,3.9999999999999982,0,51,0.050000000000000044,0.0024886163882911205
2842,116567,3.8999999999999986,0,50,0.050000000000000044,0.014073759317398071
2843,116668,8.99999999999998,0,101,0.050000000000000044,0.0038725105114281178
2844,116705,2.600000000000002,0,37,0.050000000000000044,0.008365905843675137
2845,116733,1.700000000000001,0,28,0.050000000000000044,0.0032885554246604443
2846,116817,7.2999999999999865,0,84,0.050000000000000044,0.2835703194141388
2847,116889,6.099999999999991,0,72,0.050000000000000044,0.004535657819360495
2848,116988,8.799999999999981,0,99,0.050000000000000044,0.002015722217038274
2849,117089,8.99999999999998,0,101,0.050000000000000044,0.0039297048933804035
2850,117181,8.099999999999984,0,92,0.050000000000000044,0.0077222478576004505
2851,117282,8.99999999999998,0,101,0.050000000000000044,0.005176380276679993
2852,117332,3.8999999999999986,0,50,0.050000000000000044,0.006210727151483297
2853,117414,7.099999999999987,0,82,0.050000000000000044,0.00583222322165966
2854,117515,8.99999999999998,0,101,0.050000000000000044,0.2888980805873871
2855,117616,8.99999999999998,0,101,0.050000000000000044,0.0038117850199341774
2856,117681,5.399999999999993,0,65,0.050000000000000044,0.007517845369875431
2857,117760,6.799999999999988,0,79,0.050000000000000044,0.28881654143333435
2858,117795,2.4000000000000017,0,35,0.050000000000000044,0.007782626897096634
2859,117896,8.99999999999998,0,101,0.050000000000000044,0.008987236768007278
2860,117938,3.1000000000000014,0,42,0.050000000000000044,0.015594987198710442
2861,117987,3.799999999999999,0,49,0.050000000000000044,0.03863956779241562
2862,118088,8.99999999999998,0,101,0.050000000000000044,0.005272339563816786
2863,118180,8.099999999999984,0,92,0.050000000000000044,0.006103559397161007
2864,118281,8.99999999999998,0,101,0.050000000000000044,0.004440293647348881
2865,118381,8.89999999999998,0,100,0.050000000000000044,0.004309478215873241
2866,118482,8.99999999999998,0,101,0.050000000000000044,0.04356924444437027
2867,118583,8.99999999999998,0,101,0.050000000000000044,0.011088970117270947
2868,118627,3.3000000000000007,0,44,0.050000000000000044,0.008715350180864334
2869,118711,7.2999999999999865,0,84,0.050000000000000044,0.01601949892938137
2870,118759,3.6999999999999993,0,48,0.050000000000000044,0.008513148874044418
2871,118791,2.1000000000000014,0,32,0.050000000000000044,0.005107235163450241
2872,118892,8.99999999999998,0,101,0.050000000000000044,0.01087620947510004
2873,118931,2.800000000000002,0,39,0.050000000000000044,0.014360574074089527
2874,119019,7.699999999999985,0,88,0.050000000000000044,0.004339310340583324
2875,119081,5.099999999999994,0,62,0.050000000000000044,0.006481940392404795
2876,119124,3.200000000000001,0,43,0.050000000000000044,0.0021344651468098164
2877,119225,8.99999999999998,0,101,0.050000000000000044,0.0022526585962623358
2878,119256,2.0000000000000013,0,31,0.050000000000000044,0.004934484139084816
2879,119345,7.799999999999985,0,89,0.050000000000000044,0.005259807221591473
2880,119446,8.99999999999998,0,101,0.050000000000000044,0.003468831069767475
2881,119547,8.99999999999998,0,101,0.050000000000000044,0.2589510679244995
2882,119582,2.4000000000000017,0,35,0.050000000000000044,0.0040899598971009254
2883,119618,2.5000000000000018,0,36,0.050000000000000044,0.003236706368625164
2884,119717,8.799999999999981,0,99,0.050000000000000044,0.003287677187472582
2885,119797,6.899999999999988,0,80,0.050000000000000044,0.2599213123321533
2886,119898,8.99999999999998,0,101,0.050000000000000044,0.006322660483419895
2887,119946,3.6999999999999993,0,48,0.050000000000000044,0.2551151216030121
2888,120047,8.99999999999998,0,101,0.050000000000000044,0.003622713964432478
2889,120075,1.700000000000001,0,28,0.050000000000000044,0.2690814137458801
2890,120146,5.999999999999991,0,71,0.050000000000000044,0.2501671016216278
2891,120247,8.99999999999998,0,101,0.050000000000000044,0.0036215553991496563
2892,120305,4.699999999999996,0,58,0.050000000000000044,0.0038673700764775276
2893,120351,3.5,0,46,0.050000000000000044,0.005496240220963955
2894,120452,8.99999999999998,0,101,0.050000000000000044,0.004235647153109312
2895,120551,8.799999999999981,0,99,0.050000000000000044,0.011917133815586567
2896,120583,2.1000000000000014,0,32,0.050000000000000044,0.15504375100135803
2897,120612,1.8000000000000012,0,29,0.050000000000000044,0.009593432769179344
2898,120713,8.99999999999998,0,101,0.050000000000000044,0.00443278020247817
2899,120747,2.3000000000000016,0,34,0.050000000000000044,0.005439048167318106
2900,120795,3.6999999999999993,0,48,0.050000000000000044,0.013821454718708992
2901,120836,3.0000000000000018,0,41,0.050000000000000044,0.005292024929076433
2902,120866,1.9000000000000012,0,30,0.050000000000000044,0.0023691016249358654
2903,120967,8.99999999999998,0,101,0.050000000000000044,0.016710884869098663
2904,121006,2.800000000000002,0,39,0.050000000000000044,0.003929587546736002
2905,121078,6.099999999999991,0,72,0.050000000000000044,0.027065793052315712
2906,121153,6.39999999999999,0,75,0.050000000000000044,0.004794388078153133
2907,121206,4.1999999999999975,0,53,0.050000000000000044,0.2584325671195984
2908,121251,3.4000000000000004,0,45,0.050000000000000044,0.0939931645989418
2909,121282,2.0000000000000013,0,31,0.050000000000000044,0.005304679274559021
2910,121383,8.99999999999998,0,101,0.050000000000000044,0.005087675992399454
2911,121484,8.99999999999998,0,101,0.050000000000000044,0.0052537498995661736
2912,121527,3.200000000000001,0,43,0.050000000000000044,0.004392429254949093
2913,121620,8.199999999999983,0,93,0.050000000000000044,0.03710301220417023
2914,121686,5.499999999999993,0,66,0.050000000000000044,0.010999136604368687
2915,121787,8.99999999999998,0,101,0.050000000000000044,0.0023111607879400253
2916,121849,5.099999999999994,0,62,0.050000000000000044,0.005054334178566933
2917,121914,5.399999999999993,0,65,0.050000000000000044,0.2088281363248825
2918,121953,2.800000000000002,0,39,0.050000000000000044,0.0021264711394906044
2919,122010,4.599999999999996,0,57,0.050000000000000044,0.007725244853645563
2920,122048,2.700000000000002,0,38,0.050000000000000044,0.031037867069244385
2921,122151,9.19999999999998,0,103,0.050000000000000044,0.00413878820836544
2922,122249,8.699999999999982,0,98,0.050000000000000044,0.008153904229402542
2923,122305,4.4999999999999964,0,56,0.050000000000000044,0.0049354988150298595
2924,122406,8.99999999999998,0,101,0.050000000000000044,0.014658384956419468
2925,122507,8.99999999999998,0,101,0.050000000000000044,0.004364586900919676
2926,122542,2.4000000000000017,0,35,0.050000000000000044,0.027858613058924675
2927,122574,2.1000000000000014,0,32,0.050000000000000044,0.2210710346698761
2928,122675,8.99999999999998,0,101,0.050000000000000044,0.0027522798627614975
2929,122776,8.99999999999998,0,101,0.050000000000000044,0.009701929055154324
2930,122877,8.99999999999998,0,101,0.050000000000000044,0.008134648203849792
2931,122978,8.99999999999998,0,101,0.050000000000000044,0.004914787597954273
2932,123079,8.99999999999998,0,101,0.050000000000000044,0.01604458875954151
2933,123176,8.599999999999982,0,97,0.050000000000000044,0.0025814236141741276
2934,123224,3.6999999999999993,0,48,0.050000000000000044,0.002818769309669733
2935,123329,9.399999999999979,0,105,0.050000000000000044,0.0024353847838938236
2936,123393,5.299999999999994,0,64,0.050000000000000044,0.006937249563634396
2937,123494,8.99999999999998,0,101,0.050000000000000044,0.019669029861688614
2938,123548,4.299999999999997,0,54,0.050000000000000044,0.2528705298900604
2939,123649,8.99999999999998,0,101,0.050000000000000044,0.0035944306291639805
2940,123750,8.99999999999998,0,101,0.050000000000000044,0.007326085586100817
2941,123856,9.499999999999979,0,106,0.050000000000000044,0.017909890040755272
2942,123957,8.99999999999998,0,101,0.050000000000000044,0.003592801745980978
2943,124058,8.99999999999998,0,101,0.050000000000000044,0.006391703616827726
2944,124159,8.99999999999998,0,101,0.050000000000000044,0.0016922885552048683
2945,124260,8.99999999999998,0,101,0.050000000000000044,0.002589524257928133
2946,124361,8.99999999999998,0,101,0.050000000000000044,0.009747358039021492
2947,124468,9.599999999999978,0,107,0.050000000000000044,0.0035421522334218025
2948,124569,8.99999999999998,0,101,0.050000000000000044,0.0018742099637165666
2949,124616,3.5999999999999996,0,47,0.050000000000000044,0.003047931706532836
2950,124690,6.29999999999999,0,74,0.050000000000000044,0.22086311876773834
2951,124791,8.99999999999998,0,101,0.050000000000000044,0.024110687896609306
2952,124892,8.99999999999998,0,101,0.050000000000000044,0.022501379251480103
2953,124993,8.99999999999998,0,101,0.050000000000000044,0.0014093054924160242
2954,125054,4.999999999999995,0,61,0.050000000000000044,0.007165300194174051
2955,125155,8.99999999999998,0,101,0.050000000000000044,0.017700936645269394
2956,125256,8.99999999999998,0,101,0.050000000000000044,0.006769279949367046
2957,125357,8.99999999999998,0,101,0.050000000000000044,0.02920272760093212
2958,125458,8.99999999999998,0,101,0.050000000000000044,0.004641800187528133
2959,125559,8.99999999999998,0,101,0.050000000000000044,0.003394986502826214
2960,125660,8.99999999999998,0,101,0.050000000000000044,0.0030020351987332106
2961,125732,6.099999999999991,0,72,0.050000000000000044,0.0029124836437404156
2962,125833,8.99999999999998,0,101,0.050000000000000044,0.0023441584780812263
2963,125934,8.99999999999998,0,101,0.050000000000000044,0.004670168273150921
2964,126035,8.99999999999998,0,101,0.050000000000000044,0.002488669939339161
2965,126136,8.99999999999998,0,101,0.050000000000000044,0.003938762471079826
2966,126237,8.99999999999998,0,101,0.050000000000000044,0.20229360461235046
2967,126338,8.99999999999998,0,101,0.050000000000000044,0.011274619027972221
2968,126439,8.99999999999998,0,101,0.050000000000000044,0.27083995938301086
2969,126540,8.99999999999998,0,101,0.050000000000000044,0.004722591955214739
2970,126575,2.4000000000000017,0,35,0.050000000000000044,0.13832245767116547
2971,126676,8.99999999999998,0,101,0.050000000000000044,0.006040100008249283
2972,126712,2.5000000000000018,0,36,0.050000000000000044,0.2139248102903366
2973,126813,8.99999999999998,0,101,0.050000000000000044,0.005936649162322283
2974,126914,8.99999999999998,0,101,0.050000000000000044,0.004602112807333469
2975,127015,8.99999999999998,0,101,0.050000000000000044,0.004756743088364601
2976,127116,8.99999999999998,0,101,0.050000000000000044,0.0290670283138752
2977,127217,8.99999999999998,0,101,0.050000000000000044,0.04558056592941284
2978,127312,8.399999999999983,0,95,0.050000000000000044,0.005463505629450083
2979,127363,3.9999999999999982,0,51,0.050000000000000044,0.005307503044605255
2980,127427,5.299999999999994,0,64,0.050000000000000044,0.003773306030780077
2981,127534,9.599999999999978,0,107,0.050000000000000044,0.4319893717765808
2982,127635,8.99999999999998,0,101,0.050000000000000044,0.0024040781427174807
2983,127736,8.99999999999998,0,101,0.050000000000000044,0.008860757574439049
2984,127770,2.3000000000000016,0,34,0.050000000000000044,0.01669522188603878
2985,127854,7.2999999999999865,0,84,0.050000000000000044,0.01353821624070406
2986,127955,8.99999999999998,0,101,0.050000000000000044,0.005904379300773144
2987,128052,8.599999999999982,0,97,0.050000000000000044,0.20533324778079987
2988,128153,8.99999999999998,0,101,0.050000000000000044,0.035943806171417236
2989,128259,9.499999999999979,0,106,0.050000000000000044,0.0031680373940616846
2990,128352,8.199999999999983,0,93,0.050000000000000044,0.018863620236516
2991,128458,9.499999999999979,0,106,0.050000000000000044,0.005183791741728783
2992,128559,8.99999999999998,0,101,0.050000000000000044,0.003606313606724143
2993,128660,8.99999999999998,0,101,0.050000000000000044,0.008683241903781891
2994,128761,8.99999999999998,0,101,0.050000000000000044,0.005140325985848904
2995,128862,8.99999999999998,0,101,0.050000000000000044,0.002660740166902542
2996,128906,3.3000000000000007,0,44,0.050000000000000044,0.006514399312436581
2997,129007,8.99999999999998,0,101,0.050000000000000044,0.01035272516310215
2998,129108,8.99999999999998,0,101,0.050000000000000044,0.008426576852798462
2999,129209,8.99999999999998,0,101,0.050000000000000044,0.002804097253829241
3000,129310,8.99999999999998,0,101,0.050000000000000044,0.060556042939424515
3001,129392,7.099999999999987,0,82,0.050000000000000044,0.009346176870167255
3002,129493,8.99999999999998,0,101,0.050000000000000044,0.006727453321218491
3003,129594,8.99999999999998,0,101,0.050000000000000044,0.07842306792736053
3004,129695,8.99999999999998,0,101,0.050000000000000044,0.20578797161579132
3005,129796,8.99999999999998,0,101,0.050000000000000044,0.006043084431439638
3006,129897,8.99999999999998,0,101,0.050000000000000044,0.07560114562511444
3007,129998,8.99999999999998,0,101,0.050000000000000044,0.014574953354895115
3008,130099,8.99999999999998,0,101,0.050000000000000044,0.006394892930984497
3009,130208,9.799999999999978,0,109,0.050000000000000044,0.003055395558476448
3010,130302,8.299999999999983,0,94,0.050000000000000044,0.006418802309781313
3011,130403,8.99999999999998,0,101,0.050000000000000044,0.002542603760957718
3012,130504,8.99999999999998,0,101,0.050000000000000044,0.3256653845310211
3013,130548,3.3000000000000007,0,44,0.050000000000000044,0.004955753684043884
3014,130649,8.99999999999998,0,101,0.050000000000000044,0.0026950943283736706
3015,130750,8.99999999999998,0,101,0.050000000000000044,0.01806870475411415
3016,130857,9.599999999999978,0,107,0.050000000000000044,0.3953719437122345
3017,130958,8.99999999999998,0,101,0.050000000000000044,0.005653442349284887
3018,131059,8.99999999999998,0,101,0.050000000000000044,0.004617404658347368
3019,131160,8.99999999999998,0,101,0.050000000000000044,0.007908301427960396
3020,131261,8.99999999999998,0,101,0.050000000000000044,0.00510052777826786
3021,131362,8.99999999999998,0,101,0.050000000000000044,0.004621576983481646
3022,131463,8.99999999999998,0,101,0.050000000000000044,0.003261418081820011
3023,131564,8.99999999999998,0,101,0.050000000000000044,0.018251612782478333
3024,131670,9.499999999999979,0,106,0.050000000000000044,0.004903641063719988
3025,131771,8.99999999999998,0,101,0.050000000000000044,0.021045144647359848
3026,131872,8.99999999999998,0,101,0.050000000000000044,0.004622523672878742
3027,131973,8.99999999999998,0,101,0.050000000000000044,0.018309790641069412
3028,132067,8.299999999999983,0,94,0.050000000000000044,0.002399079967290163
3029,132169,9.09999999999998,0,102,0.050000000000000044,0.005795872770249844
3030,132270,8.99999999999998,0,101,0.050000000000000044,0.009522654116153717
3031,132371,8.99999999999998,0,101,0.050000000000000044,0.0036525207106024027
3032,132472,8.99999999999998,0,101,0.050000000000000044,0.0027056802064180374
3033,132534,5.099999999999994,0,62,0.050000000000000044,0.013212809339165688
3034,132635,8.99999999999998,0,101,0.050000000000000044,0.0021652639843523502
3035,132736,8.99999999999998,0,101,0.050000000000000044,0.17680786550045013
3036,132837,8.99999999999998,0,101,0.050000000000000044,0.017303859815001488
3037,132938,8.99999999999998,0,101,0.050000000000000044,0.007445219438523054
3038,133039,8.99999999999998,0,101,0.050000000000000044,0.007553485222160816
3039,133088,3.799999999999999,0,49,0.050000000000000044,0.013348167762160301
3040,133178,7.899999999999984,0,90,0.050000000000000044,0.017623215913772583
3041,133279,8.99999999999998,0,101,0.050000000000000044,0.014353946782648563
3042,133315,2.5000000000000018,0,36,0.050000000000000044,0.004166435915976763
3043,133416,8.99999999999998,0,101,0.050000000000000044,0.1707923412322998
3044,133517,8.99999999999998,0,101,0.050000000000000044,0.013705690391361713
3045,133618,8.99999999999998,0,101,0.050000000000000044,0.002397863194346428
3046,133719,8.99999999999998,0,101,0.050000000000000044,0.004771517589688301
3047,133820,8.99999999999998,0,101,0.050000000000000044,0.0013398767914623022
3048,133921,8.99999999999998,0,101,0.050000000000000044,0.00304010440595448
3049,134022,8.99999999999998,0,101,0.050000000000000044,0.13407933712005615
3050,134123,8.99999999999998,0,101,0.050000000000000044,0.011145401746034622
3051,134197,6.29999999999999,0,74,0.050000000000000044,0.013292040675878525
3052,134300,9.19999999999998,0,103,0.050000000000000044,0.009992517530918121
3053,134350,3.8999999999999986,0,50,0.050000000000000044,0.005211266223341227
3054,134406,4.4999999999999964,0,56,0.050000000000000044,0.00322319520637393
3055,134507,8.99999999999998,0,101,0.050000000000000044,0.014856877736747265
3056,134608,8.99999999999998,0,101,0.050000000000000044,0.0071401712484657764
3057,134649,3.0000000000000018,0,41,0.050000000000000044,0.10648855566978455
3058,134750,8.99999999999998,0,101,0.050000000000000044,0.0035386155359447002
3059,134851,8.99999999999998,0,101,0.050000000000000044,0.0014281657058745623
3060,134952,8.99999999999998,0,101,0.050000000000000044,0.3228715658187866
3061,135063,9.999999999999977,0,111,0.050000000000000044,0.0037920628674328327
3062,135164,8.99999999999998,0,101,0.050000000000000044,0.0030113239772617817
3063,135265,8.99999999999998,0,101,0.050000000000000044,0.00511937728151679
3064,135366,8.99999999999998,0,101,0.050000000000000044,0.0047259824350476265
3065,135467,8.99999999999998,0,101,0.050000000000000044,0.13923615217208862
3066,135568,8.99999999999998,0,101,0.050000000000000044,0.10002047568559647
3067,135634,5.499999999999993,0,66,0.050000000000000044,0.0036026183515787125
3068,135735,8.99999999999998,0,101,0.050000000000000044,0.0029506597202271223
3069,135775,2.900000000000002,0,40,0.050000000000000044,0.005477455910295248
3070,135876,8.99999999999998,0,101,0.050000000000000044,0.17157116532325745
3071,135988,11.099999999999977,1,112,0.050000000000000044,0.2774367928504944
3072,136028,2.900000000000002,0,40,0.050000000000000044,0.004697487689554691
3073,136129,8.99999999999998,0,101,0.050000000000000044,0.0031502966303378344
3074,136238,9.799999999999978,0,109,0.050000000000000044,0.018072091042995453
3075,136275,2.600000000000002,0,37,0.050000000000000044,0.0017259244341403246
3076,136347,6.099999999999991,0,72,0.050000000000000044,0.011192476376891136
3077,136448,8.99999999999998,0,101,0.050000000000000044,0.024807723239064217
3078,136531,7.199999999999987,0,83,0.050000000000000044,0.0037117614410817623
3079,136632,8.99999999999998,0,101,0.050000000000000044,0.14245407283306122
3080,136733,8.99999999999998,0,101,0.050000000000000044,0.002587560098618269
3081,136834,8.99999999999998,0,101,0.050000000000000044,0.016999809071421623
3082,136874,2.900000000000002,0,40,0.050000000000000044,0.004107576794922352
3083,136918,3.3000000000000007,0,44,0.050000000000000044,0.011226425878703594
3084,137019,8.99999999999998,0,101,0.050000000000000044,0.006912637501955032
3085,137120,8.99999999999998,0,101,0.050000000000000044,0.022436238825321198
3086,137207,7.599999999999985,0,87,0.050000000000000044,0.01474317442625761
3087,137308,8.99999999999998,0,101,0.050000000000000044,0.020304592326283455
3088,137409,8.99999999999998,0,101,0.050000000000000044,0.004698045551776886
3089,137510,8.99999999999998,0,101,0.050000000000000044,0.006239051464945078
3090,137559,3.799999999999999,0,49,0.050000000000000044,0.006290073972195387
3091,137660,8.99999999999998,0,101,0.050000000000000044,0.0031891425605863333
3092,137722,5.099999999999994,0,62,0.050000000000000044,0.0028313351795077324
3093,137758,2.5000000000000018,0,36,0.050000000000000044,0.004545172676444054
3094,137822,5.299999999999994,0,64,0.050000000000000044,0.005977742373943329
3095,137888,5.499999999999993,0,66,0.050000000000000044,0.002564486116170883
3096,137989,8.99999999999998,0,101,0.050000000000000044,0.1480770707130432
3097,138043,4.299999999999997,0,54,0.050000000000000044,0.0015345296123996377
3098,138083,2.900000000000002,0,40,0.050000000000000044,0.25902628898620605
3099,138184,8.99999999999998,0,101,0.050000000000000044,0.007508525624871254
3100,138214,1.9000000000000012,0,30,0.050000000000000044,0.0027035351376980543
3101,138267,4.1999999999999975,0,53,0.050000000000000044,0.2744563817977905
3102,138329,5.099999999999994,0,62,0.050000000000000044,0.08158904314041138
3103,138430,8.99999999999998,0,101,0.050000000000000044,0.005560182500630617
3104,138492,5.099999999999994,0,62,0.050000000000000044,0.004869202151894569
3105,138593,8.99999999999998,0,101,0.050000000000000044,0.007035741116851568
3106,138651,4.699999999999996,0,58,0.050000000000000044,0.009779062122106552
3107,138752,8.99999999999998,0,101,0.050000000000000044,0.02132757008075714
3108,138829,6.599999999999989,0,77,0.050000000000000044,0.00272023375146091
3109,138865,2.5000000000000018,0,36,0.050000000000000044,0.007127924356609583
3110,138952,7.599999999999985,0,87,0.050000000000000044,0.0052307480946183205
3111,138992,2.900000000000002,0,40,0.050000000000000044,0.13972444832324982
3112,139024,2.1000000000000014,0,32,0.050000000000000044,0.07306302338838577
3113,139064,2.900000000000002,0,40,0.050000000000000044,0.003036552807316184
3114,139100,2.5000000000000018,0,36,0.050000000000000044,0.0021386940497905016
3115,139167,5.5999999999999925,0,67,0.050000000000000044,0.038258641958236694
3116,139268,8.99999999999998,0,101,0.050000000000000044,0.004571421071887016
3117,139305,2.600000000000002,0,37,0.050000000000000044,0.05868875980377197
3118,139336,2.0000000000000013,0,31,0.050000000000000044,0.0026768420357257128
3119,139437,8.99999999999998,0,101,0.050000000000000044,0.28299543261528015
3120,139538,8.99999999999998,0,101,0.050000000000000044,0.008061647415161133
3121,139639,8.99999999999998,0,101,0.050000000000000044,0.0019332992378622293
3122,139719,6.899999999999988,0,80,0.050000000000000044,0.1439145803451538
3123,139759,2.900000000000002,0,40,0.050000000000000044,0.006507569458335638
3124,139790,2.0000000000000013,0,31,0.050000000000000044,0.13221855461597443
3125,139839,3.799999999999999,0,49,0.050000000000000044,0.004207967314869165
3126,139940,8.99999999999998,0,101,0.050000000000000044,0.2500082552433014
3127,140041,8.99999999999998,0,101,0.050000000000000044,0.005220155231654644
3128,140077,2.5000000000000018,0,36,0.050000000000000044,0.1103268638253212
3129,140119,3.1000000000000014,0,42,0.050000000000000044,0.012525455094873905
3130,140220,8.99999999999998,0,101,0.050000000000000044,0.11859901994466782
3131,140268,3.6999999999999993,0,48,0.050000000000000044,0.007175839506089687
3132,140301,2.2000000000000015,0,33,0.050000000000000044,0.012701543979346752
3133,140360,4.799999999999995,0,59,0.050000000000000044,0.008750006556510925
3134,140395,2.4000000000000017,0,35,0.050000000000000044,0.0029216620605438948
3135,140447,4.099999999999998,0,52,0.050000000000000044,0.007769666146486998
3136,140501,4.299999999999997,0,54,0.050000000000000044,0.006221958436071873
3137,140558,4.599999999999996,0,57,0.050000000000000044,0.0032416461035609245
3138,140589,2.0000000000000013,0,31,0.050000000000000044,0.004127720836549997
3139,140660,5.999999999999991,0,71,0.050000000000000044,0.004432847257703543
3140,140723,5.199999999999994,0,63,0.050000000000000044,0.014645969495177269
3141,140759,2.5000000000000018,0,36,0.050000000000000044,0.005401390604674816
3142,140856,8.599999999999982,0,97,0.050000000000000044,0.007874060422182083
3143,140922,5.499999999999993,0,66,0.050000000000000044,0.005926486104726791
3144,140987,5.399999999999993,0,65,0.050000000000000044,0.12422814965248108
3145,141088,8.99999999999998,0,101,0.050000000000000044,0.004194797948002815
3146,141127,2.800000000000002,0,39,0.050000000000000044,0.012880818918347359
3147,141228,8.99999999999998,0,101,0.050000000000000044,0.005209608003497124
3148,141260,2.1000000000000014,0,32,0.050000000000000044,0.013153079897165298
3149,141361,8.99999999999998,0,101,0.050000000000000044,0.02182931639254093
3150,141428,5.5999999999999925,0,67,0.050000000000000044,0.022126581519842148
3151,141529,8.99999999999998,0,101,0.050000000000000044,0.004583055153489113
3152,141599,5.8999999999999915,0,70,0.050000000000000044,0.004259102046489716
3153,141668,5.799999999999992,0,69,0.050000000000000044,0.009292122907936573
3154,141769,8.99999999999998,0,101,0.050000000000000044,0.014484431594610214
3155,141862,8.199999999999983,0,93,0.050000000000000044,0.017625588923692703
3156,141906,3.3000000000000007,0,44,0.050000000000000044,0.011524706147611141
3157,141937,2.0000000000000013,0,31,0.050000000000000044,0.002611207775771618
3158,142014,6.599999999999989,0,77,0.050000000000000044,0.00929267331957817
3159,142115,8.99999999999998,0,101,0.050000000000000044,0.008135693147778511
3160,142186,5.999999999999991,0,71,0.050000000000000044,0.021159641444683075
3161,142274,7.699999999999985,0,88,0.050000000000000044,0.009548576548695564
3162,142344,5.8999999999999915,0,70,0.050000000000000044,0.09788811951875687
3163,142404,4.899999999999995,0,60,0.050000000000000044,0.004937230609357357
3164,142454,3.8999999999999986,0,50,0.050000000000000044,0.004904744680970907
3165,142548,8.299999999999983,0,94,0.050000000000000044,0.008467303588986397
3166,142578,1.9000000000000012,0,30,0.050000000000000044,0.009862297214567661
3167,142611,2.2000000000000015,0,33,0.050000000000000044,0.0118449367582798
3168,142663,4.099999999999998,0,52,0.050000000000000044,0.006416888441890478
3169,142764,8.99999999999998,0,101,0.050000000000000044,0.009807966649532318
3170,142822,4.699999999999996,0,58,0.050000000000000044,0.03326625004410744
3171,142893,5.999999999999991,0,71,0.050000000000000044,0.005882440600544214
3172,142946,4.1999999999999975,0,53,0.050000000000000044,0.009439663030207157
3173,142979,2.2000000000000015,0,33,0.050000000000000044,0.017912721261382103
3174,143023,3.3000000000000007,0,44,0.050000000000000044,0.00625807186588645
3175,143124,8.99999999999998,0,101,0.050000000000000044,0.001976034604012966
3176,143225,8.99999999999998,0,101,0.050000000000000044,0.010634106583893299
3177,143253,1.700000000000001,0,28,0.050000000000000044,0.004571743309497833
3178,143302,3.799999999999999,0,49,0.050000000000000044,0.004288325551897287
3179,143355,4.1999999999999975,0,53,0.050000000000000044,0.03323487192392349
3180,143385,1.9000000000000012,0,30,0.050000000000000044,0.019489679485559464
3181,143428,3.200000000000001,0,43,0.050000000000000044,0.009149369783699512
3182,143458,1.9000000000000012,0,30,0.050000000000000044,0.0040529388934373856
3183,143526,5.699999999999992,0,68,0.050000000000000044,0.003212930168956518
3184,143627,8.99999999999998,0,101,0.050000000000000044,0.00443990807980299
3185,143728,8.99999999999998,0,101,0.050000000000000044,0.020322682335972786
3186,143829,8.99999999999998,0,101,0.050000000000000044,0.008491944521665573
3187,143860,2.0000000000000013,0,31,0.050000000000000044,0.003291101660579443
3188,143889,1.8000000000000012,0,29,0.050000000000000044,0.003532338421791792
3189,143920,2.0000000000000013,0,31,0.050000000000000044,0.0016483505023643374
3190,143955,2.4000000000000017,0,35,0.050000000000000044,0.0029817919712513685
3191,143988,2.2000000000000015,0,33,0.050000000000000044,0.0025706684682518244
3192,144026,2.700000000000002,0,38,0.050000000000000044,0.009918653406202793
3193,144087,4.999999999999995,0,61,0.050000000000000044,0.010424584150314331
3194,144120,2.2000000000000015,0,33,0.050000000000000044,0.11808769404888153
3195,144205,7.399999999999986,0,85,0.050000000000000044,0.021101774647831917
3196,144260,4.399999999999997,0,55,0.050000000000000044,0.008626753464341164
3197,144350,7.899999999999984,0,90,0.050000000000000044,0.009189534932374954
3198,144421,5.999999999999991,0,71,0.050000000000000044,0.013852478936314583
3199,144476,4.399999999999997,0,55,0.050000000000000044,0.007111465558409691
3200,144531,4.399999999999997,0,55,0.050000000000000044,0.08752968907356262
3201,144598,5.5999999999999925,0,67,0.050000000000000044,0.06959596276283264
3202,144633,2.4000000000000017,0,35,0.050000000000000044,0.0068964967504143715
3203,144701,5.699999999999992,0,68,0.050000000000000044,0.014688177034258842
3204,144802,8.99999999999998,0,101,0.050000000000000044,0.006093716248869896
3205,144857,4.399999999999997,0,55,0.050000000000000044,0.003209451213479042
3206,144897,2.900000000000002,0,40,0.050000000000000044,0.009222663938999176
3207,144952,4.399999999999997,0,55,0.050000000000000044,0.014223282225430012
3208,145053,8.99999999999998,0,101,0.050000000000000044,0.02682364173233509
3209,145086,2.2000000000000015,0,33,0.050000000000000044,0.007541647180914879
3210,145118,2.1000000000000014,0,32,0.050000000000000044,0.0034264475107192993
3211,145219,8.99999999999998,0,101,0.050000000000000044,0.0039470987394452095
3212,145322,9.19999999999998,0,103,0.050000000000000044,0.05292958766222
3213,145423,8.99999999999998,0,101,0.050000000000000044,0.0034429305233061314
3214,145462,2.800000000000002,0,39,0.050000000000000044,0.031403109431266785
3215,145560,8.699999999999982,0,98,0.050000000000000044,0.0010488660773262382
3216,145594,2.3000000000000016,0,34,0.050000000000000044,0.0951196476817131
3217,145695,8.99999999999998,0,101,0.050000000000000044,0.0072607602924108505
3218,145796,8.99999999999998,0,101,0.050000000000000044,0.003179909661412239
3219,145902,9.499999999999979,0,106,0.050000000000000044,0.011307068169116974
3220,146003,8.99999999999998,0,101,0.050000000000000044,0.06745632737874985
3221,146104,8.99999999999998,0,101,0.050000000000000044,0.017125820741057396
3222,146152,3.6999999999999993,0,48,0.050000000000000044,0.020833032205700874
3223,146203,3.9999999999999982,0,51,0.050000000000000044,0.003909122198820114
3224,146235,2.1000000000000014,0,32,0.050000000000000044,0.004427185282111168
3225,146267,2.1000000000000014,0,32,0.050000000000000044,0.005439482629299164
3226,146372,9.399999999999979,0,105,0.050000000000000044,0.008321128785610199
3227,146487,11.399999999999975,1,115,0.050000000000000044,0.0044112661853432655
3228,146588,8.99999999999998,0,101,0.050000000000000044,0.007837507873773575
3229,146651,5.199999999999994,0,63,0.050000000000000044,0.003625943325459957
3230,146718,5.5999999999999925,0,67,0.050000000000000044,0.0025290786288678646
3231,146750,2.1000000000000014,0,32,0.050000000000000044,0.008669640868902206
3232,146816,5.499999999999993,0,66,0.050000000000000044,0.015854399651288986
3233,146917,8.99999999999998,0,101,0.050000000000000044,0.02181491069495678
3234,146983,5.499999999999993,0,66,0.050000000000000044,0.0067094373516738415
3235,147069,7.499999999999986,0,86,0.050000000000000044,0.003839345183223486
3236,147170,8.99999999999998,0,101,0.050000000000000044,0.011614866554737091
3237,147271,8.99999999999998,0,101,0.050000000000000044,0.022469116374850273
3238,147305,2.3000000000000016,0,34,0.050000000000000044,0.005575031042098999
3239,147406,8.99999999999998,0,101,0.050000000000000044,0.013041691854596138
3240,147507,8.99999999999998,0,101,0.050000000000000044,0.0032066458370536566
3241,147551,3.3000000000000007,0,44,0.050000000000000044,0.007696017622947693
3242,147596,3.4000000000000004,0,45,0.050000000000000044,0.012140129692852497
3243,147628,2.1000000000000014,0,32,0.050000000000000044,0.021020177751779556
3244,147741,11.199999999999976,1,113,0.050000000000000044,0.27397221326828003
3245,147842,8.99999999999998,0,101,0.050000000000000044,0.0020538840908557177
3246,147911,5.799999999999992,0,69,0.050000000000000044,0.011782458052039146
3247,148012,8.99999999999998,0,101,0.050000000000000044,0.006660250015556812
3248,148045,2.2000000000000015,0,33,0.050000000000000044,0.003999774344265461
3249,148106,4.999999999999995,0,61,0.050000000000000044,0.018112722784280777
3250,148139,2.2000000000000015,0,33,0.050000000000000044,0.004555715247988701
3251,148201,5.099999999999994,0,62,0.050000000000000044,0.044622376561164856
3252,148303,9.09999999999998,0,102,0.050000000000000044,0.023867104202508926
3253,148381,6.699999999999989,0,78,0.050000000000000044,0.012876861728727818
3254,148430,3.799999999999999,0,49,0.050000000000000044,0.011772858910262585
3255,148531,8.99999999999998,0,101,0.050000000000000044,0.015164125710725784
3256,148618,7.599999999999985,0,87,0.050000000000000044,0.01338848564773798
3257,148719,8.99999999999998,0,101,0.050000000000000044,0.0028680572286248207
3258,148756,2.600000000000002,0,37,0.050000000000000044,0.019667180255055428
3259,148800,3.3000000000000007,0,44,0.050000000000000044,0.014596785418689251
3260,148901,8.99999999999998,0,101,0.050000000000000044,0.025931047275662422
3261,148944,3.200000000000001,0,43,0.050000000000000044,0.008063191547989845
3262,149018,6.29999999999999,0,74,0.050000000000000044,0.00990387424826622
3263,149119,8.99999999999998,0,101,0.050000000000000044,0.007792436983436346
3264,149162,3.200000000000001,0,43,0.050000000000000044,0.0038941185921430588
3265,149263,8.99999999999998,0,101,0.050000000000000044,0.0034438003785908222
3266,149364,8.99999999999998,0,101,0.050000000000000044,0.028730293735861778
3267,149409,3.4000000000000004,0,45,0.050000000000000044,0.07388116419315338
3268,149510,8.99999999999998,0,101,0.050000000000000044,0.008388316258788109
3269,149592,7.099999999999987,0,82,0.050000000000000044,0.0020089575555175543
3270,149703,9.999999999999977,0,111,0.050000000000000044,0.01138950977474451
3271,149743,2.900000000000002,0,40,0.050000000000000044,0.004037368111312389
3272,149844,8.99999999999998,0,101,0.050000000000000044,0.0074199894443154335
3273,149945,8.99999999999998,0,101,0.050000000000000044,0.001979802269488573
3274,150010,5.399999999999993,0,65,0.050000000000000044,0.006602926179766655
3275,150114,9.29999999999998,0,104,0.050000000000000044,0.006550871301442385
3276,150215,8.99999999999998,0,101,0.050000000000000044,0.03455115109682083
3277,150316,8.99999999999998,0,101,0.050000000000000044,0.00521075539290905
3278,150421,9.399999999999979,0,105,0.050000000000000044,0.0020561700221151114
3279,150522,8.99999999999998,0,101,0.050000000000000044,0.004177453927695751
3280,150632,9.899999999999977,0,110,0.050000000000000044,0.004313918761909008
3281,150675,3.200000000000001,0,43,0.050000000000000044,0.0086213368922472
3282,150778,9.19999999999998,0,103,0.050000000000000044,0.006464409176260233
3283,150840,5.099999999999994,0,62,0.050000000000000044,0.0015054368413984776
3284,150878,2.700000000000002,0,38,0.050000000000000044,0.0075820740312337875
3285,150979,8.99999999999998,0,101,0.050000000000000044,0.002574114128947258
3286,151069,7.899999999999984,0,90,0.050000000000000044,0.03935744985938072
3287,151099,1.9000000000000012,0,30,0.050000000000000044,0.0030365793500095606
3288,151200,8.99999999999998,0,101,0.050000000000000044,0.018137797713279724
3289,151307,9.599999999999978,0,107,0.050000000000000044,0.023358382284641266
3290,151408,8.99999999999998,0,101,0.050000000000000044,0.01896149292588234
3291,151509,8.99999999999998,0,101,0.050000000000000044,0.014613663777709007
3292,151620,9.999999999999977,0,111,0.050000000000000044,0.0076560466550290585
3293,151727,9.599999999999978,0,107,0.050000000000000044,0.09475263953208923
3294,151828,8.99999999999998,0,101,0.050000000000000044,0.010033727623522282
3295,151940,11.099999999999977,1,112,0.050000000000000044,0.0065304674208164215
3296,152044,9.29999999999998,0,104,0.050000000000000044,0.005799985025078058
3297,152079,2.4000000000000017,0,35,0.050000000000000044,0.0013629216700792313
3298,152116,2.600000000000002,0,37,0.050000000000000044,0.005250005982816219
3299,152217,8.99999999999998,0,101,0.050000000000000044,0.005101535469293594
3300,152291,6.29999999999999,0,74,0.050000000000000044,0.009450997225940228
3301,152350,4.799999999999995,0,59,0.050000000000000044,0.022804081439971924
3302,152383,2.2000000000000015,0,33,0.050000000000000044,0.004298168234527111
3303,152430,3.5999999999999996,0,47,0.050000000000000044,0.008667095564305782
3304,152531,8.99999999999998,0,101,0.050000000000000044,0.017142746597528458
3305,152579,3.6999999999999993,0,48,0.050000000000000044,0.0034371959045529366
3306,152627,3.6999999999999993,0,48,0.050000000000000044,0.002129295142367482
3307,152668,3.0000000000000018,0,41,0.050000000000000044,0.014162980020046234
3308,152763,8.399999999999983,0,95,0.050000000000000044,0.10732810199260712
3309,152874,9.999999999999977,0,111,0.050000000000000044,0.0040625277906656265
3310,152975,8.99999999999998,0,101,0.050000000000000044,0.017646634951233864
3311,153076,8.99999999999998,0,101,0.050000000000000044,0.14854435622692108
3312,153171,8.399999999999983,0,95,0.050000000000000044,0.013866320252418518
3313,153241,5.8999999999999915,0,70,0.050000000000000044,0.004456851631402969
3314,153342,8.99999999999998,0,101,0.050000000000000044,0.0024470179341733456
3315,153443,8.99999999999998,0,101,0.050000000000000044,0.008714642375707626
3316,153543,8.89999999999998,0,100,0.050000000000000044,0.020234033465385437
3317,153644,8.99999999999998,0,101,0.050000000000000044,0.010662971064448357
3318,153746,9.09999999999998,0,102,0.050000000000000044,0.010141757316887379
3319,153832,7.499999999999986,0,86,0.050000000000000044,0.005725579336285591
3320,153931,8.799999999999981,0,99,0.050000000000000044,0.0019467787351459265
3321,153980,3.799999999999999,0,49,0.050000000000000044,0.015073430724442005
3322,154016,2.5000000000000018,0,36,0.050000000000000044,0.027404848486185074
3323,154127,9.999999999999977,0,111,0.050000000000000044,0.013781243935227394
3324,154168,3.0000000000000018,0,41,0.050000000000000044,0.0037071271799504757
3325,154269,8.99999999999998,0,101,0.050000000000000044,0.0035069440491497517
3326,154376,9.599999999999978,0,107,0.050000000000000044,0.03509478643536568
3327,154477,8.99999999999998,0,101,0.050000000000000044,0.004600764252245426
3328,154578,8.99999999999998,0,101,0.050000000000000044,0.0018822529818862677
3329,154612,2.3000000000000016,0,34,0.050000000000000044,0.020115653052926064
3330,154675,5.199999999999994,0,63,0.050000000000000044,0.005408158525824547
3331,154737,5.099999999999994,0,62,0.050000000000000044,0.0049628871493041515
3332,154838,8.99999999999998,0,101,0.050000000000000044,0.005023818463087082
3333,154939,8.99999999999998,0,101,0.050000000000000044,0.009426221251487732
3334,155040,8.99999999999998,0,101,0.050000000000000044,0.03137509152293205
3335,155148,9.699999999999978,0,108,0.050000000000000044,0.008069789037108421
3336,155249,8.99999999999998,0,101,0.050000000000000044,0.004837158601731062
3337,155321,6.099999999999991,0,72,0.050000000000000044,0.018119830638170242
3338,155422,8.99999999999998,0,101,0.050000000000000044,0.009694291278719902
3339,155502,6.899999999999988,0,80,0.050000000000000044,0.028436142951250076
3340,155612,9.899999999999977,0,110,0.050000000000000044,0.00617494760081172
3341,155713,8.99999999999998,0,101,0.050000000000000044,0.006801581010222435
3342,155814,8.99999999999998,0,101,0.050000000000000044,0.0042610764503479
3343,155915,8.99999999999998,0,101,0.050000000000000044,0.030231906101107597
3344,156025,9.899999999999977,0,110,0.050000000000000044,0.00451704952865839
3345,156126,8.99999999999998,0,101,0.050000000000000044,0.0034728297032415867
3346,156207,6.999999999999988,0,81,0.050000000000000044,0.011217784136533737
3347,156308,8.99999999999998,0,101,0.050000000000000044,0.003864570055156946
3348,156409,8.99999999999998,0,101,0.050000000000000044,0.018060658127069473
3349,156517,9.699999999999978,0,108,0.050000000000000044,0.013477505184710026
3350,156618,8.99999999999998,0,101,0.050000000000000044,0.01125218253582716
3351,156719,8.99999999999998,0,101,0.050000000000000044,0.006781094707548618
3352,156825,9.499999999999979,0,106,0.050000000000000044,0.0054140836000442505
3353,156926,8.99999999999998,0,101,0.050000000000000044,0.021231893450021744
3354,157027,8.99999999999998,0,101,0.050000000000000044,0.011839834973216057
3355,157128,8.99999999999998,0,101,0.050000000000000044,0.00798049196600914
3356,157229,8.99999999999998,0,101,0.050000000000000044,0.010218796320259571
3357,157297,5.699999999999992,0,68,0.050000000000000044,0.00634118914604187
3358,157398,8.99999999999998,0,101,0.050000000000000044,0.011707108467817307
3359,157499,8.99999999999998,0,101,0.050000000000000044,0.004078091122210026
3360,157600,8.99999999999998,0,101,0.050000000000000044,0.005182831548154354
3361,157701,8.99999999999998,0,101,0.050000000000000044,0.003572904272004962
3362,157803,9.09999999999998,0,102,0.050000000000000044,0.014889806509017944
3363,157850,3.5999999999999996,0,47,0.050000000000000044,0.0024763704277575016
3364,157882,2.1000000000000014,0,32,0.050000000000000044,0.0039332592859864235
3365,157986,9.29999999999998,0,104,0.050000000000000044,0.008016937412321568
3366,158053,5.5999999999999925,0,67,0.050000000000000044,0.008313478901982307
3367,158085,2.1000000000000014,0,32,0.050000000000000044,0.008948322385549545
3368,158148,5.199999999999994,0,63,0.050000000000000044,0.0136650949716568
3369,158254,9.499999999999979,0,106,0.050000000000000044,0.008430659770965576
3370,158355,8.99999999999998,0,101,0.050000000000000044,0.005688926670700312
3371,158456,8.99999999999998,0,101,0.050000000000000044,0.004101498052477837
3372,158558,9.09999999999998,0,102,0.050000000000000044,0.0041415090672671795
3373,158659,8.99999999999998,0,101,0.050000000000000044,0.004745901096612215
3374,158699,2.900000000000002,0,40,0.050000000000000044,0.0017130414489656687
3375,158767,5.699999999999992,0,68,0.050000000000000044,0.010985041037201881
3376,158870,9.19999999999998,0,103,0.050000000000000044,0.003833785653114319
3377,158938,5.699999999999992,0,68,0.050000000000000044,0.004242465831339359
3378,158970,2.1000000000000014,0,32,0.050000000000000044,0.005662890151143074
3379,159069,8.799999999999981,0,99,0.050000000000000044,0.0057410625740885735
3380,159170,8.99999999999998,0,101,0.050000000000000044,0.011838842183351517
3381,159271,8.99999999999998,0,101,0.050000000000000044,0.004436264280229807
3382,159372,8.99999999999998,0,101,0.050000000000000044,0.003178692888468504
3383,159477,9.399999999999979,0,105,0.050000000000000044,0.007321854587644339
3384,159578,8.99999999999998,0,101,0.050000000000000044,0.0067979092709720135
3385,159682,9.29999999999998,0,104,0.050000000000000044,0.001454849261790514
3386,159783,8.99999999999998,0,101,0.050000000000000044,0.004431962501257658
3387,159884,8.99999999999998,0,101,0.050000000000000044,0.015405183658003807
3388,159985,8.99999999999998,0,101,0.050000000000000044,0.024850420653820038
3389,160028,3.200000000000001,0,43,0.050000000000000044,0.018823742866516113
3390,160060,2.1000000000000014,0,32,0.050000000000000044,0.008124764077365398
3391,160096,2.5000000000000018,0,36,0.050000000000000044,0.010999963618814945
3392,160128,2.1000000000000014,0,32,0.050000000000000044,0.006727296393364668
3393,160222,8.299999999999983,0,94,0.050000000000000044,0.0052863541059195995
3394,160266,3.3000000000000007,0,44,0.050000000000000044,0.002288038609549403
3395,160316,3.8999999999999986,0,50,0.050000000000000044,0.017443034797906876
3396,160411,8.399999999999983,0,95,0.050000000000000044,0.0026853415183722973
3397,160443,2.1000000000000014,0,32,0.050000000000000044,0.004610900301486254
3398,160504,4.999999999999995,0,61,0.050000000000000044,0.13753798604011536
3399,160605,8.99999999999998,0,101,0.050000000000000044,0.01057562418282032
3400,160706,8.99999999999998,0,101,0.050000000000000044,0.0024519062135368586
3401,160753,3.5999999999999996,0,47,0.050000000000000044,0.0018515994306653738
3402,160854,8.99999999999998,0,101,0.050000000000000044,0.00959454383701086
3403,160942,7.699999999999985,0,88,0.050000000000000044,0.00539446109905839
3404,161049,9.599999999999978,0,107,0.050000000000000044,0.15917234122753143
3405,161140,7.999999999999984,0,91,0.050000000000000044,0.008694181218743324
3406,161241,8.99999999999998,0,101,0.050000000000000044,0.00251742172986269
3407,161342,8.99999999999998,0,101,0.050000000000000044,0.01000914815813303
3408,161443,8.99999999999998,0,101,0.050000000000000044,0.0329551137983799
3409,161552,9.799999999999978,0,109,0.050000000000000044,0.005468276794999838
3410,161635,7.199999999999987,0,83,0.050000000000000044,0.002241087146103382
3411,161723,7.699999999999985,0,88,0.050000000000000044,0.00294877914711833
3412,161824,8.99999999999998,0,101,0.050000000000000044,0.0077478960156440735
3413,161925,8.99999999999998,0,101,0.050000000000000044,0.00268229516223073
3414,162029,9.29999999999998,0,104,0.050000000000000044,0.012414401397109032
3415,162130,8.99999999999998,0,101,0.050000000000000044,0.13274744153022766
3416,162238,9.699999999999978,0,108,0.050000000000000044,0.05538075789809227
3417,162288,3.8999999999999986,0,50,0.050000000000000044,0.008955270051956177
3418,162320,2.1000000000000014,0,32,0.050000000000000044,0.0125131132081151
3419,162352,2.1000000000000014,0,32,0.050000000000000044,0.021738748997449875
3420,162387,2.4000000000000017,0,35,0.050000000000000044,0.012947261333465576
3421,162419,2.1000000000000014,0,32,0.050000000000000044,0.018924664705991745
3422,162523,9.29999999999998,0,104,0.050000000000000044,0.0063563198782503605
3423,162627,9.29999999999998,0,104,0.050000000000000044,0.025701332837343216
3424,162730,9.19999999999998,0,103,0.050000000000000044,0.007593780755996704
3425,162831,8.99999999999998,0,101,0.050000000000000044,0.020493533462285995
3426,162864,2.2000000000000015,0,33,0.050000000000000044,0.007509777322411537
3427,162971,9.599999999999978,0,107,0.050000000000000044,0.008880390785634518
3428,163064,8.199999999999983,0,93,0.050000000000000044,0.01886785216629505
3429,163165,8.99999999999998,0,101,0.050000000000000044,0.006740216631442308
3430,163271,9.499999999999979,0,106,0.050000000000000044,0.010202839970588684
3431,163372,8.99999999999998,0,101,0.050000000000000044,0.003927189856767654
3432,163473,8.99999999999998,0,101,0.050000000000000044,0.047955796122550964
3433,163568,8.399999999999983,0,95,0.050000000000000044,0.0027384087443351746
3434,163669,8.99999999999998,0,101,0.050000000000000044,0.0052919150330126286
3435,163732,5.199999999999994,0,63,0.050000000000000044,0.0045610833913087845
3436,163833,8.99999999999998,0,101,0.050000000000000044,0.0029588681645691395
3437,163934,8.99999999999998,0,101,0.050000000000000044,0.013951659202575684
3438,164035,8.99999999999998,0,101,0.050000000000000044,0.003771890653297305
3439,164143,9.699999999999978,0,108,0.050000000000000044,0.015067540109157562
3440,164249,9.499999999999979,0,106,0.050000000000000044,0.002940877340734005
3441,164281,2.1000000000000014,0,32,0.050000000000000044,0.00524452468380332
3442,164382,8.99999999999998,0,101,0.050000000000000044,0.002654304262250662
3443,164414,2.1000000000000014,0,32,0.050000000000000044,0.00673443078994751
3444,164515,8.99999999999998,0,101,0.050000000000000044,0.2555869519710541
3445,164616,8.99999999999998,0,101,0.050000000000000044,0.001989046111702919
3446,164648,2.1000000000000014,0,32,0.050000000000000044,0.0039137075655162334
3447,164735,7.599999999999985,0,87,0.050000000000000044,0.0038214405067265034
3448,164845,9.899999999999977,0,110,0.050000000000000044,0.02826704829931259
3449,164946,8.99999999999998,0,101,0.050000000000000044,0.034135911613702774
3450,165047,8.99999999999998,0,101,0.050000000000000044,0.003067734884098172
3451,165148,8.99999999999998,0,101,0.050000000000000044,0.0016410255338996649
3452,165249,8.99999999999998,0,101,0.050000000000000044,0.06691645830869675
3453,165350,8.99999999999998,0,101,0.050000000000000044,0.0015578970778733492
3454,165442,8.099999999999984,0,92,0.050000000000000044,0.0033230911940336227
3455,165531,7.799999999999985,0,89,0.050000000000000044,0.0048462627455592155
3456,165635,9.29999999999998,0,104,0.050000000000000044,0.009813959710299969
3457,165742,9.599999999999978,0,107,0.050000000000000044,0.0017598322592675686
3458,165843,8.99999999999998,0,101,0.050000000000000044,0.004734999965876341
3459,165944,8.99999999999998,0,101,0.050000000000000044,0.0016459452454000711
3460,166045,8.99999999999998,0,101,0.050000000000000044,0.008349545300006866
3461,166133,7.699999999999985,0,88,0.050000000000000044,0.0037759204860776663
3462,166234,8.99999999999998,0,101,0.050000000000000044,0.006549821700900793
3463,166302,5.699999999999992,0,68,0.050000000000000044,0.0018961125751957297
3464,166403,8.99999999999998,0,101,0.050000000000000044,0.013219444081187248
3465,166509,9.499999999999979,0,106,0.050000000000000044,0.0070320661179721355
3466,166583,6.29999999999999,0,74,0.050000000000000044,0.004625603090971708
3467,166687,9.29999999999998,0,104,0.050000000000000044,0.005312725901603699
3468,166794,9.599999999999978,0,107,0.050000000000000044,0.005081958137452602
3469,166888,8.299999999999983,0,94,0.050000000000000044,0.00864371471107006
3470,166980,8.099999999999984,0,92,0.050000000000000044,0.003156183985993266
3471,167081,8.99999999999998,0,101,0.050000000000000044,0.0037236493080854416
3472,167183,9.09999999999998,0,102,0.050000000000000044,0.2640092074871063
3473,167268,7.399999999999986,0,85,0.050000000000000044,0.00770960096269846
3474,167371,9.19999999999998,0,103,0.050000000000000044,0.012392678298056126
3475,167472,8.99999999999998,0,101,0.050000000000000044,0.012883438728749752
3476,167561,7.799999999999985,0,89,0.050000000000000044,0.009874160401523113
3477,167662,8.99999999999998,0,101,0.050000000000000044,0.0036854171194136143
3478,167732,5.8999999999999915,0,70,0.050000000000000044,0.002527659758925438
3479,167833,8.99999999999998,0,101,0.050000000000000044,0.010288678109645844
3480,167934,8.99999999999998,0,101,0.050000000000000044,0.11931578069925308
3481,168035,8.99999999999998,0,101,0.050000000000000044,0.002328926231712103
3482,168121,7.499999999999986,0,86,0.050000000000000044,0.008366229943931103
3483,168222,8.99999999999998,0,101,0.050000000000000044,0.0029179989360272884
3484,168331,9.799999999999978,0,109,0.050000000000000044,0.021982217207551003
3485,168432,8.99999999999998,0,101,0.050000000000000044,0.01262524351477623
3486,168534,9.09999999999998,0,102,0.050000000000000044,0.0032635703682899475
3487,168635,8.99999999999998,0,101,0.050000000000000044,0.003908890765160322
3488,168736,8.99999999999998,0,101,0.050000000000000044,0.0032215770334005356
3489,168840,9.29999999999998,0,104,0.050000000000000044,0.0017571075586602092
3490,168903,5.199999999999994,0,63,0.050000000000000044,0.0006705629639327526
3491,169004,8.99999999999998,0,101,0.050000000000000044,0.010171475820243359
3492,169105,8.99999999999998,0,101,0.050000000000000044,0.010288538411259651
3493,169206,8.99999999999998,0,101,0.050000000000000044,0.003010914893820882
3494,169307,8.99999999999998,0,101,0.050000000000000044,0.008404762484133244
3495,169408,8.99999999999998,0,101,0.050000000000000044,0.011352882720530033
3496,169509,8.99999999999998,0,101,0.050000000000000044,0.003835628740489483
3497,169617,9.699999999999978,0,108,0.050000000000000044,0.0035494419280439615
3498,169718,8.99999999999998,0,101,0.050000000000000044,0.003495472948998213
3499,169819,8.99999999999998,0,101,0.050000000000000044,0.005506787449121475
3500,169920,8.99999999999998,0,101,0.050000000000000044,0.02605339139699936
3501,170021,8.99999999999998,0,101,0.050000000000000044,0.01007087528705597
3502,170122,8.99999999999998,0,101,0.050000000000000044,0.030717648565769196
3503,170205,7.199999999999987,0,83,0.050000000000000044,0.004113007336854935
3504,170246,3.0000000000000018,0,41,0.050000000000000044,0.005445065908133984
3505,170327,6.999999999999988,0,81,0.050000000000000044,0.005771229974925518
3506,170425,8.699999999999982,0,98,0.050000000000000044,0.00803318340331316
3507,170526,8.99999999999998,0,101,0.050000000000000044,0.013383778743445873
3508,170625,8.799999999999981,0,99,0.050000000000000044,0.002257728949189186
3509,170726,8.99999999999998,0,101,0.050000000000000044,0.004201145377010107
3510,170827,8.99999999999998,0,101,0.050000000000000044,0.004391207359731197
3511,170927,8.89999999999998,0,100,0.050000000000000044,0.0034879781305789948
3512,171028,8.99999999999998,0,101,0.050000000000000044,0.00483610900118947
3513,171129,8.99999999999998,0,101,0.050000000000000044,0.004652094095945358
3514,171230,8.99999999999998,0,101,0.050000000000000044,0.015755435451865196
3515,171331,8.99999999999998,0,101,0.050000000000000044,0.008529990911483765
3516,171432,8.99999999999998,0,101,0.050000000000000044,0.016700157895684242
3517,171532,8.89999999999998,0,100,0.050000000000000044,0.004410472698509693
3518,171612,6.899999999999988,0,80,0.050000000000000044,0.0033169782254844904
3519,171699,7.599999999999985,0,87,0.050000000000000044,0.005344689358025789
3520,171800,8.99999999999998,0,101,0.050000000000000044,0.004313726909458637
3521,171840,2.900000000000002,0,40,0.050000000000000044,0.008929677307605743
3522,171941,8.99999999999998,0,101,0.050000000000000044,0.006711242720484734
3523,171990,3.799999999999999,0,49,0.050000000000000044,0.008222254924476147
3524,172089,8.799999999999981,0,99,0.050000000000000044,0.007291601505130529
3525,172190,8.99999999999998,0,101,0.050000000000000044,0.25855374336242676
3526,172291,8.99999999999998,0,101,0.050000000000000044,0.003958182409405708
3527,172392,8.99999999999998,0,101,0.050000000000000044,0.006603254470974207
3528,172493,8.99999999999998,0,101,0.050000000000000044,0.010189911350607872
3529,172594,8.99999999999998,0,101,0.050000000000000044,0.00944141112267971
3530,172641,3.5999999999999996,0,47,0.050000000000000044,0.004612120799720287
3531,172742,8.99999999999998,0,101,0.050000000000000044,0.032253965735435486
3532,172812,5.8999999999999915,0,70,0.050000000000000044,0.010710221715271473
3533,172913,8.99999999999998,0,101,0.050000000000000044,0.030882351100444794
3534,172999,7.499999999999986,0,86,0.050000000000000044,0.012996681034564972
3535,173100,8.99999999999998,0,101,0.050000000000000044,0.00993429496884346
3536,173191,7.999999999999984,0,91,0.050000000000000044,0.0025839677546173334
3537,173279,7.699999999999985,0,88,0.050000000000000044,0.0014574103988707066
3538,173365,7.499999999999986,0,86,0.050000000000000044,0.0025156550109386444
3539,173466,8.99999999999998,0,101,0.050000000000000044,0.008186427876353264
3540,173567,8.99999999999998,0,101,0.050000000000000044,0.01128333993256092
3541,173658,7.999999999999984,0,91,0.050000000000000044,0.0020497352816164494
3542,173759,8.99999999999998,0,101,0.050000000000000044,0.0043204487301409245
3543,173858,8.799999999999981,0,99,0.050000000000000044,0.004042049869894981
3544,173959,8.99999999999998,0,101,0.050000000000000044,0.004304441623389721
3545,174060,8.99999999999998,0,101,0.050000000000000044,0.004466675221920013
3546,174161,8.99999999999998,0,101,0.050000000000000044,0.004076614044606686
3547,174262,8.99999999999998,0,101,0.050000000000000044,0.016307169571518898
3548,174318,4.4999999999999964,0,56,0.050000000000000044,0.005943362135440111
3549,174419,8.99999999999998,0,101,0.050000000000000044,0.0018114927224814892
3550,174520,8.99999999999998,0,101,0.050000000000000044,0.001134403282776475
3551,174621,8.99999999999998,0,101,0.050000000000000044,0.004847084637731314
3552,174722,8.99999999999998,0,101,0.050000000000000044,0.0020817499607801437
3553,174823,8.99999999999998,0,101,0.050000000000000044,0.002106549683958292
3554,174924,8.99999999999998,0,101,0.050000000000000044,0.002083161612972617
3555,175025,8.99999999999998,0,101,0.050000000000000044,0.007852600887417793
3556,175080,4.399999999999997,0,55,0.050000000000000044,0.003783736377954483
3557,175164,7.2999999999999865,0,84,0.050000000000000044,0.0036188452504575253
3558,175265,8.99999999999998,0,101,0.050000000000000044,0.2548498213291168
3559,175366,8.99999999999998,0,101,0.050000000000000044,0.0019501129863783717
3560,175421,4.399999999999997,0,55,0.050000000000000044,0.00238717719912529
3561,175468,3.5999999999999996,0,47,0.050000000000000044,0.0019400529563426971
3562,175569,8.99999999999998,0,101,0.050000000000000044,0.002105681225657463
3563,175668,8.799999999999981,0,99,0.050000000000000044,0.0015197915490716696
3564,175748,6.899999999999988,0,80,0.050000000000000044,0.002905565779656172
3565,175821,6.19999999999999,0,73,0.050000000000000044,0.003279484575614333
3566,175858,2.600000000000002,0,37,0.050000000000000044,0.0011512375203892589
3567,175892,2.3000000000000016,0,34,0.050000000000000044,0.002209637314081192
3568,175993,8.99999999999998,0,101,0.050000000000000044,0.03677693381905556
3569,176094,8.99999999999998,0,101,0.050000000000000044,0.005082719959318638
3570,176195,8.99999999999998,0,101,0.050000000000000044,0.006324676796793938
3571,176296,8.99999999999998,0,101,0.050000000000000044,0.011864027939736843
3572,176397,8.99999999999998,0,101,0.050000000000000044,0.003797726007178426
3573,176498,8.99999999999998,0,101,0.050000000000000044,0.005554685834795237
3574,176560,5.099999999999994,0,62,0.050000000000000044,0.005043032579123974
3575,176661,8.99999999999998,0,101,0.050000000000000044,0.1153181791305542
3576,176762,8.99999999999998,0,101,0.050000000000000044,0.006382446736097336
3577,176799,2.600000000000002,0,37,0.050000000000000044,0.0022205114364624023
3578,176900,8.99999999999998,0,101,0.050000000000000044,0.026599273085594177
3579,177001,8.99999999999998,0,101,0.050000000000000044,0.022307228296995163
3580,177106,9.399999999999979,0,105,0.050000000000000044,0.0028434544801712036
3581,177207,8.99999999999998,0,101,0.050000000000000044,0.005451957695186138
3582,177308,8.99999999999998,0,101,0.050000000000000044,0.004804202821105719
3583,177409,8.99999999999998,0,101,0.050000000000000044,0.015023013576865196
3584,177516,9.599999999999978,0,107,0.050000000000000044,0.0015655688475817442
3585,177557,3.0000000000000018,0,41,0.050000000000000044,0.10716543346643448
3586,177597,2.900000000000002,0,40,0.050000000000000044,0.006204733159393072
3587,177701,9.29999999999998,0,104,0.050000000000000044,0.005405806936323643
3588,177802,8.99999999999998,0,101,0.050000000000000044,0.002869032323360443
3589,177889,7.599999999999985,0,87,0.050000000000000044,0.018160471692681313
3590,177946,4.599999999999996,0,57,0.050000000000000044,0.03205583244562149
3591,178047,8.99999999999998,0,101,0.050000000000000044,0.005220930092036724
3592,178151,9.29999999999998,0,104,0.050000000000000044,0.00966978445649147
3593,178252,8.99999999999998,0,101,0.050000000000000044,0.0009252172894775867
3594,178352,8.89999999999998,0,100,0.050000000000000044,0.002314749639481306
3595,178453,8.99999999999998,0,101,0.050000000000000044,0.0010768839856609702
3596,178554,8.99999999999998,0,101,0.050000000000000044,0.10390161722898483
3597,178655,8.99999999999998,0,101,0.050000000000000044,0.0029359706677496433
3598,178690,2.4000000000000017,0,35,0.050000000000000044,0.00666741281747818
3599,178791,8.99999999999998,0,101,0.050000000000000044,0.001363010611385107
3600,178844,4.1999999999999975,0,53,0.050000000000000044,0.0014793726149946451
3601,178917,6.19999999999999,0,73,0.050000000000000044,0.0014295093715190887
3602,179018,8.99999999999998,0,101,0.050000000000000044,0.004266373813152313
3603,179119,8.99999999999998,0,101,0.050000000000000044,0.0021247577387839556
3604,179220,8.99999999999998,0,101,0.050000000000000044,0.003719647880643606
3605,179321,8.99999999999998,0,101,0.050000000000000044,0.0017377991462126374
3606,179422,8.99999999999998,0,101,0.050000000000000044,0.002892137039452791
3607,179523,8.99999999999998,0,101,0.050000000000000044,0.006663247011601925
3608,179624,8.99999999999998,0,101,0.050000000000000044,0.0008613475365564227
3609,179725,8.99999999999998,0,101,0.050000000000000044,0.03211257606744766
3610,179826,8.99999999999998,0,101,0.050000000000000044,0.005935309454798698
3611,179927,8.99999999999998,0,101,0.050000000000000044,0.018009260296821594
3612,180028,8.99999999999998,0,101,0.050000000000000044,0.004800992086529732
3613,180129,8.99999999999998,0,101,0.050000000000000044,0.0059839654713869095
3614,180230,8.99999999999998,0,101,0.050000000000000044,0.022384891286492348
3615,180283,4.1999999999999975,0,53,0.050000000000000044,0.0031443475745618343
3616,180382,8.799999999999981,0,99,0.050000000000000044,0.06009422987699509
3617,180483,8.99999999999998,0,101,0.050000000000000044,0.051839906722307205
3618,180536,4.1999999999999975,0,53,0.050000000000000044,0.0032108097802847624
3619,180637,8.99999999999998,0,101,0.050000000000000044,0.013145562261343002
3620,180738,8.99999999999998,0,101,0.050000000000000044,0.010122946463525295
3621,180781,3.200000000000001,0,43,0.050000000000000044,0.004597744904458523
3622,180882,8.99999999999998,0,101,0.050000000000000044,0.003909492865204811
3623,180983,8.99999999999998,0,101,0.050000000000000044,0.01367843896150589
3624,181084,8.99999999999998,0,101,0.050000000000000044,0.002818312030285597
3625,181198,11.299999999999976,1,114,0.050000000000000044,0.007504443172365427
3626,181299,8.99999999999998,0,101,0.050000000000000044,0.002647276036441326
3627,181400,8.99999999999998,0,101,0.050000000000000044,0.0030369379092007875
3628,181501,8.99999999999998,0,101,0.050000000000000044,0.012773470021784306
3629,181602,8.99999999999998,0,101,0.050000000000000044,0.00208137184381485
3630,181703,8.99999999999998,0,101,0.050000000000000044,0.001405127695761621
3631,181812,9.799999999999978,0,109,0.050000000000000044,0.009944058954715729
3632,181913,8.99999999999998,0,101,0.050000000000000044,0.0065287998877465725
3633,182014,8.99999999999998,0,101,0.050000000000000044,0.0041601695120334625
3634,182115,8.99999999999998,0,101,0.050000000000000044,0.0029810171108692884
3635,182216,8.99999999999998,0,101,0.050000000000000044,0.004629652015864849
3636,182317,8.99999999999998,0,101,0.050000000000000044,0.004410991445183754
3637,182418,8.99999999999998,0,101,0.050000000000000044,0.0026849182322621346
3638,182519,8.99999999999998,0,101,0.050000000000000044,0.0012685870751738548
3639,182620,8.99999999999998,0,101,0.050000000000000044,0.0021746130660176277
3640,182721,8.99999999999998,0,101,0.050000000000000044,0.003747187554836273
3641,182818,8.599999999999982,0,97,0.050000000000000044,0.017252322286367416
3642,182915,8.599999999999982,0,97,0.050000000000000044,0.0037755039520561695
3643,183016,8.99999999999998,0,101,0.050000000000000044,0.0059431795962154865
3644,183117,8.99999999999998,0,101,0.050000000000000044,0.004051242023706436
3645,183218,8.99999999999998,0,101,0.050000000000000044,0.0023964529391378164
3646,183319,8.99999999999998,0,101,0.050000000000000044,0.003854504320770502
3647,183420,8.99999999999998,0,101,0.050000000000000044,0.007170775905251503
3648,183521,8.99999999999998,0,101,0.050000000000000044,0.0027147855143994093
3649,183622,8.99999999999998,0,101,0.050000000000000044,0.06682895123958588
3650,183723,8.99999999999998,0,101,0.050000000000000044,0.001816698582842946
3651,183824,8.99999999999998,0,101,0.050000000000000044,0.002879098057746887
3652,183894,5.8999999999999915,0,70,0.050000000000000044,0.0037355604581534863
3653,183995,8.99999999999998,0,101,0.050000000000000044,0.0021246534306555986
3654,184096,8.99999999999998,0,101,0.050000000000000044,0.002652793424203992
3655,184197,8.99999999999998,0,101,0.050000000000000044,0.0013003491330891848
3656,184298,8.99999999999998,0,101,0.050000000000000044,0.001383708557114005
3657,184399,8.99999999999998,0,101,0.050000000000000044,0.0014319953043013811
3658,184500,8.99999999999998,0,101,0.050000000000000044,0.003000957891345024
3659,184601,8.99999999999998,0,101,0.050000000000000044,0.0013400544412434101
3660,184702,8.99999999999998,0,101,0.050000000000000044,0.003890735562890768
3661,184803,8.99999999999998,0,101,0.050000000000000044,0.0029333624988794327
3662,184906,9.19999999999998,0,103,0.050000000000000044,0.002542586298659444
3663,185007,8.99999999999998,0,101,0.050000000000000044,0.006814624648541212
3664,185108,8.99999999999998,0,101,0.050000000000000044,0.000811633886769414
3665,185209,8.99999999999998,0,101,0.050000000000000044,0.0010920013301074505
3666,185310,8.99999999999998,0,101,0.050000000000000044,0.006396867800503969
3667,185411,8.99999999999998,0,101,0.050000000000000044,0.004992298781871796
3668,185512,8.99999999999998,0,101,0.050000000000000044,0.0017641375306993723
3669,185613,8.99999999999998,0,101,0.050000000000000044,0.002145238686352968
3670,185714,8.99999999999998,0,101,0.050000000000000044,0.0011020652018487453
3671,185815,8.99999999999998,0,101,0.050000000000000044,0.017275109887123108
3672,185916,8.99999999999998,0,101,0.050000000000000044,0.012566887773573399
3673,186017,8.99999999999998,0,101,0.050000000000000044,0.011937985196709633
3674,186117,8.89999999999998,0,100,0.050000000000000044,0.0021029706113040447
3675,186223,9.499999999999979,0,106,0.050000000000000044,0.09771086275577545
3676,186315,8.099999999999984,0,92,0.050000000000000044,0.004341108724474907
3677,186416,8.99999999999998,0,101,0.050000000000000044,0.0012176588643342257
3678,186520,9.29999999999998,0,104,0.050000000000000044,0.0016671862686052918
3679,186625,9.399999999999979,0,105,0.050000000000000044,0.0016411005053669214
3680,186726,8.99999999999998,0,101,0.050000000000000044,0.0011682743206620216
3681,186827,8.99999999999998,0,101,0.050000000000000044,0.007994151674211025
3682,186928,8.99999999999998,0,101,0.050000000000000044,0.0025675096549093723
3683,187029,8.99999999999998,0,101,0.050000000000000044,0.03131973743438721
3684,187130,8.99999999999998,0,101,0.050000000000000044,0.008569523692131042
3685,187231,8.99999999999998,0,101,0.050000000000000044,0.002394867828115821
3686,187332,8.99999999999998,0,101,0.050000000000000044,0.0028430032543838024
3687,187433,8.99999999999998,0,101,0.050000000000000044,0.0032146538142114878
3688,187535,9.09999999999998,0,102,0.050000000000000044,0.0029488555155694485
3689,187636,8.99999999999998,0,101,0.050000000000000044,0.0011186946649104357
3690,187737,8.99999999999998,0,101,0.050000000000000044,0.025873905047774315
3691,187838,8.99999999999998,0,101,0.050000000000000044,0.002886270871385932
3692,187939,8.99999999999998,0,101,0.050000000000000044,0.0008899184758774936
3693,188040,8.99999999999998,0,101,0.050000000000000044,0.0028438023291528225
3694,188141,8.99999999999998,0,101,0.050000000000000044,0.005397258326411247
3695,188242,8.99999999999998,0,101,0.050000000000000044,0.0023165475577116013
3696,188344,9.09999999999998,0,102,0.050000000000000044,0.006109990179538727
3697,188445,8.99999999999998,0,101,0.050000000000000044,0.0015704506076872349
3698,188546,8.99999999999998,0,101,0.050000000000000044,0.0024493408855050802
3699,188647,8.99999999999998,0,101,0.050000000000000044,0.006282178685069084
3700,188748,8.99999999999998,0,101,0.050000000000000044,0.0035680688451975584
3701,188849,8.99999999999998,0,101,0.050000000000000044,0.0009584471699781716
3702,188941,8.099999999999984,0,92,0.050000000000000044,0.0022135023027658463
3703,189042,8.99999999999998,0,101,0.050000000000000044,0.0022746832109987736
3704,189143,8.99999999999998,0,101,0.050000000000000044,0.002696356736123562
3705,189244,8.99999999999998,0,101,0.050000000000000044,0.011301159858703613
3706,189345,8.99999999999998,0,101,0.050000000000000044,0.039256591349840164
3707,189451,9.499999999999979,0,106,0.050000000000000044,0.0019595210906118155
3708,189552,8.99999999999998,0,101,0.050000000000000044,0.001524175750091672
3709,189653,8.99999999999998,0,101,0.050000000000000044,0.0007879429613240063
3710,189754,8.99999999999998,0,101,0.050000000000000044,0.017597554251551628
3711,189855,8.99999999999998,0,101,0.050000000000000044,0.004994763061404228
3712,189956,8.99999999999998,0,101,0.050000000000000044,0.006786145735532045
3713,190041,7.399999999999986,0,85,0.050000000000000044,0.008645226247608662
3714,190142,8.99999999999998,0,101,0.050000000000000044,0.004937849938869476
3715,190243,8.99999999999998,0,101,0.050000000000000044,0.007453644648194313
3716,190347,9.29999999999998,0,104,0.050000000000000044,0.0012444742023944855
3717,190448,8.99999999999998,0,101,0.050000000000000044,0.005220182240009308
3718,190549,8.99999999999998,0,101,0.050000000000000044,0.02363552339375019
3719,190650,8.99999999999998,0,101,0.050000000000000044,0.0044113462790846825
3720,190751,8.99999999999998,0,101,0.050000000000000044,0.0018735218327492476
3721,190821,5.8999999999999915,0,70,0.050000000000000044,0.07102014869451523
3722,190922,8.99999999999998,0,101,0.050000000000000044,0.0012702265521511436
3723,191012,7.899999999999984,0,90,0.050000000000000044,0.0046385666355490685
3724,191113,8.99999999999998,0,101,0.050000000000000044,0.0032837640028446913
3725,191214,8.99999999999998,0,101,0.050000000000000044,0.001488815643824637
3726,191315,8.99999999999998,0,101,0.050000000000000044,0.0052455710247159
3727,191416,8.99999999999998,0,101,0.050000000000000044,0.0007757535204291344
3728,191517,8.99999999999998,0,101,0.050000000000000044,0.0019043309148401022
3729,191618,8.99999999999998,0,101,0.050000000000000044,0.003843393875285983
3730,191719,8.99999999999998,0,101,0.050000000000000044,0.00270720268599689
3731,191802,7.199999999999987,0,83,0.050000000000000044,0.002491357270628214
3732,191903,8.99999999999998,0,101,0.050000000000000044,0.00463399663567543
3733,192003,8.89999999999998,0,100,0.050000000000000044,0.015247218310832977
3734,192104,8.99999999999998,0,101,0.050000000000000044,0.003197259269654751
3735,192205,8.99999999999998,0,101,0.050000000000000044,0.0013729913625866175
3736,192306,8.99999999999998,0,101,0.050000000000000044,0.0033911317586898804
3737,192407,8.99999999999998,0,101,0.050000000000000044,0.0047014812007546425
3738,192517,9.899999999999977,0,110,0.050000000000000044,0.008748962543904781
3739,192618,8.99999999999998,0,101,0.050000000000000044,0.05907712131738663
3740,192719,8.99999999999998,0,101,0.050000000000000044,0.006820744834840298
3741,192820,8.99999999999998,0,101,0.050000000000000044,0.002136916620656848
3742,192921,8.99999999999998,0,101,0.050000000000000044,0.0021648129913955927
3743,193026,9.399999999999979,0,105,0.050000000000000044,0.005131490994244814
3744,193127,8.99999999999998,0,101,0.050000000000000044,0.0023417281918227673
3745,193228,8.99999999999998,0,101,0.050000000000000044,0.007922681048512459
3746,193329,8.99999999999998,0,101,0.050000000000000044,0.0017797641921788454
3747,193430,8.99999999999998,0,101,0.050000000000000044,0.0024142260663211346
3748,193531,8.99999999999998,0,101,0.050000000000000044,0.00141909287776798
3749,193632,8.99999999999998,0,101,0.050000000000000044,0.003798473859205842
3750,193733,8.99999999999998,0,101,0.050000000000000044,0.002146486658602953
3751,193834,8.99999999999998,0,101,0.050000000000000044,0.0037438496947288513
3752,193928,8.299999999999983,0,94,0.050000000000000044,0.002173218410462141
3753,194029,8.99999999999998,0,101,0.050000000000000044,0.004227455239742994
3754,194137,9.699999999999978,0,108,0.050000000000000044,0.0030785766430199146
3755,194217,6.899999999999988,0,80,0.050000000000000044,0.004202526994049549
3756,194318,8.99999999999998,0,101,0.050000000000000044,0.0010087871924042702
3757,194419,8.99999999999998,0,101,0.050000000000000044,0.20486439764499664
3758,194504,7.399999999999986,0,85,0.050000000000000044,0.0008155762916430831
3759,194605,8.99999999999998,0,101,0.050000000000000044,0.004284648224711418
3760,194706,8.99999999999998,0,101,0.050000000000000044,0.002029363065958023
3761,194807,8.99999999999998,0,101,0.050000000000000044,0.0020146695896983147
3762,194893,7.499999999999986,0,86,0.050000000000000044,0.0009729714365676045
3763,194994,8.99999999999998,0,101,0.050000000000000044,0.0022963511291891336
3764,195084,7.899999999999984,0,90,0.050000000000000044,0.004413227550685406
3765,195180,8.499999999999982,0,96,0.050000000000000044,0.0017396046314388514
3766,195281,8.99999999999998,0,101,0.050000000000000044,0.0024817546363919973
3767,195368,7.599999999999985,0,87,0.050000000000000044,0.002126195002347231
3768,195469,8.99999999999998,0,101,0.050000000000000044,0.007555716205388308
3769,195522,4.1999999999999975,0,53,0.050000000000000044,0.0021309256553649902
3770,195604,7.099999999999987,0,82,0.050000000000000044,0.0015062190359458327
3771,195675,5.999999999999991,0,71,0.050000000000000044,0.0027451063506305218
3772,195777,9.09999999999998,0,102,0.050000000000000044,0.002568583469837904
3773,195878,8.99999999999998,0,101,0.050000000000000044,0.0035970641765743494
3774,195959,6.999999999999988,0,81,0.050000000000000044,0.003784425090998411
3775,196057,8.699999999999982,0,98,0.050000000000000044,0.0020607151091098785
3776,196158,8.99999999999998,0,101,0.050000000000000044,0.018417786806821823
3777,196248,7.899999999999984,0,90,0.050000000000000044,0.0016943053342401981
3778,196345,8.599999999999982,0,97,0.050000000000000044,0.001457782695069909
3779,196425,6.899999999999988,0,80,0.050000000000000044,0.0010273270308971405
3780,196499,6.29999999999999,0,74,0.050000000000000044,0.0064475396648049355
3781,196600,8.99999999999998,0,101,0.050000000000000044,0.0016508132684975863
3782,196701,8.99999999999998,0,101,0.050000000000000044,0.00177525426261127
3783,196802,8.99999999999998,0,101,0.050000000000000044,0.0022430631797760725
3784,196903,8.99999999999998,0,101,0.050000000000000044,0.0007221022387966514
3785,196990,7.599999999999985,0,87,0.050000000000000044,0.0014071250334382057
3786,197091,8.99999999999998,0,101,0.050000000000000044,0.0033619070891290903
3787,197192,8.99999999999998,0,101,0.050000000000000044,0.0013024299405515194
3788,197277,7.399999999999986,0,85,0.050000000000000044,0.0033740762155503035
3789,197335,4.699999999999996,0,58,0.050000000000000044,0.0020285609643906355
3790,197433,8.699999999999982,0,98,0.050000000000000044,0.01925479993224144
3791,197533,8.89999999999998,0,100,0.050000000000000044,0.002493057632818818
3792,197604,5.999999999999991,0,71,0.050000000000000044,0.01332771871238947
3793,197695,7.999999999999984,0,91,0.050000000000000044,0.0013778397114947438
3794,197796,8.99999999999998,0,101,0.050000000000000044,0.0022277692332863808
3795,197897,8.99999999999998,0,101,0.050000000000000044,0.005486051086336374
3796,197948,3.9999999999999982,0,51,0.050000000000000044,0.012972941622138023
3797,198007,4.799999999999995,0,59,0.050000000000000044,0.003653664607554674
3798,198062,4.399999999999997,0,55,0.050000000000000044,0.0016022042836993933
3799,198127,5.399999999999993,0,65,0.050000000000000044,0.0030560754239559174
3800,198222,8.399999999999983,0,95,0.050000000000000044,0.0023078967351466417
3801,198293,5.999999999999991,0,71,0.050000000000000044,0.01615561731159687
3802,198370,6.599999999999989,0,77,0.050000000000000044,0.001593144959770143
3803,198471,8.99999999999998,0,101,0.050000000000000044,0.0015898493584245443
3804,198544,6.19999999999999,0,73,0.050000000000000044,0.011429821141064167
3805,198645,8.99999999999998,0,101,0.050000000000000044,0.0021645184606313705
3806,198741,8.499999999999982,0,96,0.050000000000000044,0.0016646372387185693
3807,198842,8.99999999999998,0,101,0.050000000000000044,0.0010988899739459157
3808,198943,8.99999999999998,0,101,0.050000000000000044,0.0024393766652792692
3809,199037,8.299999999999983,0,94,0.050000000000000044,0.0039023924618959427
3810,199138,8.99999999999998,0,101,0.050000000000000044,0.0019354831892997026
3811,199207,5.799999999999992,0,69,0.050000000000000044,0.005288993939757347
3812,199284,6.599999999999989,0,77,0.050000000000000044,0.007555284537374973
3813,199339,4.399999999999997,0,55,0.050000000000000044,0.001689413096755743
3814,199423,7.2999999999999865,0,84,0.050000000000000044,0.002716063056141138
3815,199461,2.700000000000002,0,38,0.050000000000000044,0.001000251853838563
3816,199521,4.899999999999995,0,60,0.050000000000000044,0.003241306869313121
3817,199576,4.399999999999997,0,55,0.050000000000000044,0.0027982634492218494
3818,199629,4.1999999999999975,0,53,0.050000000000000044,0.004998408257961273
3819,199682,4.1999999999999975,0,53,0.050000000000000044,0.0038716732524335384
3820,199742,4.899999999999995,0,60,0.050000000000000044,0.0015232088044285774
3821,199782,2.900000000000002,0,40,0.050000000000000044,0.0029854390304535627
3822,199839,4.599999999999996,0,57,0.050000000000000044,0.00225461577065289
3823,199905,5.499999999999993,0,66,0.050000000000000044,0.007079035509377718
