episode,step,reward,score,length,epsilon,loss
1,101,8.409754996093746,0,101,0.04997306666666667,nan
2,238,12.672011232421875,1,137,0.04993653333333334,nan
3,387,15.159901521484372,2,149,0.049896800000000005,nan
4,488,8.375111553710937,0,101,0.04986986666666667,nan
5,589,8.034153164062499,0,101,0.04984293333333334,nan
6,837,26.788073696289057,4,248,0.0497768,nan
7,865,1.5382090615234372,0,28,0.04976933333333334,nan
8,973,8.896661259765624,0,108,0.04974053333333334,nan
9,1049,5.778618449218749,0,76,0.04972026666666667,nan
10,1154,8.711421490234377,0,105,0.04969226666666667,nan
11,1345,19.908432712890637,3,191,0.049641333333333336,nan
12,1487,13.451548324218749,1,142,0.04960346666666667,nan
13,1588,8.07528078027344,0,101,0.04957653333333334,nan
14,1850,29.180512046874988,5,262,0.04950666666666667,nan
15,1965,10.540949437500004,1,115,0.049476000000000006,nan
16,1995,1.7190882216796877,0,30,0.049468000000000005,nan
17,2114,11.100496624023439,1,119,0.04943626666666667,0.0023558291140943766
18,2217,8.675137760742187,0,103,0.0494088,0.019577492028474808
19,2444,24.419280879882823,4,227,0.04934826666666667,0.009994832798838615
20,2581,12.794941616210943,1,137,0.04931173333333334,0.005677537061274052
21,2701,11.438784779296878,1,120,0.04927973333333334,0.0021545137278735638
22,2816,10.796356641601562,1,115,0.04924906666666667,0.15219399333000183
23,2953,12.69804581152344,1,137,0.049212533333333336,0.018408868461847305
24,2993,2.57141880859375,0,40,0.04920186666666667,0.003922149073332548
25,3354,41.1317027158203,7,361,0.0491056,0.002998707816004753
26,3474,11.14692717871094,1,120,0.0490736,0.006613215431571007
27,3611,12.829985087890622,1,137,0.04903706666666667,0.19078008830547333
28,3829,22.674175445312507,3,218,0.048978933333333335,0.0069460030645132065
29,4225,45.12150546777342,8,396,0.04887333333333334,0.00710113113746047
30,4376,15.336983107421876,2,151,0.04883306666666667,0.005387186072766781
31,4477,8.001070590820316,0,101,0.048806133333333335,0.04341669753193855
32,4614,12.489530530273438,1,137,0.0487696,0.020946603268384933
33,4681,5.168703122070312,0,67,0.04875173333333334,0.01637577824294567
34,4871,20.15838587890626,3,190,0.04870106666666667,0.012932773679494858
35,4913,2.7481994951171878,0,42,0.04868986666666667,0.001473806332796812
36,4986,5.365042264648438,0,73,0.0486704,0.0025555843021720648
37,5094,9.233592824218752,0,108,0.0486416,0.026441054418683052
38,5210,10.445457875,1,116,0.04861066666666667,0.003988073207437992
39,5316,8.800274315429688,0,106,0.048582400000000005,0.0026196781545877457
40,5421,8.741294592773437,0,105,0.048554400000000005,0.0026960440445691347
41,5522,7.978773426757813,0,101,0.04852746666666667,0.0137788075953722
42,5602,5.944543070312502,0,80,0.04850613333333333,0.005020499229431152
43,5776,17.297042445312496,2,174,0.04845973333333334,0.008350841701030731
44,5969,20.13041177050782,3,193,0.04840826666666667,0.007101037539541721
45,6143,17.2128360703125,2,174,0.04836186666666667,0.004144130740314722
46,6244,8.248970698242186,0,101,0.04833493333333334,0.003105271840468049
47,6357,10.747280724609377,1,113,0.0483048,0.0019225324504077435
48,6458,8.174500307617189,0,101,0.04827786666666667,0.002308933064341545
49,6595,12.534768441406257,1,137,0.04824133333333334,0.0042874752543866634
50,6732,12.76048952832032,1,137,0.048204800000000006,0.00435276236385107
51,6838,8.701643455078127,0,106,0.048176533333333334,0.002419188152998686
52,6890,3.532224460937501,0,52,0.048162666666666666,0.020494122058153152
53,7107,22.300131147460938,3,217,0.0481048,0.007402186281979084
54,7226,11.350017799804679,1,119,0.04807306666666667,0.0036524939350783825
55,7347,11.522913077148447,1,121,0.0480408,0.004667569883167744
56,7456,9.154923097656251,0,109,0.048011733333333334,0.0219634510576725
57,7574,11.282940445312502,1,118,0.04798026666666667,0.007508439477533102
58,7900,36.53371301953123,6,326,0.047893333333333336,0.027847975492477417
59,7935,2.2181770761718753,0,35,0.047884,0.1740441769361496
60,8039,8.579791953125,0,104,0.04785626666666667,0.0055101956240832806
61,8213,17.772747102539064,2,174,0.04780986666666667,0.006957239471375942
62,8358,13.596512490234382,1,145,0.0477712,0.004984814673662186
63,8476,10.853758924804689,1,118,0.04773973333333334,0.0032770368270576
64,8577,7.60896077734375,0,101,0.0477128,0.0036695734597742558
65,8687,9.048533006835937,0,110,0.04768346666666667,0.006021516863256693
66,8835,14.989411035156257,2,148,0.047644000000000006,0.003921288065612316
67,8986,15.300800705078128,2,151,0.047603733333333335,0.0017222319729626179
68,9168,18.259986525390616,2,182,0.047555200000000006,0.00237806118093431
69,9342,16.91148070214843,2,174,0.047508800000000004,0.0068367114290595055
70,9479,12.922531640624996,1,137,0.04747226666666667,0.20631760358810425
71,9538,4.109255611328127,0,59,0.047456533333333335,0.005144014023244381
72,9712,17.394340934570312,2,174,0.04741013333333333,0.0017885923152789474
73,9903,20.094633442382797,3,191,0.047359200000000004,0.3785284757614136
74,10040,12.777890777343753,1,137,0.04732266666666667,0.005560171790421009
75,10177,12.996508717773438,1,137,0.047286133333333334,0.03213813528418541
76,10294,10.966885696289065,1,117,0.04725493333333334,0.0044023217633366585
77,10480,19.522139541992193,3,186,0.047205333333333335,0.012796484865248203
78,10637,15.824004413085941,2,157,0.04716346666666667,0.16759668290615082
79,10751,10.770378554687504,1,114,0.04713306666666667,0.00801957305520773
80,10946,20.599337617187494,3,195,0.04708106666666667,0.0021848513279110193
81,11051,8.539721371093753,0,105,0.04705306666666667,0.19469057023525238
82,11152,8.285582295898438,0,101,0.04702613333333334,0.10439638048410416
83,11263,9.014903901367182,0,111,0.04699653333333333,0.0814497247338295
84,11492,24.937268518554685,4,229,0.04693546666666667,0.009348051622509956
85,11630,13.1423824140625,1,138,0.04689866666666667,0.016890227794647217
86,11749,11.213386952148435,1,119,0.04686693333333333,0.003135805716738105
87,11850,7.828752015624998,0,101,0.04684,0.026688814163208008
88,11951,8.429088124023442,0,101,0.04681306666666667,0.0023004221729934216
89,12105,15.717746558593749,2,154,0.046772,0.001102292793802917
90,12214,9.180743954101558,0,109,0.046742933333333334,0.0037802879232913256
91,12315,8.018408806640627,0,101,0.046716,0.003554654773324728
92,12453,12.806468865234377,1,138,0.046679200000000004,0.18560127913951874
93,12627,17.119624613281246,2,174,0.0466328,0.003340447088703513
94,12764,12.843706703124997,1,137,0.04659626666666667,0.01634547859430313
95,12913,14.933119936523441,2,149,0.04655653333333334,0.016240308061242104
96,12975,4.649964717773437,0,62,0.046540000000000005,0.0024984977208077908
97,13115,13.234556625976563,1,140,0.04650266666666667,0.0010876667220145464
98,13216,8.319350595703126,0,101,0.04647573333333334,0.008781228214502335
99,13250,2.143159754882813,0,34,0.04646666666666667,0.0029479251243174076
100,13326,6.075089312500001,0,76,0.046446400000000006,0.003476481419056654
101,13427,8.153140994140626,0,101,0.04641946666666667,0.01690935343503952
102,13531,8.30930713183594,0,104,0.04639173333333334,0.004110713489353657
103,13632,8.419112168945315,0,101,0.046364800000000005,0.0016852933913469315
104,13733,8.174201820312504,0,101,0.04633786666666667,0.023558441549539566
105,13845,10.455978718749998,1,112,0.046308,0.01548095978796482
106,13946,8.044823557617189,0,101,0.04628106666666667,0.002219586167484522
107,14211,29.508234246093746,5,265,0.046210400000000006,0.007951609790325165
108,14355,13.126565893554691,1,144,0.046172000000000005,0.003296604845672846
109,14492,12.824589500976556,1,137,0.046135466666666666,0.001288316329009831
110,14529,2.4207569316406254,0,37,0.0461256,0.00455230288207531
111,14648,11.196973142578123,1,119,0.04609386666666667,0.01598348282277584
112,14764,10.873446928710935,1,116,0.046062933333333334,0.0040159281343221664
113,14974,21.5628455234375,3,210,0.04600693333333333,0.03585987910628319
114,15117,13.651411821289061,1,143,0.045968800000000004,0.0071167657151818275
115,15218,8.267935188476564,0,101,0.04594186666666667,0.011011829599738121
116,15466,26.678564338867186,4,248,0.045875733333333335,0.004128741100430489
117,15676,22.298031520507813,3,210,0.045819733333333335,0.013648450374603271
118,15790,10.612376855468751,1,114,0.045789333333333335,0.005586610641330481
119,15847,4.0439892851562504,0,57,0.045774133333333335,0.0052007813937962055
120,15948,8.293600586914062,0,101,0.0457472,0.002383887069299817
121,16049,8.495076235351558,0,101,0.04572026666666667,0.00611454714089632
122,16091,2.8932945322265637,0,42,0.04570906666666667,0.011475126259028912
123,16301,21.828657787109368,3,210,0.04565306666666667,0.0029951883479952812
124,16334,1.8402827265625001,0,33,0.04564426666666667,0.002294362522661686
125,16381,3.0422344189453128,0,47,0.045631733333333334,0.005635600537061691
126,16420,2.4594225185546867,0,39,0.04562133333333333,0.0051686521619558334
127,16594,17.54524420800782,2,174,0.04557493333333334,0.003960126079618931
128,16631,2.2768144902343748,0,37,0.04556506666666667,0.017949391156435013
129,16732,8.522807178710934,0,101,0.045538133333333335,0.0018650905694812536
130,16770,2.4836748476562502,0,38,0.045528,0.0015779419336467981
131,16881,9.124211528320314,0,111,0.0454984,0.021394269540905952
132,17239,40.64708590136719,7,358,0.04540293333333334,0.18364590406417847
133,17272,1.8627404423828127,0,33,0.045394133333333336,0.02111673913896084
134,17387,10.651075009765629,1,115,0.04536346666666667,0.0009970227256417274
135,17435,3.0318301171875,0,48,0.04535066666666667,0.0026424387469887733
136,17572,12.989881688476562,1,137,0.04531413333333334,0.010001816786825657
137,17620,3.4301904355468746,0,48,0.04530133333333333,0.006442816462367773
138,17721,7.667028478515627,0,101,0.045274400000000006,0.02000366896390915
139,17781,4.267522809570312,0,60,0.045258400000000004,0.0036103306338191032
140,17929,14.966348787109379,2,148,0.045218933333333336,0.08697804808616638
141,17992,4.521708165039064,0,63,0.04520213333333334,0.0031675363425165415
142,18041,3.5884834228515627,0,49,0.045189066666666666,0.19293846189975739
143,18271,24.979091686523425,4,230,0.045127733333333336,0.004742842633277178
144,18456,18.263616974609384,2,185,0.045078400000000005,0.004614063072949648
145,18865,47.71107784179689,9,409,0.04496933333333333,0.005952959880232811
146,19049,18.284574651367187,2,184,0.04492026666666667,0.1946263313293457
147,19203,15.45368014160157,2,154,0.0448792,0.003560479963198304
148,19243,2.5046579970703133,0,40,0.044868533333333335,0.19766488671302795
149,19287,2.942954182617188,0,44,0.0448568,0.008097696118056774
150,19591,34.21175420898437,6,304,0.04477573333333334,0.03691628575325012
151,19692,8.390001650390627,0,101,0.044748800000000005,0.01600002683699131
152,19793,8.470188853515623,0,101,0.044721866666666665,0.003601293545216322
153,19981,20.119835556640624,3,188,0.04467173333333334,0.004536664113402367
154,20096,10.17615661230469,1,115,0.044641066666666666,0.04746922478079796
155,20151,3.888256098632813,0,55,0.044626400000000004,0.008104458451271057
156,20224,5.742604816406252,0,73,0.044606933333333335,0.00905056856572628
157,20325,7.796482664062502,0,101,0.04458,0.01539936475455761
158,20437,10.464834214843757,1,112,0.04455013333333334,0.12443959712982178
159,20582,13.91716314746094,1,145,0.044511466666666666,0.0030585569329559803
160,20683,8.58563749707031,0,101,0.04448453333333334,0.017770111560821533
161,20802,11.367185781249995,1,119,0.0444528,0.37344396114349365
162,20923,11.531952783203122,1,121,0.04442053333333334,0.00285306666046381
163,21072,14.995417619140628,2,149,0.044380800000000005,0.00371363153681159
164,21103,1.7732974423828125,0,31,0.04437253333333334,0.0074440790340304375
165,21240,13.08485366992188,1,137,0.044336,0.04114523157477379
166,21501,29.047655021484392,5,261,0.044266400000000004,0.04546668380498886
167,21602,8.187388082031251,0,101,0.04423946666666667,0.005708359181880951
168,21703,7.74076271191406,0,101,0.04421253333333334,0.00644526956602931
169,21898,20.69914020410156,3,195,0.044160533333333335,0.0039286259561777115
170,22019,11.453633087890633,1,121,0.044128266666666666,0.01126512698829174
171,22250,25.29823196386721,4,231,0.04406666666666667,0.0027440900448709726
172,22428,18.03124163085938,2,178,0.0440192,0.0054672337137162685
173,22484,4.131168685546874,0,56,0.044004266666666667,0.0030177170410752296
174,22604,11.45566862207032,1,120,0.04397226666666667,0.010630853474140167
175,22660,4.185109868164064,0,56,0.043957333333333334,0.004309666808694601
176,22781,11.61530434277344,1,121,0.04392506666666667,0.00851602666079998
177,23006,24.643975561523433,4,225,0.04386506666666667,0.0019150085281580687
178,23124,11.220425169921876,1,118,0.0438336,0.012513135559856892
179,23464,38.7218653984375,7,340,0.04374293333333334,0.1939437836408615
180,23585,11.387751017578125,1,121,0.04371066666666667,0.005918131209909916
181,23622,2.2754883505859382,0,37,0.043700800000000005,0.0024878690019249916
182,23667,3.061503657226563,0,45,0.0436888,0.009322461672127247
183,23760,6.956425275390625,0,93,0.043664,0.05320241302251816
184,24026,29.690043005859376,5,266,0.043593066666666666,0.005994585808366537
185,24214,19.912626024414063,3,188,0.04354293333333334,0.11466018855571747
186,24356,13.6973721796875,1,142,0.04350506666666667,0.021173644810914993
187,24398,2.9099912402343753,0,42,0.04349386666666667,0.007407017983496189
188,24541,13.527414903320322,1,143,0.043455733333333336,0.015935176983475685
189,24575,2.0910038945312497,0,34,0.04344666666666667,0.013109814375638962
190,24897,35.913903117187516,6,322,0.043360800000000005,0.03897673264145851
191,25041,13.114337063476565,1,144,0.043322400000000004,0.1966148167848587
192,25158,10.817529025390629,1,117,0.0432912,0.0007371805841103196
193,25198,2.732092857421875,0,40,0.043280533333333336,0.01012696884572506
194,25297,8.388207289062494,0,99,0.04325413333333333,0.16751191020011902
195,25352,4.134197460937497,0,55,0.04323946666666667,0.0033390307798981667
196,25526,17.77574128320313,2,174,0.04319306666666667,0.0026867492124438286
197,25645,11.317577693359379,1,119,0.043161333333333336,0.004318941850215197
198,25686,2.7537874990234377,0,41,0.043150400000000005,0.010317066684365273
199,25841,15.623350471679686,2,155,0.04310906666666667,0.01318721380084753
200,25994,15.577883310546877,2,153,0.04306826666666667,0.0011431386228650808
201,26095,8.314795897460938,0,101,0.043041333333333334,0.0051547386683523655
202,26196,8.652333387695313,0,101,0.0430144,0.023722151294350624
203,26389,20.76258210644531,3,193,0.042962933333333335,0.12427759915590286
204,26509,11.602648828124998,1,120,0.04293093333333334,0.19597123563289642
205,26622,10.639759940429688,1,113,0.0429008,0.002231649123132229
206,26665,2.8394782421875004,0,43,0.042889333333333335,0.012024251744151115
207,26772,9.073721693359378,0,107,0.042860800000000004,0.003541337326169014
208,26801,1.6271318427734371,0,29,0.04285306666666667,0.014913821592926979
209,26956,15.649990544921884,2,155,0.04281173333333334,0.022875070571899414
210,26987,1.8416871914062507,0,31,0.04280346666666667,0.0022376091219484806
211,27016,1.6344115097656253,0,29,0.042795733333333336,0.032096054404973984
212,27196,18.241584591796872,2,180,0.042747733333333336,0.09025511890649796
213,27493,33.74964449414061,6,297,0.042668533333333335,0.009998521767556667
214,27630,13.136822364257808,1,137,0.042632,0.004785341210663319
215,27743,10.697439378906251,1,113,0.04260186666666667,0.008950397372245789
216,27861,11.013851920898437,1,118,0.0425704,0.0055673373863101006
217,27928,5.252527272460939,0,67,0.04255253333333334,0.10816673934459686
218,28083,15.936309781249996,2,155,0.0425112,0.0010217700619250536
219,28123,2.6681808691406257,0,40,0.04250053333333333,0.001970154233276844
220,28228,8.745253865234377,0,105,0.04247253333333333,0.16284340620040894
221,28261,1.9573547656250003,0,33,0.04246373333333334,0.011127397418022156
222,28313,3.87177851171875,0,52,0.04244986666666667,0.010091920383274555
223,28434,11.502135509765624,1,121,0.0424176,0.19801022112369537
224,28571,12.877037173828121,1,137,0.04238106666666667,0.04136461764574051
225,28691,11.507149013671876,1,120,0.04234906666666667,0.048760514706373215
226,28901,22.223714737304697,3,210,0.04229306666666667,0.003075565444305539
227,29021,11.422227026367189,1,120,0.042261066666666666,0.1449430137872696
228,29080,4.272575690429687,0,59,0.042245333333333336,0.01987401396036148
229,29196,11.032867250976567,1,116,0.0422144,0.023245466873049736
230,29297,8.65353734082031,0,101,0.04218746666666667,0.004223753232508898
231,29409,10.588986208007814,1,112,0.0421576,0.18442946672439575
232,29565,15.862048450195317,2,156,0.042116,0.0014733460266143084
233,29894,37.02267316308594,6,329,0.04202826666666667,0.00883780512958765
234,29997,8.61101469921875,0,103,0.042000800000000005,0.03393593803048134
235,30039,2.648022124023438,0,42,0.0419896,0.05761079117655754
236,30140,8.421819791015626,0,101,0.04196266666666667,0.04903440549969673
237,30256,10.918612896484376,1,116,0.04193173333333333,0.023670731112360954
238,30307,3.6133207138671883,0,51,0.041918133333333336,0.004891212098300457
239,30428,11.43439097070312,1,121,0.04188586666666667,0.0098455511033535
240,30576,14.769322911132818,2,148,0.041846400000000006,0.01266163494437933
241,30719,13.872475053710932,1,143,0.04180826666666667,0.07667892426252365
242,30830,9.592834333007813,0,111,0.04177866666666667,0.0033799849916249514
243,30967,13.103764692382818,1,137,0.041742133333333334,0.0015568170929327607
244,31081,10.79277849707032,1,114,0.041711733333333334,0.004081204533576965
245,31202,11.54476519140625,1,121,0.04167946666666667,0.0027528698556125164
246,31317,10.93161423535157,1,115,0.0416488,0.005265296436846256
247,31437,11.518450390625008,1,120,0.0416168,0.036155834794044495
248,31574,13.095615378906249,1,137,0.04158026666666667,0.0072363088838756084
249,31711,13.016385494140621,1,137,0.04154373333333333,0.0029111963231116533
250,32224,59.96671418066409,11,513,0.04140693333333334,0.19796229898929596
251,32455,24.837919221679687,4,231,0.04134533333333333,0.006973813287913799
252,32567,10.737738771484372,1,112,0.04131546666666667,0.0048348852433264256
253,32609,2.842753348632813,0,42,0.04130426666666667,0.1831503063440323
254,32710,8.336533305664062,0,101,0.04127733333333333,0.22342385351657867
255,32738,1.5056102060546874,0,28,0.04126986666666667,0.007691587787121534
256,33031,32.240472046875006,5,293,0.041191733333333334,0.005260641686618328
257,33094,4.459883068359375,0,63,0.04117493333333334,0.01014369074255228
258,33126,1.9657030966796873,0,32,0.041166400000000006,0.0035918327048420906
259,33245,11.304732432617188,1,119,0.04113466666666667,0.006608904339373112
260,33366,11.646702625976566,1,121,0.041102400000000004,0.011477929539978504
261,33521,15.853226323242186,2,155,0.041061066666666673,0.0016902878414839506
262,33658,12.963869442382817,1,137,0.041024533333333335,0.15830031037330627
263,33764,8.81931656738281,0,106,0.04099626666666667,0.035299208015203476
264,33795,1.8067232636718749,0,31,0.040988000000000004,0.006066830363124609
265,33901,8.878745041992191,0,106,0.04095973333333334,0.00670617027208209
266,34238,38.60870300683593,7,337,0.04086986666666667,0.0070042856968939304
267,34388,15.418688161132817,2,150,0.04082986666666667,0.004764708690345287
268,34495,9.112580972656248,0,107,0.040801333333333335,0.023234928026795387
269,34632,13.139131335937503,1,137,0.040764800000000004,0.16564449667930603
270,34842,22.027159328125,3,210,0.0407088,0.006031283643096685
271,34990,15.182736410156249,2,148,0.040669333333333335,0.010370155796408653
272,35127,13.04653502050781,1,137,0.040632800000000004,0.004872865974903107
273,35309,18.519571741210935,2,182,0.04058426666666667,0.20641431212425232
274,35417,9.34397878613281,0,108,0.040555466666666665,0.004359357990324497
275,35665,27.015144861328114,4,248,0.040489333333333336,0.0020250165835022926
276,35706,2.77956478515625,0,41,0.040478400000000005,0.0020623444579541683
277,35741,2.26642895703125,0,35,0.04046906666666667,0.004631837364286184
278,35776,2.2317548466796864,0,35,0.04045973333333334,0.0031043768394738436
279,35814,2.324768082031251,0,38,0.0404496,0.005352795124053955
280,35931,11.137636541992185,1,117,0.0404184,0.009006894193589687
281,35973,2.6578903896484367,0,42,0.040407200000000004,0.03926161676645279
282,36110,13.16784699023437,1,137,0.040370666666666666,0.003205335233360529
283,36211,8.353156012695317,0,101,0.04034373333333334,0.004922587424516678
284,36352,13.550390137695318,1,141,0.040306133333333334,0.00386331370100379
285,36489,13.065150089843748,1,137,0.0402696,0.018388137221336365
286,36672,18.56515579199219,2,183,0.0402208,0.020108327269554138
287,36809,13.051167212890629,1,137,0.04018426666666667,0.019659828394651413
288,36843,2.100070495117188,0,34,0.0401752,0.004452617838978767
289,37065,24.43209040820314,4,222,0.040116,0.19238567352294922
290,37275,22.350208154296883,3,210,0.04006,0.0017353097209706903
291,37376,8.402148710937498,0,101,0.04003306666666667,0.005210652947425842
292,37491,10.963726501953124,1,115,0.0400024,0.0639568641781807
293,37628,13.113823244140633,1,137,0.03996586666666667,0.0036261496134102345
294,37785,15.685079727539062,2,157,0.039924,0.0412437878549099
295,37818,1.9363435468749999,0,33,0.0399152,0.00580328144133091
296,37936,11.165939982421877,1,118,0.03988373333333334,0.19465364515781403
297,37970,2.1181779453125,0,34,0.03987466666666667,0.019671771675348282
298,38144,17.54955646191407,2,174,0.03982826666666667,0.0023593215737491846
299,38178,2.1500047783203122,0,34,0.0398192,0.2785763144493103
300,38210,1.9565433710937503,0,32,0.03981066666666667,0.0019352200906723738
301,38240,1.733693214843751,0,30,0.03980266666666667,0.07423979789018631
302,38424,18.79057812695313,2,184,0.0397536,0.016712814569473267
303,38453,1.6386555566406256,0,29,0.03974586666666667,0.002715209499001503
304,38627,17.12682058886719,2,174,0.03969946666666667,0.1730085164308548
305,38748,11.658251197265626,1,121,0.0396672,0.1674480438232422
306,38809,4.6504021777343745,0,61,0.03965093333333333,0.00303821312263608
307,38917,9.395855702148436,0,108,0.03962213333333334,0.0022678780369460583
308,39025,9.379965729492188,0,108,0.039593333333333335,0.004080596379935741
309,39347,36.30303915820317,6,322,0.03950746666666667,0.007724497467279434
310,39376,1.6153757343750006,0,29,0.039499733333333335,0.023019425570964813
311,39484,9.339426003906247,0,108,0.03947093333333333,0.02304293029010296
312,39628,13.723761277343748,1,144,0.03943253333333334,0.001744949957355857
313,39853,24.85645504101562,4,225,0.039372533333333334,0.001713812118396163
314,39961,9.215421987304687,0,108,0.03934373333333334,0.02753235399723053
315,40062,8.69564979882812,0,101,0.0393168,0.0057757277972996235
316,40272,22.385511464843752,3,210,0.0392608,0.0011025379644706845
317,40388,11.235708157226567,1,116,0.03922986666666667,0.002315706107765436
318,40568,18.439311164062495,2,180,0.03918186666666667,0.001769784139469266
319,40681,10.761418270507809,1,113,0.039151733333333334,0.02031209133565426
320,40798,11.330656687500003,1,117,0.03912053333333333,0.0025866241194307804
321,40916,11.442709780273434,1,118,0.03908906666666667,0.0020048406440764666
322,41216,33.85361401855472,6,300,0.03900906666666667,0.0032093049958348274
323,41361,14.069308528320315,1,145,0.0389704,0.015176540240645409
324,41535,17.854779624023436,2,174,0.038924,0.003928343765437603
325,41682,14.090440791992194,1,147,0.038884800000000004,0.003459970001131296
326,41834,15.79488233886719,2,152,0.03884426666666667,0.007942411117255688
327,41951,11.302615742187497,1,117,0.038813066666666673,0.1954917162656784
328,42093,13.642025893554688,1,142,0.0387752,0.0035525779239833355
329,42199,8.95422470507813,0,106,0.03874693333333334,0.003538556396961212
330,42348,15.281026267578124,2,149,0.038707200000000004,0.003579552285373211
331,42491,13.848107368164063,1,143,0.03866906666666667,0.006251526065170765
332,42593,8.775819232421876,0,102,0.03864186666666667,0.07942206412553787
333,42698,9.010152783203127,0,105,0.03861386666666667,0.0015629776753485203
334,42908,22.373694023437498,3,210,0.03855786666666667,0.005371204577386379
335,43028,11.595754333984377,1,120,0.03852586666666667,0.02252468466758728
336,43057,1.6279191289062505,0,29,0.038518133333333336,0.006365092005580664
337,43194,13.30027392089844,1,137,0.038481600000000005,0.0020102227572351694
338,43442,27.14403430761719,4,248,0.03841546666666667,0.007078863680362701
339,43547,9.02707296777343,0,105,0.03838746666666667,0.0035560219548642635
340,43649,8.88425860546875,0,102,0.03836026666666667,0.008910462260246277
341,43787,13.381112061523437,1,138,0.03832346666666667,0.002034065779298544
342,43888,8.102676168945312,0,101,0.038296533333333334,0.005587953142821789
343,43989,8.108304041992186,0,101,0.0382696,0.047050245106220245
344,44126,13.335664700195311,1,137,0.03823306666666667,0.00400899350643158
345,44267,13.548206041992179,1,141,0.03819546666666667,0.01856343075633049
346,44404,13.187837425781245,1,137,0.03815893333333334,0.014259576797485352
347,44515,9.734502051757811,0,111,0.038129333333333335,0.14149895310401917
348,44734,23.356169662109384,3,219,0.038070933333333334,0.006281664595007896
349,44777,2.8812970625000003,0,43,0.038059466666666666,0.00666379788890481
350,45008,25.59242177246096,4,231,0.03799786666666667,0.002139614662155509
351,45109,8.272633743164059,0,101,0.03797093333333334,0.00297939358279109
352,45370,29.463724696289056,5,261,0.037901333333333335,0.010006277821958065
353,45400,1.7754765341796879,0,30,0.037893333333333334,0.011403033509850502
354,45537,13.220431708984375,1,137,0.0378568,0.0013541473308578134
355,45587,3.6825927744140605,0,50,0.03784346666666667,0.0025585039984434843
356,45688,8.477047540039065,0,101,0.03781653333333333,0.0017896073404699564
357,45721,2.090517995117187,0,33,0.037807733333333336,0.17846959829330444
358,45828,9.2108504453125,0,107,0.0377792,0.007287111133337021
359,46038,22.22551791796874,3,210,0.0377232,0.0012243009405210614
360,46148,9.447052557617193,0,110,0.03769386666666667,0.0015486525371670723
361,46253,9.148160748046871,0,105,0.03766586666666667,0.004408661276102066
362,46427,17.670423388671875,2,174,0.03761946666666667,0.004099233075976372
363,46534,9.339429534179683,0,107,0.03759093333333334,0.010716305114328861
364,46762,25.190203975585934,4,228,0.03753013333333333,0.002523347968235612
365,46882,11.494142031250005,1,120,0.037498133333333336,0.002830489771440625
366,46997,10.741348687500002,1,115,0.03746746666666667,0.20071157813072205
367,47145,15.247900516601561,2,148,0.037428,0.03339748829603195
368,47176,1.883187854492188,0,31,0.03741973333333334,0.009310430847108364
369,47466,32.40459908398439,5,290,0.037342400000000005,0.027140004560351372
370,47506,2.691049615234374,0,40,0.03733173333333334,0.003530309069901705
371,47544,2.5863958388671877,0,38,0.0373216,0.008213751018047333
372,47923,44.17862985156253,8,379,0.03722053333333333,0.0017622272716835141
373,48102,18.348385723632813,2,179,0.037172800000000006,0.01086574885994196
374,48141,2.664037256835938,0,39,0.0371624,0.01771857589483261
375,48256,10.993225235351566,1,115,0.03713173333333333,0.03876988962292671
376,48481,24.932779920898433,4,225,0.037071733333333336,0.001841248944401741
377,48636,16.182356783203133,2,155,0.037030400000000005,0.05809711664915085
378,48681,3.1461396826171875,0,45,0.03701840000000001,0.0033857645466923714
379,48782,8.748697062500003,0,101,0.03699146666666667,0.055950358510017395
380,48883,8.734359997070317,0,101,0.036964533333333334,0.01035095565021038
381,48921,2.5851838496093755,0,38,0.036954400000000005,0.0055799325928092
382,49022,8.72660694335938,0,101,0.03692746666666667,0.2032395601272583
383,49326,34.58627356347655,6,304,0.0368464,0.008031793870031834
384,49521,20.93096542675781,3,195,0.036794400000000005,0.0042734574526548386
385,49624,8.754126586914053,0,103,0.036766933333333335,0.0640798956155777
386,49872,27.148243350585943,4,248,0.036700800000000006,0.005208597518503666
387,50009,13.172658719726567,1,137,0.03666426666666667,0.006825042888522148
388,50048,2.555002182617188,0,39,0.03665386666666667,0.001944960793480277
389,50157,9.630126377929686,0,109,0.0366248,0.005266521126031876
390,50331,17.736432600585943,2,174,0.036578400000000004,0.003483094274997711
391,50541,22.533232796874998,3,210,0.036522400000000003,0.005455790553241968
392,50642,8.467584752929689,0,101,0.03649546666666667,0.009690521284937859
393,50779,13.18913543066406,1,137,0.03645893333333334,0.1904749572277069
394,50887,9.308146493164061,0,108,0.03643013333333334,0.002164601581171155
395,50999,10.752045384765623,1,112,0.03640026666666667,0.002433170098811388
396,51227,24.89358184863282,4,228,0.03633946666666667,0.19770488142967224
397,51364,13.145350619140626,1,137,0.036302933333333336,0.0024744977708905935
398,51612,27.152776945312514,4,248,0.0362368,0.0031818686984479427
399,51786,17.920017591796885,2,174,0.036190400000000005,0.003254140494391322
400,51897,9.64881725390625,0,111,0.0361608,0.00455833412706852
401,51998,8.662195699218751,0,101,0.03613386666666667,0.004550803452730179
402,52116,11.463861493164066,1,118,0.0361024,0.0013788409996777773
403,52380,29.767899524414062,5,264,0.036032,0.005989561788737774
404,52416,2.3444792714843747,0,36,0.0360224,0.001268573570996523
405,52531,11.128986848632811,1,115,0.03599173333333334,0.0022971644066274166
406,52679,15.482546490234377,2,148,0.03595226666666667,0.004825832322239876
407,52715,2.34444094140625,0,36,0.03594266666666667,0.0018471922958269715
408,52901,20.164163176757814,3,186,0.03589306666666667,0.0009811657946556807
409,53009,9.509521935546875,0,108,0.03586426666666667,0.006363913416862488
410,53124,11.200392386718754,1,115,0.03583360000000001,0.0046121496707201
411,53319,20.749937946289073,3,195,0.035781600000000004,0.0029075108468532562
412,53381,4.972539026367187,0,62,0.03576506666666667,0.1903235912322998
413,53555,17.81509511230468,2,174,0.03571866666666667,0.011179476045072079
414,53592,2.494239795898438,0,37,0.0357088,0.3175601661205292
415,53701,9.546923519531248,0,109,0.03567973333333334,0.022997308522462845
416,54077,43.84569608789064,8,376,0.03557946666666667,0.012178702279925346
417,54214,13.271466961914063,1,137,0.03554293333333333,0.013909216970205307
418,54351,13.095357719726564,1,137,0.0355064,0.0037634645123034716
419,54465,10.888279378906251,1,114,0.03547600000000001,0.0030190455727279186
420,54566,8.764674011718746,0,101,0.03544906666666667,0.00212493515573442
421,54687,11.778402455078124,1,121,0.0354168,0.003733005141839385
422,55083,45.845412463867206,8,396,0.0353112,0.013227691873908043
423,55277,20.865259435546882,3,194,0.03525946666666667,0.03925001993775368
424,55768,58.48852313281254,11,491,0.03512853333333334,0.03188476338982582
425,55997,25.34701423046875,4,229,0.03506746666666667,0.0044333976693451405
426,56488,58.23909091113283,11,491,0.03493653333333334,0.006077421363443136
427,56634,13.802442874023438,1,146,0.0348976,0.0051726121455430984
428,56821,20.276787907226563,3,187,0.03484773333333334,0.01021602377295494
429,56958,13.300826687500003,1,137,0.0348112,0.0032416360918432474
430,57078,11.525039151367192,1,120,0.0347792,0.005979255773127079
431,57187,9.518625291992189,0,109,0.034750133333333336,0.01445682067424059
432,57324,13.338403733398438,1,137,0.034713600000000004,0.0007184905116446316
433,57445,11.753511264648436,1,121,0.034681333333333335,0.11086315661668777
434,57491,3.243853347656251,0,46,0.034669066666666665,0.0014697392471134663
435,57712,23.66980415625001,3,221,0.034610133333333334,0.0026993919163942337
436,57849,13.194502907226559,1,137,0.0345736,0.0021283943206071854
437,57901,3.8172739433593748,0,52,0.034559733333333335,0.004862050525844097
438,58111,22.468684215820314,3,210,0.034503733333333335,0.001819424331188202
439,58152,2.8305533740234377,0,41,0.034492800000000004,0.003814574796706438
440,58260,9.345980500976562,0,108,0.034464,0.006656917277723551
441,58371,9.816234904296877,0,111,0.034434400000000004,0.009405773133039474
442,58508,13.359914083984375,1,137,0.03439786666666667,0.0016629481688141823
443,58654,14.308654572265622,1,146,0.034358933333333334,0.20094342529773712
444,58809,16.172047394531248,2,155,0.034317600000000004,0.0016237760428339243
445,58946,13.112800740234379,1,137,0.034281066666666665,0.0032526282593607903
446,59156,22.52265796093749,3,210,0.034225066666666665,0.0018390677869319916
447,59303,14.293662532226556,1,147,0.03418586666666667,0.003367213997989893
448,59456,15.974520000976554,2,153,0.03414506666666667,0.0030021348502486944
449,59562,9.296237738281247,0,106,0.0341168,0.10384158790111542
450,59699,13.441501143554694,1,137,0.03408026666666667,0.00315656210295856
451,60029,37.54370456738281,6,330,0.03399226666666667,0.011540085077285767
452,60179,15.602887336914069,2,150,0.03395226666666667,0.0052443454042077065
453,60334,16.242002795898436,2,155,0.03391093333333334,0.09672875702381134
454,60508,17.942151474609375,2,174,0.033864533333333335,0.006486395373940468
455,60756,27.3758304248047,4,248,0.033798400000000006,0.003943294286727905
456,60867,9.64572687304687,0,111,0.0337688,0.0023624999448657036
457,61021,15.879282867187499,2,154,0.033727733333333336,0.005093933083117008
458,61141,11.53523950585937,1,120,0.03369573333333334,0.2094348669052124
459,61294,16.007318806640622,2,153,0.03365493333333333,0.004932219162583351
460,61434,13.536256749999993,1,140,0.033617600000000004,0.10312548279762268
461,61571,13.299959635742189,1,137,0.03358106666666667,0.02220131829380989
462,61610,2.622348966796875,0,39,0.033570666666666665,0.001501373015344143
463,61969,41.43260770507814,7,359,0.03347493333333334,0.35054782032966614
464,62070,8.823680261718753,0,101,0.033448000000000006,0.06757745146751404
465,62226,16.33808005664062,2,156,0.0334064,0.003600955940783024
466,62329,8.880608597656252,0,103,0.03337893333333333,0.009559730999171734
467,62430,8.771558850585935,0,101,0.03335200000000001,0.23837974667549133
468,62479,3.619498712890625,0,49,0.033338933333333334,0.002203669399023056
469,62518,2.6544880537109385,0,39,0.033328533333333334,0.092697374522686
470,62766,27.41122433691407,4,248,0.033262400000000004,0.0027679922059178352
471,62867,8.667845530273441,0,101,0.03323546666666667,0.002100625541061163
472,62968,8.776477274414065,0,101,0.03320853333333333,0.04099186509847641
473,63008,2.7743523759765627,0,40,0.03319786666666667,0.012965765781700611
474,63153,14.168409336914058,1,145,0.0331592,0.01757866144180298
475,63290,13.226519710937495,1,137,0.03312266666666667,0.5473331212997437
476,63411,11.75094405371094,1,121,0.033090400000000006,0.1869148463010788
477,63599,20.31244515527343,3,188,0.033040266666666665,0.008894921280443668
478,63631,1.984930357421876,0,32,0.033031733333333334,0.002791042672470212
479,63768,13.293904449218749,1,137,0.0329952,0.0035259765572845936
480,64164,46.01112720996093,8,396,0.032889600000000005,0.0009195094462484121
481,64448,31.952806981445306,5,284,0.03281386666666667,0.000641987135168165
482,64523,6.215361666992186,0,75,0.03279386666666667,0.001842390513047576
483,64718,21.001667687500003,3,195,0.03274186666666667,0.038970716297626495
484,64819,8.592434761718753,0,101,0.032714933333333335,0.03524006903171539
485,64896,6.436825575195312,0,77,0.0326944,0.004736203234642744
486,64965,5.64722636621094,0,69,0.032676000000000004,0.001957657979801297
487,65155,20.591781458984393,3,190,0.03262533333333334,0.0113751832395792
488,65256,8.484839313476561,0,101,0.0325984,0.0015569399110972881
489,65373,11.312630675781248,1,117,0.032567200000000004,0.0017508921446278691
490,65560,20.387357835937504,3,187,0.032517333333333336,0.004823191557079554
491,65666,9.34994070703125,0,106,0.03248906666666666,0.18184567987918854
492,65720,4.180885123046873,0,54,0.032474666666666666,0.1839996874332428
493,66004,31.91114237695311,5,284,0.03239893333333334,0.005428519565612078
494,66185,18.609728893554692,2,181,0.032350666666666666,0.16518712043762207
495,66216,1.9078600527343754,0,31,0.03234240000000001,0.0019056734163314104
496,66262,3.2894322978515635,0,46,0.03233013333333333,0.003982840105891228
497,66403,13.66674424511719,1,141,0.03229253333333333,0.18072040379047394
498,66579,18.203716811523435,2,176,0.0322456,0.028322529047727585
499,66681,8.949636132812502,0,102,0.0322184,0.0019852593541145325
500,66769,7.514242396484374,0,88,0.032194933333333335,0.0026017935015261173
501,66906,13.174932624023434,1,137,0.032158400000000004,0.0007920623174868524
502,67007,8.823905640624998,0,101,0.032131466666666664,0.0015447244513779879
503,67270,29.802117959960945,5,263,0.03206133333333333,0.0025082449428737164
504,67412,13.804670556640625,1,142,0.03202346666666667,0.002830702345818281
505,67513,8.813075848632812,0,101,0.031996533333333334,0.0013351407833397388
506,67553,2.8287276582031256,0,40,0.03198586666666667,0.019478540867567062
507,67608,4.214149759765625,0,55,0.031971200000000005,0.004053083248436451
508,67790,18.730018947265624,2,182,0.03192266666666667,0.19088751077651978
509,68000,22.380733217773432,3,210,0.03186666666666667,0.030508577823638916
510,68101,8.862831291015624,0,101,0.031839733333333335,0.0019525366369634867
511,68144,3.126820084960938,0,43,0.031828266666666674,0.002765218261629343
512,68281,13.397091116210945,1,137,0.031791733333333336,0.006411456968635321
513,68322,2.885090890624998,0,41,0.0317808,0.13815978169441223
514,68365,3.016400588867188,0,43,0.03176933333333334,0.007194592151790857
515,68502,13.318681768554686,1,137,0.031732800000000005,0.0014615568798035383
516,68639,13.356998921875,1,137,0.03169626666666667,0.017420031130313873
517,68743,8.828994057617187,0,104,0.03166853333333333,0.008283162489533424
518,68852,9.464359442382817,0,109,0.03163946666666667,0.008450834080576897
519,68893,2.830806700195312,0,41,0.031628533333333333,0.22918543219566345
520,68994,8.784676208984376,0,101,0.03160160000000001,0.0035861325450241566
521,69054,4.82492385546875,0,60,0.031585600000000005,0.0069854725152254105
522,69093,2.7132838925781266,0,39,0.031575200000000005,0.010314559563994408
523,69415,36.711043642578126,6,322,0.031489333333333334,0.0019165296107530594
524,69516,8.763438576171872,0,101,0.0314624,0.014700237661600113
525,69653,13.377534544921874,1,137,0.03142586666666667,0.0008523284341208637
526,69790,13.368969391601562,1,137,0.03138933333333334,0.032308317720890045
527,69826,2.370884233398439,0,36,0.03137973333333334,0.000837941188365221
528,69946,11.48943216699219,1,120,0.031347733333333336,0.3304196000099182
529,70097,15.828316928710944,2,151,0.03130746666666667,0.002265387214720249
530,70217,11.611753078125,1,120,0.03127546666666667,0.17981885373592377
531,70427,22.489354753906262,3,210,0.031219466666666668,0.018055064603686333
532,70540,11.073501833007823,1,113,0.031189333333333336,0.010788466781377792
533,70658,11.44929170800781,1,118,0.03115786666666667,0.000974056136328727
534,70980,36.77464024218747,6,322,0.031072000000000002,0.014203019440174103
535,71012,2.0108258447265626,0,32,0.031063466666666668,0.001109731150791049
536,71047,2.324847969726563,0,35,0.031054133333333334,0.0013575246557593346
537,71083,2.3900773261718746,0,36,0.031044533333333336,0.053419679403305054
538,71441,41.161245758789036,7,358,0.03094906666666667,0.04697950929403305
539,71578,13.394172700195313,1,137,0.030912533333333336,0.0010421330807730556
540,71682,9.084824251953128,0,104,0.0308848,0.010346931405365467
541,71785,8.971179682617185,0,103,0.030857333333333337,0.0027460467536002398
542,71829,3.13005250390625,0,44,0.0308456,0.0059577724896371365
543,72013,19.01149767871094,2,184,0.030796533333333338,0.002387275220826268
544,72114,8.794977742187498,0,101,0.0307696,0.2093428671360016
545,72324,22.470890749023443,3,210,0.030713600000000004,0.00291177979670465
546,72461,13.438487921874998,1,137,0.03067706666666667,0.0019080877536907792
547,72562,8.845884712890628,0,101,0.030650133333333336,0.0054527646861970425
548,72663,8.761541572265626,0,101,0.030623200000000003,0.0014068646123632789
549,73243,69.28210344628916,13,580,0.030468533333333336,0.007234822493046522
550,73639,45.963929562500006,8,396,0.030362933333333335,0.013346553780138493
551,73740,8.829515004882813,0,101,0.030336000000000002,0.009733160957694054
552,73772,2.015135831054687,0,32,0.03032746666666667,0.001223471132107079
553,73836,5.099174416992186,0,64,0.0303104,0.01194899994879961
554,74014,18.53625747656249,2,178,0.030262933333333335,0.0038875541649758816
555,74168,16.102299856445317,2,154,0.03022186666666667,0.012431548908352852
556,74305,13.437402173828128,1,137,0.030185333333333335,0.004463029559701681
557,74349,3.1397310976562496,0,44,0.030173600000000002,0.013618127442896366
558,74559,22.662739763671876,3,210,0.0301176,0.18317081034183502
559,74668,9.59581148925781,0,109,0.030088533333333337,0.0031830049119889736
560,74703,2.3220009472656242,0,35,0.0300792,0.004517115652561188
561,74972,30.567388638671886,5,269,0.03000746666666667,0.0018904368625953794
562,75019,3.4222038251953117,0,47,0.029994933333333335,0.0013988727005198598
563,75397,44.37285328124999,8,378,0.029894133333333336,0.0010545398108661175
564,75571,18.060537086914064,2,174,0.029847733333333338,0.012612457387149334
565,75708,13.438910423828126,1,137,0.029811200000000003,0.0023392685689032078
566,75741,2.1072565556640623,0,33,0.0298024,0.007603039965033531
567,75862,11.850998764648434,1,121,0.029770133333333334,0.009753962978720665
568,75904,3.0388043916015617,0,42,0.029758933333333338,0.19134841859340668
569,76197,32.93198304785156,5,293,0.029680800000000004,0.001086975447833538
570,76610,48.95652329296877,9,413,0.02957066666666667,0.021469824016094208
571,76656,3.4119934326171872,0,46,0.029558400000000002,0.002464479999616742
572,76866,22.693902785156254,3,210,0.0295024,0.0020898901857435703
573,76967,8.862531254882809,0,101,0.02947546666666667,0.00487357284873724
574,77068,8.838016106445318,0,101,0.02944853333333334,0.02514079585671425
575,77125,4.510344043945313,0,57,0.029433333333333336,0.12529511749744415
576,77262,13.4347338671875,1,137,0.029396800000000004,0.004794755484908819
577,77309,3.531988321289062,0,47,0.02938426666666667,0.0025841849856078625
578,77446,13.335112952148439,1,137,0.029347733333333334,0.031680844724178314
579,77479,2.138568592773438,0,33,0.029338933333333334,0.24399693310260773
580,77653,18.100464171874993,2,174,0.029292533333333336,0.015684641897678375
581,77754,8.813038556640628,0,101,0.0292656,0.004157925024628639
582,77873,11.57254040625,1,119,0.029233866666666667,0.004135418217629194
583,77904,1.949441975585938,0,31,0.0292256,0.0015519022708758712
584,78152,27.442665361328107,4,248,0.029159466666666668,0.0024910829961299896
585,78400,27.361622462890622,4,248,0.02909333333333334,0.006177402101457119
586,78537,13.438073729492183,1,137,0.0290568,0.0030407323502004147
587,78711,18.022314878906258,2,174,0.029010400000000002,0.0018226061947643757
588,78867,16.19553075390625,2,156,0.028968800000000003,0.0011937909293919802
589,79004,13.427869716796875,1,137,0.028932266666666668,0.014245614409446716
590,79154,15.682575401367188,2,150,0.02889226666666667,0.0020705268252640963
591,79186,2.0472698037109374,0,32,0.02888373333333334,0.008316105231642723
592,79582,46.234119595703156,8,396,0.028778133333333334,0.003464465495198965
593,79866,31.89796709863281,5,284,0.028702400000000003,0.008070629090070724
594,79967,8.647651794921877,0,101,0.02867546666666667,0.005120584275573492
595,80152,19.262760696289053,2,185,0.028626133333333338,0.002860636217519641
596,80289,13.463234443359376,1,137,0.028589600000000003,0.007152033504098654
597,80625,39.29065548925782,7,336,0.028500000000000004,0.0384717620909214
598,80777,15.89834088574219,2,152,0.028459466666666672,0.0023307364899665117
599,80878,8.746565836914062,0,101,0.028432533333333333,0.20618975162506104
600,81071,21.112726582031247,3,193,0.028381066666666666,0.20556679368019104
601,81208,13.437629221679689,1,137,0.028344533333333335,0.014604764059185982
602,81359,15.796831563476555,2,151,0.02830426666666667,0.013360711745917797
603,81460,8.815248146484375,0,101,0.028277333333333335,0.19926416873931885
604,81597,13.476064507812495,1,137,0.0282408,0.0017341345082968473
605,81647,3.8172764658203135,0,50,0.02822746666666667,0.2004716843366623
606,81761,11.213534041015624,1,114,0.02819706666666667,0.006505883764475584
607,81909,15.551057166992194,2,148,0.0281576,0.3689730763435364
608,82046,13.49204320703125,1,137,0.02812106666666667,0.19836372137069702
609,82225,18.627378108398442,2,179,0.028073333333333336,0.20177990198135376
610,82362,13.409809776367194,1,137,0.0280368,0.005648116581141949
611,82481,11.641964682617184,1,119,0.02800506666666667,0.0008341010543517768
612,82824,39.899244470703074,7,343,0.027913600000000004,0.005900281481444836
613,82925,8.850092575195312,0,101,0.02788666666666667,0.0023473170585930347
614,83026,8.846185429687498,0,101,0.027859733333333334,0.001240291865542531
615,83163,13.506146605468755,1,137,0.027823200000000003,0.002652135444805026
616,83210,3.487734821289062,0,47,0.02781066666666667,0.008200075477361679
617,83532,36.89469671191407,6,322,0.0277248,0.017847465351223946
618,83669,13.489422666015624,1,137,0.02768826666666667,0.004310402553528547
619,83770,8.837707802734379,0,101,0.027661333333333336,0.0018208721885457635
620,83874,9.171673282226571,0,104,0.0276336,0.003029455430805683
621,84011,13.484327742187498,1,137,0.02759706666666667,0.0014151703799143434
622,84206,21.28990181054688,3,195,0.02754506666666667,0.20024462044239044
623,84401,21.27453817285157,3,195,0.027493066666666666,0.002321803942322731
624,84538,13.477154457031247,1,137,0.027456533333333335,0.0020969107281416655
625,84712,18.182604874999992,2,174,0.027410133333333336,0.001219697529450059
626,84900,20.478153714843764,3,188,0.027360000000000006,0.0029146976303309202
627,85037,13.474155175781249,1,137,0.027323466666666667,0.20338332653045654
628,85247,22.78187579394531,3,210,0.02726746666666667,0.004433261696249247
629,85400,16.04208746972656,2,153,0.027226666666666666,0.0023623225279152393
630,85625,25.292235012695308,4,225,0.02716666666666667,0.0026170103810727596
631,85726,8.915587541015627,0,101,0.027139733333333332,0.008311305195093155
632,85863,13.479440702148443,1,137,0.0271032,0.0035833679139614105
633,86015,16.01467176953124,2,152,0.02706266666666667,0.0017656672280281782
634,86152,13.484012711914069,1,137,0.027026133333333334,0.012837870977818966
635,86253,8.896643392578127,0,101,0.026999200000000004,0.004879223648458719
636,86287,2.2721463857421873,0,34,0.026990133333333336,0.005237109027802944
637,86388,8.911097279296879,0,101,0.026963200000000003,0.004495449364185333
638,86493,9.201516922851566,0,105,0.026935200000000003,0.010754909366369247
639,86540,3.519363612304689,0,47,0.02692266666666667,0.03300419822335243
640,86677,13.532935674804696,1,137,0.026886133333333336,0.007419014815241098
641,86778,8.772554293945321,0,101,0.0268592,0.0017651109956204891
642,86927,15.608291469726566,2,149,0.02681946666666667,0.0028032283298671246
643,86995,5.621465273437503,0,68,0.026801333333333337,0.005831217393279076
644,87096,8.921023359375,0,101,0.0267744,0.01710810884833336
645,87197,8.784670903320315,0,101,0.026747466666666667,0.0056653679348528385
646,87334,13.49121766796875,1,137,0.026710933333333336,0.01263311505317688
647,87582,27.48395334960938,4,248,0.026644800000000003,0.005798399448394775
648,87687,9.237968074218749,0,105,0.026616800000000003,0.00414956733584404
649,87801,11.190886932617193,1,114,0.026586400000000003,0.008415516465902328
650,87850,3.7263867031249998,0,49,0.026573333333333334,0.18879322707653046
651,87891,2.9692706328125,0,41,0.0265624,0.003977067768573761
652,87999,9.609515256835936,0,108,0.026533600000000004,0.006747694220393896
653,88102,9.099269221679688,0,103,0.026506133333333334,0.0014198292046785355
654,88276,18.092923235351567,2,174,0.026459733333333336,0.00953936018049717
655,88634,41.5738735517578,7,358,0.026364266666666667,0.11239133775234222
656,88769,13.248504668473242,1,135,0.02632826666666667,0.0015852932119742036
657,88878,9.725725160156244,0,109,0.026299200000000002,0.006119593977928162
658,89162,32.14989142675779,5,284,0.026223466666666667,0.0009474942926317453
659,89446,32.157715841796886,5,284,0.026147733333333336,0.0124921053647995
660,89668,25.01391015625001,4,222,0.026088533333333334,0.0009788230527192354
661,89710,3.0738313124999994,0,42,0.026077333333333338,0.003242925275117159
662,90076,42.29514458691411,7,366,0.025979733333333338,0.007853738032281399
663,90177,8.912931128906248,0,101,0.0259528,0.0024234671145677567
664,90278,8.938585760742184,0,101,0.02592586666666667,0.0019012698903679848
665,90379,8.956056436523436,0,101,0.025898933333333336,0.06802617758512497
666,90627,27.594606186523453,4,248,0.0258328,0.002537855878472328
667,90728,8.941638972656255,0,101,0.025805866666666667,0.0013938428601250052
668,90902,18.247911291015622,2,174,0.02575946666666667,0.0010478929616510868
669,91003,8.886799555664064,0,101,0.025732533333333335,0.0037682957481592894
670,91104,8.917615615234377,0,101,0.025705600000000002,0.0630907416343689
671,91241,13.51141856445312,1,137,0.02566906666666667,0.005968690849840641
672,91283,3.0805611992187503,0,42,0.02565786666666667,0.005827810615301132
673,91384,8.941572292968754,0,101,0.025630933333333335,0.012273527681827545
674,91485,8.912683435546883,0,101,0.025604000000000002,0.008953507989645004
675,91659,18.218205429687508,2,174,0.0255576,0.0017787925899028778
676,91760,8.956612659179687,0,101,0.025530666666666667,0.10938017815351486
677,91970,22.801965880859367,3,210,0.02547466666666667,0.004830427002161741
678,92218,27.608488626953132,4,248,0.025408533333333334,0.003910487983375788
679,92428,22.813557015625,3,210,0.025352533333333337,0.007529707625508308
680,92469,2.970327475585937,0,41,0.025341600000000002,0.0033737129997462034
681,92584,11.332893658203117,1,115,0.025310933333333334,0.00502934493124485
682,92620,2.4734813515624996,0,36,0.025301333333333332,0.0023587853647768497
683,92669,3.7765679121093765,0,49,0.02528826666666667,0.0025404784828424454
684,93006,39.494362001953135,7,337,0.0251984,0.0016021961346268654
685,93106,8.83974850334908,0,100,0.02517173333333334,0.0027070504147559404
686,93207,8.891532349609374,0,101,0.025144800000000002,0.07675586640834808
687,93247,2.8678999511718755,0,40,0.025134133333333336,0.0017948076128959656
688,93348,8.955166531250002,0,101,0.025107200000000003,0.002869726624339819
689,93377,1.7890460908203125,0,29,0.025099466666666667,0.0019234255887567997
690,93419,3.0643278554687505,0,42,0.02508826666666667,0.002273240592330694
691,93556,13.53516802929687,1,137,0.025051733333333336,0.17025098204612732
692,93973,49.47224099414067,9,417,0.024940533333333337,0.0206922497600317
693,94241,30.645222748046862,5,268,0.02486906666666667,0.002911871997639537
694,94342,8.962046918945315,0,101,0.024842133333333336,0.005270741879940033
695,94570,25.655628727539064,4,228,0.024781333333333336,0.018269440159201622
696,94723,16.168741284179696,2,153,0.024740533333333335,0.003106829710304737
697,94824,8.943624248046877,0,101,0.0247136,0.20512567460536957
698,95053,25.762029338867208,4,229,0.024652533333333337,0.009039957076311111
699,95263,22.862982518554695,3,210,0.024596533333333333,0.009143117815256119
700,95361,8.65729961596584,0,98,0.024570400000000003,0.002191574312746525
701,95556,21.360607050781258,3,195,0.0245184,0.029772721230983734
702,95730,18.263981016601562,2,174,0.024472000000000004,0.005516797304153442
703,95831,8.966654204101566,0,101,0.02444506666666667,0.016935089603066444
704,96041,22.866606185546885,3,210,0.024389066666666667,0.0020219325087964535
705,96325,32.25673669726562,5,284,0.024313333333333336,0.07467815279960632
706,96462,13.568403760742184,1,137,0.0242768,0.19367672502994537
707,96563,8.964164965820315,0,101,0.02424986666666667,0.005945999175310135
708,96737,18.246348750976573,2,174,0.02420346666666667,0.0026969462633132935
709,96838,8.98011522167969,0,101,0.024176533333333337,0.0018042093142867088
710,96959,11.976317230468748,1,121,0.024144266666666667,0.0037524199578911066
711,97169,22.87742153515626,3,210,0.02408826666666667,0.01061267126351595
712,97390,23.973991719726566,3,221,0.024029333333333337,0.0014849198050796986
713,97491,8.965688625976563,0,101,0.024002400000000004,0.010377499274909496
714,97612,11.982347173828126,1,121,0.023970133333333334,0.01806361973285675
715,97916,35.277664921875,6,304,0.02388906666666667,0.006245625205338001
716,98058,14.094140548828127,1,142,0.023851200000000003,0.009356196969747543
717,98159,8.985563248046875,0,101,0.023824266666666667,0.025804491713643074
718,98444,32.380313933593726,5,285,0.02374826666666667,0.0015661159995943308
719,98662,23.69169686230469,3,218,0.023690133333333335,0.08571478724479675
720,98775,11.189553215820313,1,113,0.023660000000000004,0.16166159510612488
721,98890,11.395942525390623,1,115,0.023629333333333336,0.006545930169522762
722,99084,21.29236310937499,3,194,0.0235776,0.005851689726114273
723,99389,35.39132483593751,6,305,0.023496266666666668,0.03623427078127861
724,99673,32.29509853417968,5,284,0.023420533333333337,0.0013028024695813656
725,99886,23.1985907890625,3,213,0.023363733333333338,0.0019267983734607697
726,99987,8.999679925781258,0,101,0.023336800000000005,0.041575077921152115
727,100164,18.599999163085943,2,177,0.0232896,0.023969415575265884
728,100265,8.99999999999998,0,101,0.023262666666666668,0.009803367778658867
729,100366,8.99999999999998,0,101,0.023235733333333338,0.0015199603512883186
730,100487,11.999999999999973,1,121,0.02320346666666667,0.0020802966319024563
731,100809,37.10000000000021,6,322,0.023117600000000002,0.00291037792339921
732,100929,11.899999999999974,1,120,0.0230856,0.0044150990433990955
733,101041,11.099999999999977,1,112,0.023055733333333335,0.011723676696419716
734,101142,8.99999999999998,0,101,0.023028800000000002,0.0066155907697975636
735,101330,20.70000000000002,3,188,0.022978666666666668,0.001500551588833332
736,101431,8.99999999999998,0,101,0.02295173333333334,0.0015572234988212585
737,101568,13.599999999999968,1,137,0.0229152,0.001897342735901475
738,101689,11.999999999999973,1,121,0.022882933333333334,0.16142122447490692
739,101798,9.799999999999978,0,109,0.02285386666666667,0.04561389237642288
740,102067,30.800000000000136,5,269,0.022782133333333336,0.2009504735469818
741,102241,18.3,2,174,0.022735733333333334,0.008067716844379902
742,102567,37.50000000000021,6,326,0.0226488,0.0056927199475467205
743,102785,23.700000000000063,3,218,0.02259066666666667,0.0015397077659144998
744,102905,11.899999999999974,1,120,0.022558666666666668,0.2093609720468521
745,103379,56.30000000000042,10,474,0.02243226666666667,0.005227300804108381
746,103492,11.199999999999976,1,113,0.022402133333333334,0.002503496129065752
747,103613,11.999999999999973,1,121,0.02236986666666667,0.1954081803560257
748,103714,8.99999999999998,0,101,0.022342933333333335,0.002701439429074526
749,103833,11.799999999999974,1,119,0.022311200000000003,0.10235735028982162
750,103982,15.799999999999965,2,149,0.02227146666666667,0.004441124387085438
751,104083,8.99999999999998,0,101,0.022244533333333337,0.0016301615396514535
752,104203,11.899999999999974,1,120,0.022212533333333336,0.002235873369500041
753,104319,11.499999999999975,1,116,0.022181600000000003,0.007487330585718155
754,104475,16.499999999999975,2,156,0.022140000000000003,0.001686569070443511
755,104833,41.70000000000026,7,358,0.022044533333333335,0.002267023315653205
756,105015,19.100000000000012,2,182,0.021996000000000005,0.0014576632529497147
757,105284,30.800000000000136,5,269,0.021924266666666668,0.0021264799870550632
758,105461,18.600000000000005,2,177,0.02187706666666667,0.026759009808301926
759,105582,11.999999999999973,1,121,0.021844800000000004,0.007438106462359428
760,105841,28.80000000000012,4,259,0.021775733333333335,0.0938262864947319
761,105942,8.99999999999998,0,101,0.021748800000000002,0.002029354451224208
762,106412,55.90000000000042,10,470,0.021623466666666667,0.0023585541639477015
763,106513,8.99999999999998,0,101,0.021596533333333338,0.002183693926781416
764,106614,8.99999999999998,0,101,0.021569600000000005,0.16019313037395477
765,106898,32.30000000000015,5,284,0.021493866666666667,0.08821841329336166
766,107019,11.999999999999973,1,121,0.021461600000000004,0.2039085328578949
767,107156,13.599999999999968,1,137,0.02142506666666667,0.1895965039730072
768,107404,27.700000000000106,4,248,0.021358933333333333,0.0011719579342752695
769,107525,11.999999999999973,1,121,0.02132666666666667,0.003928275778889656
770,107626,8.99999999999998,0,101,0.021299733333333338,0.0026649758219718933
771,108024,46.700000000000315,8,398,0.0211936,0.002562371315434575
772,108272,27.700000000000106,4,248,0.02112746666666667,0.03775234520435333
773,108381,9.799999999999978,0,109,0.021098400000000003,0.007340302225202322
774,108492,9.999999999999977,0,111,0.021068800000000002,0.2031591236591339
775,108702,22.900000000000052,3,210,0.0210128,0.00465882383286953
776,108839,13.599999999999968,1,137,0.02097626666666667,0.006369136273860931
777,108976,13.599999999999968,1,137,0.020939733333333335,0.019332831725478172
778,109118,14.099999999999966,1,142,0.02090186666666667,0.0026235238183289766
779,109229,9.999999999999977,0,111,0.020872266666666667,0.0023273697588592768
780,109417,20.70000000000002,3,188,0.020822133333333336,0.008286080323159695
781,109648,26.00000000000008,4,231,0.020760533333333334,0.028204306960105896
782,109785,13.599999999999968,1,137,0.020724000000000003,0.0011660230811685324
783,109995,22.900000000000052,3,210,0.020668000000000006,0.004697937518358231
784,110096,8.99999999999998,0,101,0.020641066666666666,0.004646634683012962
785,110197,8.99999999999998,0,101,0.020614133333333336,0.0063637299463152885
786,110407,22.900000000000052,3,210,0.020558133333333336,0.0019295040983706713
787,110518,9.999999999999977,0,111,0.020528533333333335,0.006522324867546558
788,110673,16.399999999999974,2,155,0.0204872,0.25546491146087646
789,110936,30.200000000000127,5,263,0.02041706666666667,0.0064808884635567665
790,111220,32.30000000000015,5,284,0.020341333333333333,0.002316640689969063
791,111377,16.599999999999977,2,157,0.02029946666666667,0.0022876900620758533
792,111498,11.999999999999973,1,121,0.020267200000000003,0.0027634459547698498
793,111690,21.100000000000026,3,192,0.020216,0.004898897372186184
794,111864,18.3,2,174,0.020169600000000003,0.003484215121716261
795,111967,9.19999999999998,0,103,0.020142133333333333,0.005293699912726879
796,112076,9.799999999999978,0,109,0.02011306666666667,0.0023775016888976097
797,112267,21.000000000000025,3,191,0.020062133333333333,0.03371436521410942
798,112368,8.99999999999998,0,101,0.020035200000000003,0.0017530123004689813
799,112542,18.3,2,174,0.019988800000000004,0.005249490030109882
800,112658,11.499999999999975,1,116,0.019957866666666668,0.19513343274593353
801,112779,11.999999999999973,1,121,0.0199256,0.006004902068525553
802,112916,13.599999999999968,1,137,0.01988906666666667,0.0041490355506539345
803,113037,11.999999999999973,1,121,0.0198568,0.006595388054847717
804,113231,21.30000000000003,3,194,0.01980506666666667,0.009631453081965446
805,113352,11.999999999999973,1,121,0.0197728,0.0022440545726567507
806,113471,11.799999999999974,1,119,0.019741066666666668,0.005888577550649643
807,113592,11.999999999999973,1,121,0.019708800000000005,0.0030565885826945305
808,113766,18.3,2,174,0.019662400000000003,0.003304240293800831
809,113884,11.699999999999974,1,118,0.019630933333333333,0.2058524191379547
810,114037,16.19999999999997,2,153,0.019590133333333336,0.005628905259072781
811,114190,16.19999999999997,2,153,0.019549333333333335,0.01818215474486351
812,114344,16.299999999999972,2,154,0.019508266666666666,0.0014208892825990915
813,114464,11.899999999999974,1,120,0.01947626666666667,0.007106726989150047
814,114786,37.10000000000021,6,322,0.019390400000000002,0.017497718334197998
815,115085,34.800000000000175,6,299,0.01931066666666667,0.0032089727465063334
816,115295,22.900000000000052,3,210,0.01925466666666667,0.031209412962198257
817,115432,13.599999999999968,1,137,0.019218133333333335,0.0072994474321603775
818,115533,8.99999999999998,0,101,0.019191200000000002,0.0021578932646661997
819,115690,16.599999999999977,2,157,0.019149333333333334,0.13034145534038544
820,115879,20.800000000000022,3,189,0.019098933333333335,0.0030881089624017477
821,115998,11.799999999999974,1,119,0.019067200000000003,0.001271769404411316
822,116208,22.900000000000052,3,210,0.019011200000000002,0.002942632883787155
823,116309,8.99999999999998,0,101,0.018984266666666666,0.012022972106933594
824,116465,16.499999999999975,2,156,0.01894266666666667,0.0024514030665159225
825,116580,11.399999999999975,1,115,0.018912,0.0012512293178588152
826,116701,11.999999999999973,1,121,0.018879733333333336,0.20750947296619415
827,116879,18.700000000000006,2,178,0.01883226666666667,0.014872653409838676
828,117054,18.400000000000002,2,175,0.0187856,0.1961693912744522
829,117354,34.900000000000176,6,300,0.018705600000000003,0.405243843793869
830,117472,11.699999999999974,1,118,0.018674133333333336,0.004168476909399033
831,117624,16.09999999999997,2,152,0.0186336,0.21161504089832306
832,117908,32.30000000000015,5,284,0.018557866666666666,0.22699005901813507
833,118089,19.00000000000001,2,181,0.0185096,0.003070194274187088
834,118201,11.099999999999977,1,112,0.01847973333333334,0.0010403662454336882
835,118302,8.99999999999998,0,101,0.0184528,0.0013549223076552153
836,118663,42.00000000000026,7,361,0.018356533333333334,0.0006168383406475186
837,118764,8.99999999999998,0,101,0.0183296,0.3673214912414551
838,118865,8.99999999999998,0,101,0.01830266666666667,0.0025472089182585478
839,119234,42.800000000000274,7,369,0.01820426666666667,0.001283054007217288
840,119518,32.30000000000015,5,284,0.018128533333333335,0.003028013976290822
841,119636,11.699999999999974,1,118,0.018097066666666668,0.003502427600324154
842,119757,11.999999999999973,1,121,0.018064800000000006,0.20029664039611816
843,119967,22.900000000000052,3,210,0.0180088,0.012471064925193787
844,120112,14.399999999999965,1,145,0.017970133333333332,0.20776233077049255
845,120227,11.399999999999975,1,115,0.017939466666666667,0.0008913581841625273
846,120495,30.700000000000134,5,268,0.017868000000000002,0.0028078071773052216
847,120614,11.799999999999974,1,119,0.01783626666666667,0.20566828548908234
848,120839,25.400000000000073,4,225,0.017776266666666665,0.003221426624804735
849,120981,14.099999999999966,1,142,0.0177384,0.001816977048292756
850,121102,11.999999999999973,1,121,0.01770613333333334,0.40795138478279114
851,121203,8.99999999999998,0,101,0.017679200000000006,0.0009274446638301015
852,121313,9.899999999999977,0,110,0.017649866666666666,0.1413516402244568
853,121434,11.999999999999973,1,121,0.017617600000000004,0.2046634703874588
854,121736,35.10000000000018,6,302,0.01753706666666667,0.0017033410258591175
855,121873,13.599999999999968,1,137,0.017500533333333332,0.11415549367666245
856,122090,23.600000000000062,3,217,0.01744266666666667,0.0014199574943631887
857,122285,21.40000000000003,3,195,0.017390666666666665,0.004485105164349079
858,122392,9.599999999999978,0,107,0.017362133333333335,0.017973531037569046
859,122500,9.699999999999978,0,108,0.01733333333333334,0.007686987053602934
860,122616,11.499999999999975,1,116,0.017302400000000003,0.19041436910629272
861,122900,32.30000000000015,5,284,0.017226666666666668,0.0018325067358091474
862,123020,11.899999999999974,1,120,0.017194666666666664,0.0017853884492069483
863,123378,41.70000000000026,7,358,0.017099200000000002,0.0011846988927572966
864,123498,11.899999999999974,1,120,0.017067199999999998,0.17549625039100647
865,123672,18.3,2,174,0.017020800000000003,0.0040192496962845325
866,123811,13.799999999999967,1,139,0.016983733333333334,0.003116107312962413
867,123997,20.500000000000018,3,186,0.016934133333333337,0.00162851857021451
868,124222,25.400000000000073,4,225,0.016874133333333333,0.004115039017051458
869,124526,35.30000000000018,6,304,0.01679306666666667,0.0016445174114778638
870,124788,30.100000000000126,5,262,0.0167232,0.2025345116853714
871,124889,8.99999999999998,0,101,0.016696266666666668,0.18559516966342926
872,125157,30.700000000000134,5,268,0.016624800000000002,0.1964167207479477
873,125278,11.999999999999973,1,121,0.01659253333333334,0.0015204133233055472
874,125379,8.99999999999998,0,101,0.0165656,0.0024888869374990463
875,125568,20.800000000000022,3,189,0.0165152,0.0040588160045444965
876,125684,11.499999999999975,1,116,0.016484266666666664,0.0037854844704270363
877,125878,21.30000000000003,3,194,0.01643253333333334,0.20664438605308533
878,125979,8.99999999999998,0,101,0.0164056,0.19912618398666382
879,126153,18.3,2,174,0.016359200000000004,0.33756306767463684
880,126455,35.10000000000018,6,302,0.01627866666666667,0.0016596200875937939
881,126592,13.599999999999968,1,137,0.01624213333333334,0.007359529845416546
882,126708,11.499999999999975,1,116,0.016211200000000002,0.004148778971284628
883,126829,11.999999999999973,1,121,0.016178933333333333,0.002427780767902732
884,126966,13.599999999999968,1,137,0.0161424,0.0040879808366298676
885,127067,8.99999999999998,0,101,0.016115466666666668,0.0013736470136791468
886,127351,32.30000000000015,5,284,0.016039733333333334,0.21327608823776245
887,127452,8.99999999999998,0,101,0.0160128,0.01902104914188385
888,127565,11.199999999999976,1,113,0.015982666666666666,0.17750465869903564
889,128035,55.90000000000042,10,470,0.015857333333333334,0.001768372836522758
890,128209,18.3,2,174,0.01581093333333334,0.1919877678155899
891,128551,40.100000000000236,7,342,0.015719733333333333,0.001234805560670793
892,128688,13.599999999999968,1,137,0.0156832,0.0016249165637418628
893,128825,13.599999999999968,1,137,0.01564666666666667,0.001873473753221333
894,129019,21.30000000000003,3,194,0.015594933333333331,0.005978364497423172
895,129139,11.899999999999974,1,120,0.015562933333333334,0.0012127335648983717
896,129240,8.99999999999998,0,101,0.015536000000000001,0.011750329285860062
897,129450,22.900000000000052,3,210,0.01548,0.0070806206203997135
898,129587,13.599999999999968,1,137,0.01544346666666667,0.003858940675854683
899,129703,11.499999999999975,1,116,0.015412533333333332,0.0016902127536013722
900,130485,96.099999999999,19,782,0.015204000000000002,0.22436802089214325
901,130711,25.500000000000075,4,226,0.015143733333333333,0.19548216462135315
902,130866,16.399999999999974,2,155,0.015102400000000002,0.003721431829035282
903,131088,25.10000000000007,4,222,0.0150432,0.0016348419012501836
904,131199,9.999999999999977,0,111,0.015013600000000002,0.010460722260177135
905,131420,24.000000000000068,3,221,0.014954666666666672,0.013999802991747856
906,131531,9.999999999999977,0,111,0.014925066666666674,0.0026054016780108213
907,131651,11.899999999999974,1,120,0.01489306666666667,0.11326827853918076
908,131842,21.000000000000025,3,191,0.014842133333333334,0.0011897020740434527
909,131943,8.99999999999998,0,101,0.0148152,0.0024896981194615364
910,132117,18.3,2,174,0.014768799999999999,0.18265500664710999
911,132254,13.599999999999968,1,137,0.014732266666666667,0.00487944670021534
912,132391,13.599999999999968,1,137,0.014695733333333336,0.003133190795779228
913,132897,60.50000000000047,11,506,0.014560800000000006,0.035876478999853134
914,133051,16.299999999999972,2,154,0.014519733333333333,0.013212734833359718
915,133152,8.99999999999998,0,101,0.0144928,0.0065147532150149345
916,133256,9.29999999999998,0,104,0.014465066666666665,0.004357133060693741
917,133374,11.699999999999974,1,118,0.014433600000000005,0.002036695135757327
918,133557,19.200000000000014,2,183,0.014384800000000003,0.004461487755179405
919,133658,8.99999999999998,0,101,0.01435786666666667,0.0014129271730780602
920,133853,21.40000000000003,3,195,0.014305866666666667,0.006828982383012772
921,133974,11.999999999999973,1,121,0.014273600000000004,0.004920029081404209
922,134184,22.900000000000052,3,210,0.014217600000000004,0.005593390204012394
923,134305,11.999999999999973,1,121,0.014185333333333335,0.0051037915982306
924,134795,58.900000000000446,11,490,0.014054666666666674,0.008426261134445667
925,134912,11.599999999999975,1,117,0.014023466666666672,0.0015934042166918516
926,135055,14.199999999999966,1,143,0.013985333333333336,0.0033903447911143303
927,135250,21.40000000000003,3,195,0.01393333333333334,0.010932776145637035
928,135424,18.3,2,174,0.013886933333333337,0.002454205648973584
929,135672,27.700000000000106,4,248,0.013820800000000001,0.005489681381732225
930,135812,13.899999999999967,1,140,0.013783466666666667,0.061504632234573364
931,135949,13.599999999999968,1,137,0.013746933333333336,0.0031577912159264088
932,136090,13.999999999999966,1,141,0.013709333333333337,0.013014623895287514
933,136269,18.800000000000008,2,179,0.013661600000000003,0.003957821521908045
934,136411,14.099999999999966,1,142,0.013623733333333332,0.18936973810195923
935,136680,30.800000000000136,5,269,0.013552000000000002,0.008839363232254982
936,137076,46.50000000000031,8,396,0.013446400000000004,0.047939375042915344
937,137232,16.499999999999975,2,156,0.013404800000000001,0.1670430451631546
938,137333,8.99999999999998,0,101,0.013377866666666668,0.003644460579380393
939,137453,11.899999999999974,1,120,0.013345866666666671,0.0025540092028677464
940,138145,84.09999999999951,16,692,0.01316133333333333,0.20603814721107483
941,138282,13.599999999999968,1,137,0.013124799999999999,0.136862114071846
942,138383,8.99999999999998,0,101,0.013097866666666666,0.0012273011961951852
943,138502,11.799999999999974,1,119,0.013066133333333334,0.004710412584245205
944,138644,14.099999999999966,1,142,0.01302826666666667,0.01097390241920948
945,138749,9.399999999999979,0,105,0.01300026666666667,0.005586609244346619
946,138886,13.599999999999968,1,137,0.012963733333333338,0.006593167781829834
947,138989,9.19999999999998,0,103,0.012936266666666668,0.11346431821584702
948,139199,22.900000000000052,3,210,0.012880266666666668,0.008340930566191673
949,139300,8.99999999999998,0,101,0.012853333333333335,0.0037955103907734156
950,139510,22.900000000000052,3,210,0.012797333333333334,0.0014692358672618866
951,139611,8.99999999999998,0,101,0.012770400000000001,0.003030173247680068
952,139712,8.99999999999998,0,101,0.012743466666666668,0.0035574021749198437
953,139960,27.700000000000106,4,248,0.012677333333333332,0.004146515391767025
954,140061,8.99999999999998,0,101,0.0126504,0.0069747366942465305
955,140162,8.99999999999998,0,101,0.012623466666666666,0.002109156921505928
956,140270,9.699999999999978,0,108,0.012594666666666664,0.20111916959285736
957,140554,32.30000000000015,5,284,0.012518933333333336,0.004214918240904808
958,140745,21.000000000000025,3,191,0.012468,0.09789426624774933
959,141177,51.100000000000364,9,432,0.012352800000000004,0.004102690145373344
960,141279,9.09999999999998,0,102,0.012325599999999999,0.0044695911929011345
961,141380,8.99999999999998,0,101,0.012298666666666666,0.0021168251987546682
962,141517,13.599999999999968,1,137,0.012262133333333335,0.002168752485886216
963,141765,27.700000000000106,4,248,0.012195999999999999,0.0029761497862637043
964,141886,11.999999999999973,1,121,0.012163733333333336,0.008434106595814228
965,142170,32.30000000000015,5,284,0.012088000000000002,0.010358840227127075
966,142355,19.400000000000016,2,185,0.01203866666666667,0.0011380892246961594
967,142639,32.30000000000015,5,284,0.011962933333333335,0.4144516587257385
968,142834,21.40000000000003,3,195,0.011910933333333339,0.003647048957645893
969,143059,25.400000000000073,4,225,0.011850933333333334,0.2003302127122879
970,143307,27.700000000000106,4,248,0.011784800000000005,0.09486924111843109
971,143459,16.09999999999997,2,152,0.01174426666666667,0.0013292769435793161
972,143669,22.900000000000052,3,210,0.011688266666666669,0.0014858448412269354
973,144075,47.50000000000033,8,406,0.01158,0.004933749791234732
974,144176,8.99999999999998,0,101,0.011553066666666667,0.003942473325878382
975,144424,27.700000000000106,4,248,0.011486933333333331,0.0019052684074267745
976,144561,13.599999999999968,1,137,0.0114504,0.012300659902393818
977,144809,27.700000000000106,4,248,0.01138426666666667,0.002759344410151243
978,144962,16.19999999999997,2,153,0.01134346666666667,0.007451266516000032
979,145082,11.899999999999974,1,120,0.011311466666666666,0.015380323864519596
980,145387,35.40000000000018,6,305,0.011230133333333336,0.18821589648723602
981,145488,8.99999999999998,0,101,0.011203200000000003,0.001470688614062965
982,145662,18.3,2,174,0.011156800000000001,0.01068338006734848
983,145836,18.3,2,174,0.0111104,0.0022068344987928867
984,145937,8.99999999999998,0,101,0.011083466666666673,0.0018992716213688254
985,146185,27.700000000000106,4,248,0.011017333333333337,0.17945969104766846
986,146342,16.599999999999977,2,157,0.01097546666666667,0.033361565321683884
987,146520,18.700000000000006,2,178,0.010928,0.0032494657207280397
988,146621,8.99999999999998,0,101,0.010901066666666667,0.0017999436240643263
989,146758,13.599999999999968,1,137,0.010864533333333336,0.009623805060982704
990,146932,18.3,2,174,0.010818133333333334,0.16483502089977264
991,147143,23.000000000000053,3,211,0.010761866666666668,0.009704943746328354
992,147244,8.99999999999998,0,101,0.010734933333333335,0.0013114559696987271
993,147644,46.90000000000032,8,400,0.01062826666666667,0.17195962369441986
994,147745,8.99999999999998,0,101,0.010601333333333338,0.004066751338541508
995,147955,22.900000000000052,3,210,0.010545333333333337,0.0018219857010990381
996,148169,23.300000000000058,3,214,0.01048826666666667,0.0035053337924182415
997,148270,8.99999999999998,0,101,0.010461333333333336,0.1987154185771942
998,148371,8.99999999999998,0,101,0.010434400000000003,0.08103179931640625
999,148693,37.10000000000021,6,322,0.010348533333333333,0.0028464384377002716
1000,149051,41.70000000000026,7,358,0.010253066666666671,0.023290256038308144
1001,149927,107.49999999999847,21,876,0.010019466666666664,0.0029029210563749075
1002,150064,13.599999999999968,1,137,0.010000000000000002,0.0031777811236679554
1003,150290,25.500000000000075,4,226,0.010000000000000002,0.005304014775902033
1004,150391,8.99999999999998,0,101,0.010000000000000002,0.015034160576760769
1005,150803,49.100000000000335,9,412,0.010000000000000002,0.0037334468215703964
1006,151404,73.00000000000003,14,601,0.010000000000000002,0.04724190756678581
1007,151673,30.800000000000136,5,269,0.010000000000000002,0.00903698056936264
1008,152217,65.30000000000035,12,544,0.010000000000000002,0.002183114644140005
1009,152318,8.99999999999998,0,101,0.010000000000000002,0.009416092187166214
1010,152623,35.40000000000018,6,305,0.010000000000000002,0.0027787864673882723
1011,152802,18.800000000000008,2,179,0.010000000000000002,0.02114364318549633
1012,152867,5.399999999999993,0,65,0.010000000000000002,0.18295042216777802
1013,153202,39.400000000000226,7,335,0.010000000000000002,0.21969597041606903
1014,153433,26.00000000000008,4,231,0.010000000000000002,0.008561596274375916
1015,153643,22.900000000000052,3,210,0.010000000000000002,0.20742636919021606
1016,153838,21.40000000000003,3,195,0.010000000000000002,0.0028439341112971306
1017,154270,51.100000000000364,9,432,0.010000000000000002,0.004200107883661985
1018,154427,16.599999999999977,2,157,0.010000000000000002,0.002823773305863142
1019,154728,35.00000000000018,6,301,0.010000000000000002,0.0031261250842362642
1020,155066,39.70000000000023,7,338,0.010000000000000002,0.004240838810801506
1021,155240,18.3,2,174,0.010000000000000002,0.00406038761138916
1022,155488,27.700000000000106,4,248,0.010000000000000002,0.015632808208465576
1023,155625,13.599999999999968,1,137,0.010000000000000002,0.016216013580560684
1024,155983,41.70000000000026,7,358,0.010000000000000002,0.0016180473612621427
1025,156213,25.90000000000008,4,230,0.010000000000000002,0.037447504699230194
1026,156387,18.3,2,174,0.010000000000000002,0.21031005680561066
1027,156488,8.99999999999998,0,101,0.010000000000000002,0.003964319825172424
1028,156637,15.799999999999965,2,149,0.010000000000000002,0.1329842358827591
1029,156738,8.99999999999998,0,101,0.010000000000000002,0.006325643975287676
1030,156885,14.599999999999964,1,147,0.010000000000000002,0.19025050103664398
1031,157189,35.30000000000018,6,304,0.010000000000000002,0.00288967601954937
1032,157420,26.00000000000008,4,231,0.010000000000000002,0.19039705395698547
1033,157594,18.3,2,174,0.010000000000000002,0.2064284086227417
1034,157952,41.70000000000026,7,358,0.010000000000000002,0.03592991083860397
1035,158644,84.09999999999951,16,692,0.010000000000000002,0.11243727058172226
1036,158676,2.1000000000000014,0,32,0.010000000000000002,0.20631369948387146
1037,158924,27.700000000000106,4,248,0.010000000000000002,0.001571419881656766
1038,159098,18.3,2,174,0.010000000000000002,0.001922754105180502
1039,159199,8.99999999999998,0,101,0.010000000000000002,0.0012221613433212042
1040,159300,8.99999999999998,0,101,0.010000000000000002,0.17881904542446136
1041,159332,2.1000000000000014,0,32,0.010000000000000002,0.18778470158576965
1042,159364,2.1000000000000014,0,32,0.010000000000000002,0.0029768559616059065
1043,159648,32.30000000000015,5,284,0.010000000000000002,0.2000114619731903
1044,160302,79.29999999999973,15,654,0.010000000000000002,0.00502981711179018
1045,160528,25.500000000000075,4,226,0.010000000000000002,0.0025051000993698835
1046,160665,13.599999999999968,1,137,0.010000000000000002,0.003341443371027708
1047,160766,8.99999999999998,0,101,0.010000000000000002,0.001382269081659615
1048,160903,13.599999999999968,1,137,0.010000000000000002,0.1567126363515854
1049,161040,13.599999999999968,1,137,0.010000000000000002,0.00565802026540041
1050,161141,8.99999999999998,0,101,0.010000000000000002,0.008126516826450825
1051,161290,15.799999999999965,2,149,0.010000000000000002,0.003333092899993062
1052,161427,13.599999999999968,1,137,0.010000000000000002,0.005616821814328432
1053,161601,18.3,2,174,0.010000000000000002,0.002535222563892603
1054,161811,22.900000000000052,3,210,0.010000000000000002,0.004279700573533773
1055,162133,37.10000000000021,6,322,0.010000000000000002,0.20336081087589264
1056,162617,58.30000000000044,11,484,0.010000000000000002,0.0022001871839165688
1057,162791,18.3,2,174,0.010000000000000002,0.18543148040771484
1058,162892,8.99999999999998,0,101,0.010000000000000002,0.0015959407901391387
1059,162924,2.1000000000000014,0,32,0.010000000000000002,0.010621941648423672
1060,163154,25.90000000000008,4,230,0.010000000000000002,0.008431012742221355
1061,163808,79.29999999999973,15,654,0.010000000000000002,0.003223283449187875
1062,163982,18.3,2,174,0.010000000000000002,0.0033301664516329765
1063,164134,16.09999999999997,2,152,0.010000000000000002,0.03641696646809578
1064,164382,27.700000000000106,4,248,0.010000000000000002,0.002167108468711376
1065,164740,41.70000000000026,7,358,0.010000000000000002,0.003066594712436199
1066,164926,20.500000000000018,3,186,0.010000000000000002,0.002816224005073309
1067,165100,18.3,2,174,0.010000000000000002,0.011015413329005241
1068,165384,32.30000000000015,5,284,0.010000000000000002,0.0020700348541140556
1069,165521,13.599999999999968,1,137,0.010000000000000002,0.0039496105164289474
1070,165953,51.100000000000364,9,432,0.010000000000000002,0.0019566973205655813
1071,166107,16.299999999999972,2,154,0.010000000000000002,0.004558602347970009
1072,166450,40.20000000000024,7,343,0.010000000000000002,0.001744191162288189
1073,166638,20.70000000000002,3,188,0.010000000000000002,0.21129104495048523
1074,166812,18.3,2,174,0.010000000000000002,0.003416434396058321
1075,167282,55.90000000000042,10,470,0.010000000000000002,0.004364182706922293
1076,167467,19.400000000000016,2,185,0.010000000000000002,0.19274216890335083
1077,167612,14.399999999999965,1,145,0.010000000000000002,0.02012447640299797
1078,168103,59.00000000000045,11,491,0.010000000000000002,0.0028174917679280043
1079,168208,9.399999999999979,0,105,0.010000000000000002,0.003318339353427291
1080,168618,48.90000000000033,9,410,0.010000000000000002,0.023134266957640648
1081,168719,8.99999999999998,0,101,0.010000000000000002,0.1578524261713028
1082,168967,27.700000000000106,4,248,0.010000000000000002,0.00222994782961905
1083,169251,32.30000000000015,5,284,0.010000000000000002,0.0045474618673324585
1084,169952,84.99999999999946,16,701,0.010000000000000002,0.0028042076155543327
1085,170512,67.90000000000026,13,560,0.010000000000000002,0.15421393513679504
1086,170779,30.600000000000133,5,267,0.010000000000000002,0.15402275323867798
1087,170916,13.599999999999968,1,137,0.010000000000000002,0.37565720081329346
1088,171250,39.300000000000225,7,334,0.010000000000000002,0.0047654034569859505
1089,171460,22.900000000000052,3,210,0.010000000000000002,0.012031883001327515
1090,171930,55.90000000000042,10,470,0.010000000000000002,0.00605358462780714
1091,172326,46.50000000000031,8,396,0.010000000000000002,0.010685471817851067
1092,172697,44.00000000000028,8,371,0.010000000000000002,0.008821031078696251
1093,172818,11.999999999999973,1,121,0.010000000000000002,0.013437112793326378
1094,173066,27.700000000000106,4,248,0.010000000000000002,0.0029617962427437305
1095,173392,37.50000000000021,6,326,0.010000000000000002,0.0020831406582146883
1096,173566,18.3,2,174,0.010000000000000002,0.0039741043001413345
1097,173924,41.70000000000026,7,358,0.010000000000000002,0.17579230666160583
1098,174179,28.400000000000116,4,255,0.010000000000000002,0.1922139972448349
1099,174327,15.699999999999964,2,148,0.010000000000000002,0.0040628486312925816
1100,174501,18.3,2,174,0.010000000000000002,0.003973071463406086
1101,174908,47.60000000000033,8,407,0.010000000000000002,0.005273459479212761
1102,175230,37.10000000000021,6,322,0.010000000000000002,0.0014220750890672207
1103,175367,13.599999999999968,1,137,0.010000000000000002,0.09893012046813965
1104,175504,13.599999999999968,1,137,0.010000000000000002,0.032192107290029526
1105,175643,13.799999999999967,1,139,0.010000000000000002,0.006463019177317619
1106,175817,18.3,2,174,0.010000000000000002,0.0031991589348763227
1107,176270,54.200000000000394,10,453,0.010000000000000002,0.29375511407852173
1108,176776,60.50000000000047,11,506,0.010000000000000002,0.2036709040403366
1109,176877,8.99999999999998,0,101,0.010000000000000002,0.002748462138697505
1110,176978,8.99999999999998,0,101,0.010000000000000002,0.002997840289026499
1111,177131,16.19999999999997,2,153,0.010000000000000002,0.02265782840549946
1112,177305,18.3,2,174,0.010000000000000002,0.1618659645318985
1113,177520,23.40000000000006,3,215,0.010000000000000002,0.0013430521357804537
1114,178396,107.49999999999847,21,876,0.010000000000000002,0.0035221383441239595
1115,179035,77.79999999999981,15,639,0.010000000000000002,0.16906045377254486
1116,179413,44.70000000000029,8,378,0.010000000000000002,0.0026182476431131363
1117,179744,38.00000000000022,6,331,0.010000000000000002,0.002499230671674013
1118,180250,60.50000000000047,11,506,0.010000000000000002,0.03418076038360596
1119,180424,18.3,2,174,0.010000000000000002,0.004951243754476309
1120,180561,13.599999999999968,1,137,0.010000000000000002,0.0012746155261993408
1121,180682,11.999999999999973,1,121,0.010000000000000002,0.0033150105737149715
1122,181121,51.800000000000374,9,439,0.010000000000000002,0.005318624898791313
1123,181525,47.300000000000324,8,404,0.010000000000000002,0.16593345999717712
1124,181883,41.70000000000026,7,358,0.010000000000000002,0.20389074087142944
1125,182241,41.70000000000026,7,358,0.010000000000000002,0.010507674887776375
1126,182415,18.3,2,174,0.010000000000000002,0.008116998709738255
1127,182568,16.19999999999997,2,153,0.010000000000000002,0.20363806188106537
1128,182705,13.599999999999968,1,137,0.010000000000000002,0.009719224646687508
1129,182806,8.99999999999998,0,101,0.010000000000000002,0.01799723319709301
1130,182959,16.19999999999997,2,153,0.010000000000000002,0.0023120585829019547
1131,183133,18.3,2,174,0.010000000000000002,0.017242727801203728
1132,183565,51.100000000000364,9,432,0.010000000000000002,0.0024044811725616455
1133,183703,13.699999999999967,1,138,0.010000000000000002,0.0021833698265254498
1134,183860,16.599999999999977,2,157,0.010000000000000002,0.003662245813757181
1135,183997,13.599999999999968,1,137,0.010000000000000002,0.0014680761378258467
1136,184281,32.30000000000015,5,284,0.010000000000000002,0.19034656882286072
1137,184455,18.3,2,174,0.010000000000000002,0.12901756167411804
1138,184678,25.20000000000007,4,223,0.010000000000000002,0.0021076493430882692
1139,184926,27.700000000000106,4,248,0.010000000000000002,0.0011654454283416271
1140,185191,30.40000000000013,5,265,0.010000000000000002,0.0034756138920783997
1141,185439,27.700000000000106,4,248,0.010000000000000002,0.002739370334893465
1142,185576,13.599999999999968,1,137,0.010000000000000002,0.004652548581361771
1143,185750,18.3,2,174,0.010000000000000002,0.1528060883283615
1144,186108,41.70000000000026,7,358,0.010000000000000002,0.004072040319442749
1145,186216,9.699999999999978,0,108,0.010000000000000002,0.007997382432222366
1146,186390,18.3,2,174,0.010000000000000002,0.0014327990356832743
1147,186544,16.299999999999972,2,154,0.010000000000000002,0.0009897893760353327
1148,186828,32.30000000000015,5,284,0.010000000000000002,0.005093454383313656
1149,186981,16.19999999999997,2,153,0.010000000000000002,0.0025273803621530533
1150,187318,39.60000000000023,7,337,0.010000000000000002,0.0031520025804638863
1151,187655,39.60000000000023,7,337,0.010000000000000002,0.002333420794457197
1152,187829,18.3,2,174,0.010000000000000002,0.0010089792776852846
1153,188009,18.90000000000001,2,180,0.010000000000000002,0.008094705641269684
1154,188118,9.799999999999978,0,109,0.010000000000000002,0.004933199379593134
1155,188219,8.99999999999998,0,101,0.010000000000000002,0.0011365546379238367
1156,188320,8.99999999999998,0,101,0.010000000000000002,0.002313880482688546
1157,188642,37.10000000000021,6,322,0.010000000000000002,0.01721080020070076
1158,189133,59.00000000000045,11,491,0.010000000000000002,0.0021735576447099447
1159,189249,11.499999999999975,1,116,0.010000000000000002,0.002096680225804448
1160,189903,79.29999999999973,15,654,0.010000000000000002,0.03221416100859642
1161,190299,46.50000000000031,8,396,0.010000000000000002,0.03281944617629051
1162,190473,18.3,2,174,0.010000000000000002,0.20829430222511292
1163,190583,9.899999999999977,0,110,0.010000000000000002,0.1768885850906372
1164,190684,8.99999999999998,0,101,0.010000000000000002,0.0032572492491453886
1165,190941,28.60000000000012,4,257,0.010000000000000002,0.002410869812592864
1166,191424,58.200000000000436,11,483,0.010000000000000002,0.005128845572471619
1167,191634,22.900000000000052,3,210,0.010000000000000002,0.005556019954383373
1168,191790,16.499999999999975,2,156,0.010000000000000002,0.004535429645329714
1169,191927,13.599999999999968,1,137,0.010000000000000002,0.20341165363788605
1170,192119,21.100000000000026,3,192,0.010000000000000002,0.0024945309851318598
1171,192385,30.50000000000013,5,266,0.010000000000000002,0.0033788178116083145
1172,192786,47.00000000000032,8,401,0.010000000000000002,0.025685105472803116
1173,193736,116.89999999999804,23,950,0.010000000000000002,0.0016085983952507377
1174,193884,15.699999999999964,2,148,0.010000000000000002,0.03532279282808304
1175,194058,18.3,2,174,0.010000000000000002,0.1331302672624588
1176,194416,41.70000000000026,7,358,0.010000000000000002,0.0035770267713814974
1177,194608,21.100000000000026,3,192,0.010000000000000002,0.09597939252853394
1178,194716,9.699999999999978,0,108,0.010000000000000002,0.2060023993253708
1179,194817,8.99999999999998,0,101,0.010000000000000002,0.002550326054915786
1180,195083,30.50000000000013,5,266,0.010000000000000002,0.004068861715495586
1181,195997,112.29999999999825,22,914,0.010000000000000002,0.0009170034318231046
1182,196171,18.3,2,174,0.010000000000000002,0.002339403610676527
1183,196363,21.100000000000026,3,192,0.010000000000000002,0.0031337952241301537
1184,196647,32.30000000000015,5,284,0.010000000000000002,0.19314593076705933
1185,196794,14.599999999999964,1,147,0.010000000000000002,0.003104196861386299
1186,196968,18.3,2,174,0.010000000000000002,0.0018501135054975748
1187,197142,18.3,2,174,0.010000000000000002,0.007142755202949047
1188,197390,27.700000000000106,4,248,0.010000000000000002,0.0030457396060228348
1189,197748,41.70000000000026,7,358,0.010000000000000002,0.19238649308681488
1190,197929,19.00000000000001,2,181,0.010000000000000002,0.0014038473600521684
1191,198369,51.900000000000375,9,440,0.010000000000000002,0.005262475926429033
1192,198703,39.300000000000225,7,334,0.010000000000000002,0.0015494399704039097
1193,199144,52.00000000000038,9,441,0.010000000000000002,0.0013902003411203623
1194,199318,18.3,2,174,0.010000000000000002,0.0013836787547916174
1195,199882,68.30000000000024,13,564,0.010000000000000002,0.004308435134589672
1196,200104,25.10000000000007,4,222,0.010000000000000002,0.0024814754724502563
1197,200388,32.30000000000015,5,284,0.010000000000000002,0.00146535225212574
1198,200525,13.599999999999968,1,137,0.010000000000000002,0.1258193552494049
1199,200714,20.800000000000022,3,189,0.010000000000000002,0.00499179819598794
1200,201146,51.100000000000364,9,432,0.010000000000000002,0.0028533716686069965
1201,201303,16.599999999999977,2,157,0.010000000000000002,0.2045113891363144
1202,201551,27.700000000000106,4,248,0.010000000000000002,0.00187216280028224
1203,201765,23.300000000000058,3,214,0.010000000000000002,0.19977061450481415
1204,201916,15.999999999999968,2,151,0.010000000000000002,0.001009420957416296
1205,203460,192.29999999999467,39,1544,0.010000000000000002,0.1748482584953308
1206,203644,19.300000000000015,2,184,0.010000000000000002,0.00426237378269434
1207,203756,11.099999999999977,1,112,0.010000000000000002,0.0024693228770047426
1208,204025,30.800000000000136,5,269,0.010000000000000002,0.003861228935420513
1209,204219,21.30000000000003,3,194,0.010000000000000002,0.20423653721809387
1210,204546,37.600000000000215,6,327,0.010000000000000002,0.002747158519923687
1211,204806,29.900000000000123,5,260,0.010000000000000002,0.0032608062028884888
1212,205075,30.800000000000136,5,269,0.010000000000000002,0.002579820342361927
1213,205249,18.3,2,174,0.010000000000000002,0.008642798289656639
1214,205473,25.30000000000007,4,224,0.010000000000000002,0.1454988718032837
1215,205626,16.19999999999997,2,153,0.010000000000000002,0.003112119622528553
1216,206022,46.50000000000031,8,396,0.010000000000000002,0.0026299564633518457
1217,206135,11.199999999999976,1,113,0.010000000000000002,0.004049144685268402
1218,206679,65.30000000000035,12,544,0.010000000000000002,0.019770892336964607
1219,206816,13.599999999999968,1,137,0.010000000000000002,0.0032690949738025665
1220,206953,13.599999999999968,1,137,0.010000000000000002,0.0037548509426414967
1221,207063,9.899999999999977,0,110,0.010000000000000002,0.009399455972015858
1222,207253,20.900000000000023,3,190,0.010000000000000002,0.21004359424114227
1223,207427,18.3,2,174,0.010000000000000002,0.0026023925747722387
1224,207528,8.99999999999998,0,101,0.010000000000000002,0.00287281209602952
1225,207685,16.599999999999977,2,157,0.010000000000000002,0.002765081822872162
1226,207977,33.100000000000165,5,292,0.010000000000000002,0.0035757743753492832
1227,208537,67.90000000000026,13,560,0.010000000000000002,0.0019248068565502763
1228,208658,11.999999999999973,1,121,0.010000000000000002,0.40096864104270935
1229,208772,11.299999999999976,1,114,0.010000000000000002,0.004132659174501896
1230,209176,47.300000000000324,8,404,0.010000000000000002,0.0021173153072595596
1231,209621,53.40000000000038,10,445,0.010000000000000002,0.016900617629289627
1232,209795,18.3,2,174,0.010000000000000002,0.199054554104805
1233,210339,65.30000000000035,12,544,0.010000000000000002,0.0021372567862272263
1234,210460,11.999999999999973,1,121,0.010000000000000002,0.003068310208618641
1235,210749,32.80000000000016,5,289,0.010000000000000002,0.0016956815961748362
1236,211200,54.00000000000039,10,451,0.010000000000000002,0.004195215180516243
1237,211906,86.49999999999943,17,706,0.010000000000000002,0.01363042276352644
1238,212524,74.69999999999993,14,618,0.010000000000000002,0.003325479570776224
1239,212789,30.40000000000013,5,265,0.010000000000000002,0.0024463688023388386
1240,214183,173.29999999999552,35,1394,0.010000000000000002,0.016850944608449936
1241,214727,65.30000000000035,12,544,0.010000000000000002,0.0014040707610547543
1242,214845,11.699999999999974,1,118,0.010000000000000002,0.0032465350814163685
1243,215248,47.20000000000032,8,403,0.010000000000000002,0.046844784170389175
1244,215496,27.700000000000106,4,248,0.010000000000000002,0.0029812974389642477
1245,215633,13.599999999999968,1,137,0.010000000000000002,0.026427004486322403
1246,215734,8.99999999999998,0,101,0.010000000000000002,0.16618022322654724
1247,215944,22.900000000000052,3,210,0.010000000000000002,0.0030742355156689882
1248,216123,18.800000000000008,2,179,0.010000000000000002,0.0015717614442110062
1249,216568,53.40000000000038,10,445,0.010000000000000002,0.18724672496318817
1250,216788,23.900000000000066,3,220,0.010000000000000002,0.0034653672482818365
1251,216925,13.599999999999968,1,137,0.010000000000000002,0.001589386723935604
1252,217340,49.40000000000034,9,415,0.010000000000000002,0.0017724232748150826
1253,217550,22.900000000000052,3,210,0.010000000000000002,0.003653043182566762
1254,217805,28.400000000000116,4,255,0.010000000000000002,0.003965538460761309
1255,218459,79.29999999999973,15,654,0.010000000000000002,0.19854363799095154
1256,218707,27.700000000000106,4,248,0.010000000000000002,0.23904694616794586
1257,218925,23.700000000000063,3,218,0.010000000000000002,0.20559467375278473
1258,219026,8.99999999999998,0,101,0.010000000000000002,0.015445456840097904
1259,219458,51.100000000000364,9,432,0.010000000000000002,0.004237087909132242
1260,219559,8.99999999999998,0,101,0.010000000000000002,0.0014119157567620277
1261,219789,25.90000000000008,4,230,0.010000000000000002,0.0026587271131575108
1262,219963,18.3,2,174,0.010000000000000002,0.2009107619524002
1263,220655,84.09999999999951,16,692,0.010000000000000002,0.001157212071120739
1264,220923,30.700000000000134,5,268,0.010000000000000002,0.014507506974041462
1265,221290,42.60000000000027,7,367,0.010000000000000002,0.0015602391213178635
1266,221399,9.799999999999978,0,109,0.010000000000000002,0.0016567094717174768
1267,222239,102.89999999999867,20,840,0.010000000000000002,0.01177752111107111
1268,222396,16.599999999999977,2,157,0.010000000000000002,0.0025028616655617952
1269,222542,14.499999999999964,1,146,0.010000000000000002,0.0016473899595439434
1270,222771,25.80000000000008,4,229,0.010000000000000002,0.0017707953229546547
1271,223167,46.50000000000031,8,396,0.010000000000000002,0.19595804810523987
1272,223933,93.49999999999909,18,766,0.010000000000000002,0.04327578470110893
1273,224439,60.50000000000047,11,506,0.010000000000000002,0.17956730723381042
1274,224945,60.50000000000047,11,506,0.010000000000000002,0.0029043189715594053
1275,225341,46.50000000000031,8,396,0.010000000000000002,0.34731292724609375
1276,225625,32.30000000000015,5,284,0.010000000000000002,0.024541670456528664
1277,225775,15.899999999999967,2,150,0.010000000000000002,0.002613479271531105
1278,226330,66.40000000000029,12,555,0.010000000000000002,0.005111273378133774
1279,226504,18.3,2,174,0.010000000000000002,0.002483320189639926
1280,226654,15.899999999999967,2,150,0.010000000000000002,0.004595698323100805
1281,226762,9.699999999999978,0,108,0.010000000000000002,0.0023760616313666105
1282,227025,30.200000000000127,5,263,0.010000000000000002,0.0021198964677751064
1283,227368,40.20000000000024,7,343,0.010000000000000002,0.005799128673970699
1284,227595,25.600000000000076,4,227,0.010000000000000002,0.03754642605781555
1285,227879,32.30000000000015,5,284,0.010000000000000002,0.0033177982550114393
1286,228053,18.3,2,174,0.010000000000000002,0.03329182416200638
1287,228190,13.599999999999968,1,137,0.010000000000000002,0.003283723257482052
1288,228474,32.30000000000015,5,284,0.010000000000000002,0.00258117588236928
1289,228740,30.50000000000013,5,266,0.010000000000000002,0.0012257271446287632
1290,229035,33.40000000000017,5,295,0.010000000000000002,0.002289821859449148
1291,229136,8.99999999999998,0,101,0.010000000000000002,0.0049366941675543785
1292,229811,82.39999999999961,16,675,0.010000000000000002,0.0016288749175146222
1293,230210,46.80000000000032,8,399,0.010000000000000002,0.009713787585496902
1294,230405,21.40000000000003,3,195,0.010000000000000002,0.007828129455447197
1295,230985,69.90000000000015,13,580,0.010000000000000002,0.002611621282994747
1296,231343,41.70000000000026,7,358,0.010000000000000002,0.0076156798750162125
1297,231553,22.900000000000052,3,210,0.010000000000000002,0.006869283504784107
1298,231891,39.70000000000023,7,338,0.010000000000000002,0.022250864654779434
1299,231992,8.99999999999998,0,101,0.010000000000000002,0.003967330325394869
1300,232129,13.599999999999968,1,137,0.010000000000000002,0.0009476689156144857
1301,232303,18.3,2,174,0.010000000000000002,0.0021818506065756083
1302,232828,63.40000000000046,12,525,0.010000000000000002,0.0014692260883748531
1303,233090,30.100000000000126,5,262,0.010000000000000002,0.0028202873654663563
1304,233560,55.90000000000042,10,470,0.010000000000000002,0.1798427850008011
1305,233770,22.900000000000052,3,210,0.010000000000000002,0.002015572041273117
1306,233980,22.900000000000052,3,210,0.010000000000000002,0.0032159925904124975
1307,234450,55.90000000000042,10,470,0.010000000000000002,0.20705802738666534
1308,234704,28.300000000000114,4,254,0.010000000000000002,0.2005661278963089
1309,235210,60.50000000000047,11,506,0.010000000000000002,0.03743468225002289
1310,235388,18.700000000000006,2,178,0.010000000000000002,0.0020918522495776415
1311,235531,14.199999999999966,1,143,0.010000000000000002,0.2026808261871338
1312,235637,9.499999999999979,0,106,0.010000000000000002,0.0035714558325707912
1313,235847,22.900000000000052,3,210,0.010000000000000002,0.002416935982182622
1314,236257,48.90000000000033,9,410,0.010000000000000002,0.004246927797794342
1315,236413,16.499999999999975,2,156,0.010000000000000002,0.00984316784888506
1316,236741,37.700000000000216,6,328,0.010000000000000002,0.19444572925567627
1317,237380,77.79999999999981,15,639,0.010000000000000002,0.002638121834024787
1318,237500,11.899999999999974,1,120,0.010000000000000002,0.005819225218147039
1319,237802,35.10000000000018,6,302,0.010000000000000002,0.0029717241413891315
1320,238027,25.400000000000073,4,225,0.010000000000000002,0.2129281908273697
1321,238164,13.599999999999968,1,137,0.010000000000000002,0.015659388154745102
1322,238338,18.3,2,174,0.010000000000000002,0.0052003320306539536
1323,239125,96.59999999999897,19,787,0.010000000000000002,0.002799371490254998
1324,239279,16.299999999999972,2,154,0.010000000000000002,0.0024303733371198177
1325,239510,26.00000000000008,4,231,0.010000000000000002,0.0021849260665476322
1326,239812,35.10000000000018,6,302,0.010000000000000002,0.003600319381803274
1327,240504,84.09999999999951,16,692,0.010000000000000002,0.0052657038904726505
1328,240735,26.00000000000008,4,231,0.010000000000000002,0.009648671373724937
1329,241510,94.39999999999904,18,775,0.010000000000000002,0.002530451864004135
1330,241770,29.900000000000123,5,260,0.010000000000000002,0.0018583402270451188
1331,242107,39.60000000000023,7,337,0.010000000000000002,0.009909894317388535
1332,242302,21.40000000000003,3,195,0.010000000000000002,0.005012563895434141
1333,242707,47.400000000000325,8,405,0.010000000000000002,0.001899945898912847
1334,242976,30.800000000000136,5,269,0.010000000000000002,0.20937080681324005
1335,243271,33.40000000000017,5,295,0.010000000000000002,0.0016777203418314457
1336,243489,23.700000000000063,3,218,0.010000000000000002,0.0026619182899594307
1337,243646,16.599999999999977,2,157,0.010000000000000002,0.2343539297580719
1338,243841,21.40000000000003,3,195,0.010000000000000002,0.0039031365886330605
1339,244237,46.50000000000031,8,396,0.010000000000000002,0.0017887658905237913
1340,244559,37.10000000000021,6,322,0.010000000000000002,0.004995856434106827
1341,244754,21.40000000000003,3,195,0.010000000000000002,0.001924402080476284
1342,244928,18.3,2,174,0.010000000000000002,0.007990725338459015
1343,245145,23.600000000000062,3,217,0.010000000000000002,0.0039019715040922165
1344,245394,27.800000000000107,4,249,0.010000000000000002,0.013004854321479797
1345,245938,65.30000000000035,12,544,0.010000000000000002,0.01304792519658804
1346,246112,18.3,2,174,0.010000000000000002,0.0015499276341870427
1347,246268,16.499999999999975,2,156,0.010000000000000002,0.005145334172993898
1348,246377,9.799999999999978,0,109,0.010000000000000002,0.002557286759838462
1349,246479,9.09999999999998,0,102,0.010000000000000002,0.0020871534943580627
1350,246580,8.99999999999998,0,101,0.010000000000000002,0.0010852498235180974
1351,246921,40.000000000000234,7,341,0.010000000000000002,0.0035116933286190033
1352,247022,8.99999999999998,0,101,0.010000000000000002,0.0031384117901325226
1353,247239,23.600000000000062,3,217,0.010000000000000002,0.004014491569250822
1354,247487,27.700000000000106,4,248,0.010000000000000002,0.002795109059661627
1355,247661,18.3,2,174,0.010000000000000002,0.0014279547613114119
1356,247835,18.3,2,174,0.010000000000000002,0.0028095808811485767
1357,247936,8.99999999999998,0,101,0.010000000000000002,0.0016996089834719896
1358,248353,49.60000000000034,9,417,0.010000000000000002,0.0018264930695295334
1359,248675,37.10000000000021,6,322,0.010000000000000002,0.0057980152778327465
1360,248849,18.3,2,174,0.010000000000000002,0.20534667372703552
1361,249179,37.90000000000022,6,330,0.010000000000000002,0.00199973420239985
1362,249353,18.3,2,174,0.010000000000000002,0.0024886722676455975
1363,249454,8.99999999999998,0,101,0.010000000000000002,0.002770352177321911
1364,249670,23.50000000000006,3,216,0.010000000000000002,0.002625546185299754
1365,249918,27.700000000000106,4,248,0.010000000000000002,0.01130945235490799
1366,250039,11.999999999999973,1,121,0.010000000000000002,0.0277427788823843
1367,250196,16.599999999999977,2,157,0.010000000000000002,0.003586877603083849
1368,250406,22.900000000000052,3,210,0.010000000000000002,0.0032154556829482317
1369,250513,9.599999999999978,0,107,0.010000000000000002,0.020203564316034317
1370,250779,30.50000000000013,5,266,0.010000000000000002,0.0070481132715940475
1371,250953,18.3,2,174,0.010000000000000002,0.0028321959543973207
1372,251332,44.80000000000029,8,379,0.010000000000000002,0.001427125884220004
1373,251469,13.599999999999968,1,137,0.010000000000000002,0.0028824598994106054
1374,251700,26.00000000000008,4,231,0.010000000000000002,0.001647972734645009
1375,251818,11.699999999999974,1,118,0.010000000000000002,0.0017190211219713092
1376,251936,11.699999999999974,1,118,0.010000000000000002,0.001958277774974704
1377,252093,16.599999999999977,2,157,0.010000000000000002,0.002573856618255377
1378,252203,9.899999999999977,0,110,0.010000000000000002,0.003847031854093075
1379,252804,73.00000000000003,14,601,0.010000000000000002,0.0024114970583468676
1380,253310,60.50000000000047,11,506,0.010000000000000002,0.0017541965935379267
1381,253520,22.900000000000052,3,210,0.010000000000000002,0.014632738195359707
1382,253657,13.599999999999968,1,137,0.010000000000000002,0.0017613809322938323
1383,254349,84.09999999999951,16,692,0.010000000000000002,0.0035983663983643055
1384,254611,30.100000000000126,5,262,0.010000000000000002,0.0024993526749312878
1385,255620,124.79999999999771,25,1009,0.010000000000000002,0.003772887634113431
1386,255830,22.900000000000052,3,210,0.010000000000000002,0.0019930596463382244
1387,256023,21.200000000000028,3,193,0.010000000000000002,0.001570591819472611
1388,256144,11.999999999999973,1,121,0.010000000000000002,0.0033210348337888718
1389,256413,30.800000000000136,5,269,0.010000000000000002,0.0030096210539340973
1390,256630,23.600000000000062,3,217,0.010000000000000002,0.00597921060398221
1391,256914,32.30000000000015,5,284,0.010000000000000002,0.0015228583943098783
1392,257236,37.10000000000021,6,322,0.010000000000000002,0.002073821844533086
1393,257446,22.900000000000052,3,210,0.010000000000000002,0.001247320557013154
1394,257656,22.900000000000052,3,210,0.010000000000000002,0.01180973369628191
1395,257869,23.200000000000056,3,213,0.010000000000000002,0.004818106070160866
1396,258064,21.40000000000003,3,195,0.010000000000000002,0.0025026018265634775
1397,258777,87.19999999999939,17,713,0.010000000000000002,0.007385519333183765
1398,258932,16.399999999999974,2,155,0.010000000000000002,0.002932004164904356
1399,259053,11.999999999999973,1,121,0.010000000000000002,0.1976655274629593
1400,259196,14.199999999999966,1,143,0.010000000000000002,0.002122277859598398
1401,259574,44.70000000000029,8,378,0.010000000000000002,0.004426172003149986
1402,259858,32.30000000000015,5,284,0.010000000000000002,0.002518170280382037
1403,260000,14.099999999999966,1,142,0.010000000000000002,0.0024810212198644876
1404,260623,75.1999999999999,14,623,0.010000000000000002,0.00468085752800107
1405,260799,18.500000000000004,2,176,0.010000000000000002,0.0027190339751541615
1406,261617,100.6999999999988,20,818,0.010000000000000002,0.004298567771911621
1407,261865,27.700000000000106,4,248,0.010000000000000002,0.014972779899835587
1408,261966,8.99999999999998,0,101,0.010000000000000002,0.0014089189935475588
1409,262156,20.900000000000023,3,190,0.010000000000000002,0.00894145667552948
1410,262662,60.50000000000047,11,506,0.010000000000000002,0.0009296854259446263
1411,262856,21.30000000000003,3,194,0.010000000000000002,0.002260844223201275
1412,263066,22.900000000000052,3,210,0.010000000000000002,0.1918218731880188
1413,263335,30.800000000000136,5,269,0.010000000000000002,0.20116256177425385
1414,263626,33.00000000000016,5,291,0.010000000000000002,0.003340073861181736
1415,263746,11.899999999999974,1,120,0.010000000000000002,0.0014468610752373934
1416,264073,37.600000000000215,6,327,0.010000000000000002,0.002798141911625862
1417,264174,8.99999999999998,0,101,0.010000000000000002,0.005916744936257601
1418,264422,27.700000000000106,4,248,0.010000000000000002,0.0014712712727487087
1419,264652,25.90000000000008,4,230,0.010000000000000002,0.0202871672809124
1420,264769,11.599999999999975,1,117,0.010000000000000002,0.002238902961835265
1421,265127,41.70000000000026,7,358,0.010000000000000002,0.008499054238200188
1422,265264,13.599999999999968,1,137,0.010000000000000002,0.10415023565292358
1423,265365,8.99999999999998,0,101,0.010000000000000002,0.0019041714258491993
1424,265466,8.99999999999998,0,101,0.010000000000000002,0.00331693678162992
1425,265567,8.99999999999998,0,101,0.010000000000000002,0.0018099454464390874
1426,265762,21.40000000000003,3,195,0.010000000000000002,0.0014617122942581773
1427,265902,13.899999999999967,1,140,0.010000000000000002,0.0025679278187453747
1428,266003,8.99999999999998,0,101,0.010000000000000002,0.20445634424686432
1429,266104,8.99999999999998,0,101,0.010000000000000002,0.004930468276143074
1430,266257,16.19999999999997,2,153,0.010000000000000002,0.007876407355070114
1431,266450,21.200000000000028,3,193,0.010000000000000002,0.20378044247627258
1432,266551,8.99999999999998,0,101,0.010000000000000002,0.009004437364637852
1433,266688,13.599999999999968,1,137,0.010000000000000002,0.002651338931173086
1434,266789,8.99999999999998,0,101,0.010000000000000002,0.003250765148550272
1435,266929,13.899999999999967,1,140,0.010000000000000002,0.002129519125446677
1436,267325,46.50000000000031,8,396,0.010000000000000002,0.1919051855802536
1437,267906,70.00000000000014,13,581,0.010000000000000002,0.009489837102591991
1438,268007,8.99999999999998,0,101,0.010000000000000002,0.001965417293831706
1439,268108,8.99999999999998,0,101,0.010000000000000002,0.0023365274537354708
1440,268578,55.90000000000042,10,470,0.010000000000000002,0.002477331319823861
1441,268772,21.30000000000003,3,194,0.010000000000000002,0.003112077247351408
1442,269041,30.800000000000136,5,269,0.010000000000000002,0.0016357445856556296
1443,269194,16.19999999999997,2,153,0.010000000000000002,0.015867916867136955
1444,269303,9.799999999999978,0,109,0.010000000000000002,0.006078059785068035
1445,269404,8.99999999999998,0,101,0.010000000000000002,0.0017319772159680724
1446,269505,8.99999999999998,0,101,0.010000000000000002,0.002687003230676055
1447,269920,49.40000000000034,9,415,0.010000000000000002,0.0030640680342912674
1448,270057,13.599999999999968,1,137,0.010000000000000002,0.00595930777490139
1449,270379,37.10000000000021,6,322,0.010000000000000002,0.00409729266539216
1450,270601,25.10000000000007,4,222,0.010000000000000002,0.0010128850117325783
1451,270906,35.40000000000018,6,305,0.010000000000000002,0.025899680331349373
1452,271043,13.599999999999968,1,137,0.010000000000000002,0.018758200109004974
1453,271253,22.900000000000052,3,210,0.010000000000000002,0.0034289206378161907
1454,271390,13.599999999999968,1,137,0.010000000000000002,0.0013978052884340286
1455,271509,11.799999999999974,1,119,0.010000000000000002,0.003761239815503359
1456,271960,54.00000000000039,10,451,0.010000000000000002,0.004761215299367905
1457,272001,3.0000000000000018,0,41,0.010000000000000002,0.0026959555689245462
1458,272083,7.099999999999987,0,82,0.010000000000000002,0.00392451835796237
1459,272185,9.09999999999998,0,102,0.010000000000000002,0.0050443848595023155
1460,272518,38.20000000000022,6,333,0.010000000000000002,0.2069200724363327
1461,272702,19.300000000000015,2,184,0.010000000000000002,0.003447782015427947
1462,272803,8.99999999999998,0,101,0.010000000000000002,0.0012068834621459246
1463,272989,20.500000000000018,3,186,0.010000000000000002,0.005764042027294636
1464,273184,21.40000000000003,3,195,0.010000000000000002,0.0016762495506554842
1465,273285,8.99999999999998,0,101,0.010000000000000002,0.0019069307018071413
1466,273737,54.10000000000039,10,452,0.010000000000000002,0.004143398720771074
1467,274077,39.90000000000023,7,340,0.010000000000000002,0.007285405416041613
1468,274453,44.500000000000284,8,376,0.010000000000000002,0.0012275871122255921
1469,274634,19.00000000000001,2,181,0.010000000000000002,0.006143983453512192
1470,274925,33.00000000000016,5,291,0.010000000000000002,0.20377786457538605
1471,275103,18.700000000000006,2,178,0.010000000000000002,0.0032399047631770372
1472,275366,30.200000000000127,5,263,0.010000000000000002,0.20047171413898468
1473,275553,20.60000000000002,3,187,0.010000000000000002,0.18307165801525116
1474,275774,24.000000000000068,3,221,0.010000000000000002,0.0026474057231098413
1475,275911,13.599999999999968,1,137,0.010000000000000002,0.0015795580111443996
1476,276437,63.500000000000455,12,526,0.010000000000000002,0.0025351978838443756
1477,276617,18.90000000000001,2,180,0.010000000000000002,0.0016275218222290277
1478,276734,11.599999999999975,1,117,0.010000000000000002,0.0033961639273911715
1479,276845,9.999999999999977,0,111,0.010000000000000002,0.2096368670463562
1480,277113,30.700000000000134,5,268,0.010000000000000002,0.002222847891971469
1481,277287,18.3,2,174,0.010000000000000002,0.0020672909449785948
1482,277396,9.799999999999978,0,109,0.010000000000000002,0.0018981394823640585
1483,277627,26.00000000000008,4,231,0.010000000000000002,0.003740561194717884
1484,278077,53.90000000000039,10,450,0.010000000000000002,0.0061250897124409676
1485,278258,19.00000000000001,2,181,0.010000000000000002,0.004462438635528088
1486,278432,18.3,2,174,0.010000000000000002,0.013516436330974102
1487,278584,16.09999999999997,2,152,0.010000000000000002,0.001305692712776363
1488,278852,30.700000000000134,5,268,0.010000000000000002,0.0037521591875702143
1489,279229,44.600000000000286,8,377,0.010000000000000002,0.004047388676553965
1490,279330,8.99999999999998,0,101,0.010000000000000002,0.0014348411932587624
1491,279362,2.1000000000000014,0,32,0.010000000000000002,0.079640693962574
1492,279536,18.3,2,174,0.010000000000000002,0.007242530584335327
1493,279653,11.599999999999975,1,117,0.010000000000000002,0.0018532878020778298
1494,280085,51.100000000000364,9,432,0.010000000000000002,0.002501262817531824
1495,280302,23.600000000000062,3,217,0.010000000000000002,0.00943016167730093
1496,280455,16.19999999999997,2,153,0.010000000000000002,0.20717786252498627
1497,280757,35.10000000000018,6,302,0.010000000000000002,0.0012817353708669543
1498,280951,21.30000000000003,3,194,0.010000000000000002,0.005638668313622475
1499,281161,22.900000000000052,3,210,0.010000000000000002,0.003533885581418872
1500,281298,13.599999999999968,1,137,0.010000000000000002,0.0013796051498502493
1501,281582,32.30000000000015,5,284,0.010000000000000002,0.0013104041572660208
1502,281830,27.700000000000106,4,248,0.010000000000000002,0.231739342212677
1503,281877,3.5999999999999996,0,47,0.010000000000000002,0.2027004063129425
1504,282051,18.3,2,174,0.010000000000000002,0.2074703574180603
1505,282374,37.20000000000021,6,323,0.010000000000000002,0.016490396112203598
1506,282492,11.699999999999974,1,118,0.010000000000000002,0.001593348802998662
1507,282740,27.700000000000106,4,248,0.010000000000000002,0.004295366816222668
1508,282877,13.599999999999968,1,137,0.010000000000000002,0.004160366486757994
1509,283347,55.90000000000042,10,470,0.010000000000000002,0.002181944902986288
1510,283557,22.900000000000052,3,210,0.010000000000000002,0.18445363640785217
1511,283767,22.900000000000052,3,210,0.010000000000000002,0.0028115655295550823
1512,283887,11.899999999999974,1,120,0.010000000000000002,0.001912549021653831
1513,284115,25.700000000000077,4,228,0.010000000000000002,0.006124390289187431
1514,284457,40.100000000000236,7,342,0.010000000000000002,0.18549445271492004
1515,284667,22.900000000000052,3,210,0.010000000000000002,0.0017558257095515728
1516,284714,3.5999999999999996,0,47,0.010000000000000002,0.005123604089021683
1517,285239,63.40000000000046,12,525,0.010000000000000002,0.00750566553324461
1518,285466,25.600000000000076,4,227,0.010000000000000002,0.0010916950413957238
1519,285956,58.900000000000446,11,490,0.010000000000000002,0.001018406474031508
1520,286093,13.599999999999968,1,137,0.010000000000000002,0.01151692308485508
1521,286914,100.99999999999878,20,821,0.010000000000000002,0.0014504790306091309
1522,287056,14.099999999999966,1,142,0.010000000000000002,0.002085924381390214
1523,287088,2.1000000000000014,0,32,0.010000000000000002,0.013173069804906845
1524,287372,32.30000000000015,5,284,0.010000000000000002,0.006684383377432823
1525,287561,20.800000000000022,3,189,0.010000000000000002,0.002634435659274459
1526,287662,8.99999999999998,0,101,0.010000000000000002,0.03599991649389267
1527,287819,16.599999999999977,2,157,0.010000000000000002,0.1865793615579605
1528,288014,21.40000000000003,3,195,0.010000000000000002,0.0007211270276457071
1529,288278,30.30000000000013,5,264,0.010000000000000002,0.0026555045042186975
1530,288415,13.599999999999968,1,137,0.010000000000000002,0.0013577352510765195
1531,288713,34.70000000000017,6,298,0.010000000000000002,0.0947856530547142
1532,289128,49.40000000000034,9,415,0.010000000000000002,0.0017039509257301688
1533,289388,29.900000000000123,5,260,0.010000000000000002,0.001812688889913261
1534,289564,18.500000000000004,2,176,0.010000000000000002,0.0018593731801956892
1535,289738,18.3,2,174,0.010000000000000002,0.0037061215844005346
1536,289960,25.10000000000007,4,222,0.010000000000000002,0.17085766792297363
1537,289994,2.3000000000000016,0,34,0.010000000000000002,0.0037568770349025726
1538,290168,18.3,2,174,0.010000000000000002,0.0018975846469402313
1539,290378,22.900000000000052,3,210,0.010000000000000002,0.003399892244488001
1540,290491,11.199999999999976,1,113,0.010000000000000002,0.0010470683919265866
1541,290665,18.3,2,174,0.010000000000000002,0.002974970731884241
1542,290841,18.500000000000004,2,176,0.010000000000000002,0.03477552905678749
1543,291459,74.69999999999993,14,618,0.010000000000000002,0.20461419224739075
1544,291675,23.50000000000006,3,216,0.010000000000000002,0.002062213374301791
1545,292033,41.70000000000026,7,358,0.010000000000000002,0.0019415998831391335
1546,292619,70.50000000000011,13,586,0.010000000000000002,0.0022715115919709206
1547,292903,32.30000000000015,5,284,0.010000000000000002,0.0013770083896815777
1548,293187,32.30000000000015,5,284,0.010000000000000002,0.0013759301509708166
1549,293416,25.80000000000008,4,229,0.010000000000000002,0.0010504918172955513
1550,293553,13.599999999999968,1,137,0.010000000000000002,0.0017129729967564344
1551,293890,39.60000000000023,7,337,0.010000000000000002,0.2037394642829895
1552,293991,8.99999999999998,0,101,0.010000000000000002,0.002410170855000615
1553,294362,44.00000000000028,8,371,0.010000000000000002,0.004023415502160788
1554,294832,55.90000000000042,10,470,0.010000000000000002,0.0025282891001552343
1555,295390,67.70000000000027,13,558,0.010000000000000002,0.015376957133412361
1556,295491,8.99999999999998,0,101,0.010000000000000002,0.22003579139709473
1557,295592,8.99999999999998,0,101,0.010000000000000002,0.01546571496874094
1558,295779,20.60000000000002,3,187,0.010000000000000002,0.0021153842099010944
1559,295880,8.99999999999998,0,101,0.010000000000000002,0.0018061520531773567
1560,296294,49.30000000000034,9,414,0.010000000000000002,0.02034713700413704
1561,296395,8.99999999999998,0,101,0.010000000000000002,0.0010379231534898281
1562,296643,27.700000000000106,4,248,0.010000000000000002,0.004756204783916473
1563,296744,8.99999999999998,0,101,0.010000000000000002,0.005406329873949289
1564,297079,39.400000000000226,7,335,0.010000000000000002,0.019240975379943848
1565,297111,2.1000000000000014,0,32,0.010000000000000002,0.007474248763173819
1566,297268,16.599999999999977,2,157,0.010000000000000002,0.0009192941943183541
1567,297442,18.3,2,174,0.010000000000000002,0.002558694686740637
1568,297814,44.10000000000028,8,372,0.010000000000000002,0.00284898211248219
1569,297915,8.99999999999998,0,101,0.010000000000000002,0.0019289471674710512
1570,298273,41.70000000000026,7,358,0.010000000000000002,0.0024897856637835503
1571,298595,37.10000000000021,6,322,0.010000000000000002,0.0019984168466180563
1572,298715,11.899999999999974,1,120,0.010000000000000002,0.0012119942111894488
1573,298852,13.599999999999968,1,137,0.010000000000000002,0.2029479444026947
1574,299038,20.500000000000018,3,186,0.010000000000000002,0.0009704349213279784
1575,299373,39.400000000000226,7,335,0.010000000000000002,0.003960463684052229
1576,299657,32.30000000000015,5,284,0.010000000000000002,0.0022298574913293123
1577,299905,27.700000000000106,4,248,0.010000000000000002,0.0010845004580914974
